DateTime,1:*Refrigerant type,12:Op mode,13:Therm. on/off,14:Restart standby,15:Startup ctrl,16:Defrost op.,17:Oil ret op.,19:Demand signal,20:Low noise ctrl.,21:Freeze protection,37:Error type,38:Error code,41:Disch temp. drop,42:Disch prtc rtry qty,43:INV cur. drop,44:INV cur prtc rtry qty,45:HP drop ctrl.,46:HP prtc rtry qty,47:LP drop ctrl.,48:LP prtc rtry qty,49:Fin temp drop ctr,50:Fin tmp prtc rtry qty,51:Other drop ctrl.,52:Retry code,53:Demand %,55:Outdoor air temp.(F),56:ODU hex temp.(F),57:Disch temp.(F),58:Suction temp.(F),59:ODU hex mid temp.(F),60:Liquid pipe temp.(F),61:High pressure(psi),62:Low pressure(psi),63:Cond temp(F),64:Evap temp(F),65:Target SC,66:INV prim cur(A),67:INV scnd cur(A),68:INV fin temp.(F),69:Fan1 Fin temp.(F),71:Sys. Op. Current,72:Fan current1 (A),77:Comp (rps),78:Fan (step),79:EV (pls),80:4way vlv (off:energizing/on:de-energizing),88:SV (hot gas),104:Comp op command,105:Fan op command,107:Trgt comp. (rps),108:Target OU_fan (rpm),109:OU Fan (rpm),112:IDU address,113:Indoor operation mode,116:Error code,121:Indoor liquid temp.(F),122:Indoor gas temp.(F),123:IDU EV (pls),125:Request CFM(x10),126:Present CFM(x10),127:Indoor pressure(psi),128:Target SH(F)
2026/06/15 14:02:50,R32,Cooling,ON,OFF,OFF,OFF,OFF,OFF,OFF,OFF,Normal,00,OFF,0,OFF,0,OFF,0,OFF,0,OFF,0,OFF,0,100,76.3,78.6,81.9,63.3,78.8,72.1,237.5,179.2,79.0,61.5,---,1.7,1.2,85.5,32.0,2.2,0.5,31,7,327,OFF,OFF,ON,ON,30,770,770,0,Cooling,00,64.9,239.4,480,71,70,177.8,18.0
2026/06/15 14:02:55,R32,Cooling,ON,OFF,OFF,OFF,OFF,OFF,OFF,OFF,Normal,00,OFF,0,OFF,0,OFF,0,OFF,0,OFF,0,OFF,0,100,76.5,78.8,81.9,63.3,79.0,72.1,237.5,179.2,79.0,61.5,---,1.7,1.2,85.6,32.0,2.2,0.5,31,7,327,OFF,OFF,ON,ON,30,770,770,0,Cooling,00,64.9,239.4,480,71,70,177.8,18.0
2026/06/15 14:03:00,R32,Cooling,ON,OFF,OFF,OFF,OFF,OFF,OFF,OFF,Normal,00,OFF,0,OFF,0,OFF,0,OFF,0,OFF,0,OFF,0,100,76.3,78.8,82.2,63.3,79.0,72.1,237.5,179.2,79.0,61.5,---,1.7,1.2,85.1,32.0,2.2,0.5,31,7,327,OFF,OFF,ON,ON,30,770,765,0,Cooling,00,64.9,241.3,480,71,70,176.4,18.0
2026/06/15 14:03:05,R32,Cooling,ON,OFF,OFF,OFF,OFF,OFF,OFF,OFF,Normal,00,OFF,0,OFF,0,OFF,0,OFF,0,OFF,0,OFF,0,100,76.3,78.8,81.9,63.3,79.0,72.0,237.5,179.2,79.0,61.5,---,1.7,1.2,85.1,32.0,2.2,0.5,31,7,327,OFF,OFF,ON,ON,30,770,770,0,Cooling,00,64.9,241.3,480,71,70,176.4,18.0
2026/06/15 14:03:10,R32,Cooling,ON,OFF,OFF,OFF,OFF,OFF,OFF,OFF,Normal,00,OFF,0,OFF,0,OFF,0,OFF,0,OFF,0,OFF,0,100,76.3,79.0,81.9,63.3,79.0,72.1,237.5,179.2,79.0,61.5,---,1.7,1.2,85.1,32.0,2.2,0.5,31,7,327,OFF,OFF,ON,ON,30,770,770,0,Cooling,00,64.9,241.3,480,71,70,176.4,18.0
2026/06/15 14:03:15,R32,Cooling,ON,OFF,OFF,OFF,OFF,OFF,OFF,OFF,Normal,00,OFF,0,OFF,0,OFF,0,OFF,0,OFF,0,OFF,0,100,76.3,79.0,82.2,63.3,79.2,72.1,237.5,179.2,79.2,61.7,---,1.7,1.2,85.1,32.0,2.2,0.5,31,7,327,OFF,OFF,ON,ON,30,770,770,0,Cooling,00,64.9,241.3,480,71,70,176.4,18.0
2026/06/15 14:03:20,R32,Cooling,ON,OFF,OFF,OFF,OFF,OFF,OFF,OFF,Normal,00,OFF,0,OFF,0,OFF,0,OFF,0,OFF,0,OFF,0,100,76.5,79.2,82.2,63.3,79.2,72.1,237.5,179.2,79.2,61.7,---,1.7,1.2,85.5,32.0,2.2,0.5,31,7,327,OFF,OFF,ON,ON,30,770,770,0,Cooling,00,65.1,241.3,480,71,70,177.8,18.0
2026/06/15 14:03:25,R32,Cooling,ON,OFF,OFF,OFF,OFF,OFF,OFF,OFF,Normal,00,OFF,0,OFF,0,OFF,0,OFF,0,OFF,0,OFF,0,100,76.5,79.0,82.2,63.3,79.3,72.3,237.5,179.2,79.2,61.9,---,1.7,1.2,85.5,32.0,2.2,0.5,31,7,327,OFF,OFF,ON,ON,30,770,770,0,Cooling,00,65.1,241.3,480,71,70,177.8,18.0
2026/06/15 14:03:30,R32,Cooling,ON,OFF,OFF,OFF,OFF,OFF,OFF,OFF,Normal,00,OFF,0,OFF,0,OFF,0,OFF,0,OFF,0,OFF,0,100,76.6,79.2,82.2,63.3,79.3,72.1,238.9,179.2,79.3,61.9,---,1.7,1.2,86.0,32.0,2.2,0.5,31,7,327,OFF,OFF,ON,ON,30,770,770,0,Cooling,00,65.1,241.3,480,71,70,177.8,18.0
2026/06/15 14:03:35,R32,Cooling,ON,OFF,OFF,OFF,OFF,OFF,OFF,OFF,Normal,00,OFF,0,OFF,0,OFF,0,OFF,0,OFF,0,OFF,0,100,76.6,79.2,82.2,63.3,79.3,72.3,238.9,179.2,79.3,61.7,---,1.7,1.2,85.6,32.0,2.2,0.5,31,7,327,OFF,OFF,ON,ON,30,770,770,0,Cooling,00,65.1,241.3,480,71,70,177.8,18.0
2026/06/15 14:03:40,R32,Cooling,ON,OFF,OFF,OFF,OFF,OFF,OFF,OFF,Normal,00,OFF,0,OFF,0,OFF,0,OFF,0,OFF,0,OFF,0,100,76.6,79.0,82.2,63.3,79.3,72.1,238.9,179.2,79.3,61.5,---,1.7,1.2,86.0,32.0,2.2,0.5,31,7,327,OFF,OFF,ON,ON,32,770,770,0,Cooling,00,65.1,241.3,480,71,70,177.8,18.0
2026/06/15 14:03:45,R32,Cooling,ON,OFF,OFF,OFF,OFF,OFF,OFF,OFF,Normal,00,OFF,0,OFF,0,OFF,0,OFF,0,OFF,0,OFF,0,100,76.8,79.0,82.2,63.5,79.2,72.1,238.9,177.8,79.3,61.3,---,1.7,1.2,85.1,32.0,2.2,0.5,32,7,327,OFF,OFF,ON,ON,32,770,770,0,Cooling,00,65.1,241.3,480,71,70,177.8,18.0
2026/06/15 14:03:50,R32,Cooling,ON,OFF,OFF,OFF,OFF,OFF,OFF,OFF,Normal,00,OFF,0,OFF,0,OFF,0,OFF,0,OFF,0,OFF,0,100,76.6,78.8,82.2,63.3,79.2,72.1,237.5,177.8,79.2,61.2,---,1.7,1.2,85.1,32.0,2.2,0.5,32,7,327,OFF,OFF,ON,ON,32,770,770,0,Cooling,00,65.1,241.3,480,71,70,177.8,18.0
2026/06/15 14:03:55,R32,Cooling,ON,OFF,OFF,OFF,OFF,OFF,OFF,OFF,Normal,00,OFF,0,OFF,0,OFF,0,OFF,0,OFF,0,OFF,0,100,76.8,78.6,81.9,63.3,79.2,72.1,237.5,176.4,79.2,60.0,---,1.7,1.2,85.1,32.0,2.2,0.5,32,7,327,OFF,OFF,ON,ON,32,770,770,0,Cooling,00,64.9,239.4,480,71,70,173.5,18.0
2026/06/15 14:04:00,R32,Cooling,ON,OFF,OFF,OFF,OFF,OFF,OFF,OFF,Normal,00,OFF,0,OFF,0,OFF,0,OFF,0,OFF,0,OFF,0,100,76.6,78.6,81.9,63.3,79.0,72.0,237.5,176.4,79.2,60.6,---,1.7,1.2,85.1,32.0,2.2,0.5,32,7,327,OFF,OFF,ON,ON,32,770,770,0,Cooling,00,64.9,239.4,480,71,70,173.5,18.0
2026/06/15 14:04:05,R32,Cooling,ON,OFF,OFF,OFF,OFF,OFF,OFF,OFF,Normal,00,OFF,0,OFF,0,OFF,0,OFF,0,OFF,0,OFF,0,100,76.6,78.4,81.9,63.1,79.0,71.8,237.5,174.9,79.0,60.4,---,1.7,1.2,85.1,32.0,2.2,0.5,32,7,327,OFF,OFF,ON,ON,32,770,770,0,Cooling,00,64.9,239.4,480,71,70,173.5,18.0
2026/06/15 14:04:10,R32,Cooling,ON,OFF,OFF,OFF,OFF,OFF,OFF,OFF,Normal,00,OFF,0,OFF,0,OFF,0,OFF,0,OFF,0,OFF,0,100,76.5,78.4,81.9,63.0,78.8,71.8,236.1,174.9,78.8,60.4,---,1.7,1.2,85.1,32.0,2.2,0.5,32,7,327,OFF,OFF,ON,ON,32,770,770,0,Cooling,00,64.9,239.4,480,71,70,173.5,18.0
2026/06/15 14:04:15,R32,Cooling,ON,OFF,OFF,OFF,OFF,OFF,OFF,OFF,Normal,00,OFF,0,OFF,0,OFF,0,OFF,0,OFF,0,OFF,0,100,76.3,78.3,81.9,62.8,78.8,71.6,236.1,174.9,78.8,60.3,---,1.7,1.2,85.1,32.0,2.2,0.5,32,7,327,OFF,OFF,ON,ON,32,770,770,0,Cooling,00,64.4,241.3,480,71,70,174.9,18.0
2026/06/15 14:04:20,R32,Cooling,ON,OFF,OFF,OFF,OFF,OFF,OFF,OFF,Normal,00,OFF,0,OFF,0,OFF,0,OFF,0,OFF,0,OFF,0,100,76.3,78.3,81.9,62.6,78.6,71.6,236.1,174.9,78.8,60.3,---,1.7,1.2,85.1,32.0,2.2,0.5,32,7,327,OFF,OFF,ON,ON,32,770,770,0,Cooling,00,64.4,241.3,480,71,70,174.9,18.0
2026/06/15 14:04:25,R32,Cooling,ON,OFF,OFF,OFF,OFF,OFF,OFF,OFF,Normal,00,OFF,0,OFF,0,OFF,0,OFF,0,OFF,0,OFF,0,100,76.3,78.3,81.9,62.4,78.6,71.4,236.1,174.9,78.6,60.3,---,1.7,1.3,85.1,32.0,2.2,0.5,32,7,327,OFF,OFF,ON,ON,32,770,770,0,Cooling,00,64.4,241.3,480,71,70,174.9,18.0
2026/06/15 14:04:30,R32,Cooling,ON,OFF,OFF,OFF,OFF,OFF,OFF,OFF,Normal,00,OFF,0,OFF,0,OFF,0,OFF,0,OFF,0,OFF,0,100,76.3,78.1,81.9,62.4,78.6,71.4,236.1,174.9,78.6,60.4,---,1.7,1.3,85.1,32.0,2.2,0.5,32,7,327,OFF,OFF,ON,ON,32,770,770,0,Cooling,00,64.4,241.3,480,71,70,174.9,18.0
2026/06/15 14:04:35,R32,Cooling,ON,OFF,OFF,OFF,OFF,OFF,OFF,OFF,Normal,00,OFF,0,OFF,0,OFF,0,OFF,0,OFF,0,OFF,0,100,76.3,78.3,81.9,62.4,78.6,71.6,236.1,176.4,78.6,60.6,---,1.7,1.2,85.1,32.0,2.2,0.5,32,7,327,OFF,OFF,ON,ON,32,770,770,0,Cooling,00,64.0,241.3,480,71,70,174.9,18.0
2026/06/15 14:04:40,R32,Cooling,ON,OFF,OFF,OFF,OFF,OFF,OFF,OFF,Normal,00,OFF,0,OFF,0,OFF,0,OFF,0,OFF,0,OFF,0,100,76.3,78.3,81.9,62.4,78.6,71.6,234.7,176.4,78.4,60.0,---,1.7,1.2,85.1,32.0,2.2,0.5,32,7,327,OFF,OFF,ON,ON,34,770,770,0,Cooling,00,64.0,241.3,480,71,70,174.9,18.0
2026/06/15 14:04:45,R32,Cooling,ON,OFF,OFF,OFF,OFF,OFF,OFF,OFF,Normal,00,OFF,0,OFF,0,OFF,0,OFF,0,OFF,0,OFF,0,100,76.3,78.4,81.9,62.4,78.6,71.6,236.1,174.9,78.6,60.4,---,1.7,1.3,85.1,32.0,2.2,0.5,34,7,327,OFF,OFF,ON,ON,34,770,770,0,Cooling,00,64.0,241.3,480,71,70,174.9,18.0
2026/06/15 14:04:50,R32,Cooling,ON,OFF,OFF,OFF,OFF,OFF,OFF,OFF,Normal,00,OFF,0,OFF,0,OFF,0,OFF,0,OFF,0,OFF,0,100,76.3,78.3,81.9,62.4,78.6,71.6,236.1,174.9,78.6,60.3,---,1.7,1.3,85.1,32.0,2.2,0.5,34,7,327,OFF,OFF,ON,ON,34,770,770,0,Cooling,00,64.0,241.3,480,71,70,172.1,18.0
2026/06/15 14:04:55,R32,Cooling,ON,OFF,OFF,OFF,OFF,OFF,OFF,OFF,Normal,00,OFF,0,OFF,0,OFF,0,OFF,0,OFF,0,OFF,0,100,76.3,78.4,81.9,62.4,78.8,71.6,236.1,174.9,78.6,60.3,---,1.7,1.3,85.1,32.0,2.2,0.5,34,7,327,OFF,OFF,ON,ON,34,770,770,0,Cooling,00,64.0,241.3,480,71,70,172.1,18.0
2026/06/15 14:05:00,R32,Cooling,ON,OFF,OFF,OFF,OFF,OFF,OFF,OFF,Normal,00,OFF,0,OFF,0,OFF,0,OFF,0,OFF,0,OFF,0,100,76.3,78.4,82.2,62.4,78.6,71.8,236.1,173.5,78.6,60.1,---,1.7,1.3,85.1,32.0,2.2,0.5,34,7,327,OFF,OFF,ON,ON,34,770,770,0,Cooling,00,64.0,241.3,480,71,70,172.1,18.0
2026/06/15 14:05:05,R32,Cooling,ON,OFF,OFF,OFF,OFF,OFF,OFF,OFF,Normal,00,OFF,0,OFF,0,OFF,0,OFF,0,OFF,0,OFF,0,100,76.1,78.4,82.2,62.2,78.8,71.6,236.1,173.5,78.6,59.9,---,1.7,1.3,85.1,32.0,2.2,0.5,34,7,327,OFF,OFF,ON,ON,34,770,770,0,Cooling,00,64.0,241.3,480,71,70,172.1,18.0
2026/06/15 14:05:10,R32,Cooling,ON,OFF,OFF,OFF,OFF,OFF,OFF,OFF,Normal,00,OFF,0,OFF,0,OFF,0,OFF,0,OFF,0,OFF,0,100,75.9,78.3,82.2,62.2,78.6,71.6,236.1,172.1,78.6,59.5,---,1.7,1.3,85.1,32.0,2.2,0.5,34,7,327,OFF,OFF,ON,ON,34,770,770,0,Cooling,00,63.9,241.3,480,71,70,170.7,18.0
2026/06/15 14:05:15,R32,Cooling,ON,OFF,OFF,OFF,OFF,OFF,OFF,OFF,Normal,00,OFF,0,OFF,0,OFF,0,OFF,0,OFF,0,OFF,0,100,75.9,78.3,82.2,62.1,78.4,71.4,236.1,172.1,78.6,59.5,---,1.7,1.3,85.1,32.0,2.2,0.5,34,7,327,OFF,OFF,ON,ON,34,770,770,0,Cooling,00,63.9,241.3,480,71,70,170.7,18.0
2026/06/15 14:05:20,R32,Cooling,ON,OFF,OFF,OFF,OFF,OFF,OFF,OFF,Normal,00,OFF,0,OFF,0,OFF,0,OFF,0,OFF,0,OFF,0,100,75.7,78.4,82.2,61.7,78.6,71.4,236.1,172.1,78.6,59.5,---,1.7,1.4,85.1,32.0,2.2,0.5,34,7,327,OFF,OFF,ON,ON,34,770,770,0,Cooling,00,63.9,241.3,480,71,70,170.7,18.0
2026/06/15 14:05:25,R32,Cooling,ON,OFF,OFF,OFF,OFF,OFF,OFF,OFF,Normal,00,OFF,0,OFF,0,OFF,0,OFF,0,OFF,0,OFF,0,100,75.7,78.4,82.2,61.7,78.6,71.6,236.1,173.5,78.6,59.7,---,1.7,1.4,85.1,32.0,2.2,0.5,34,7,327,OFF,OFF,ON,ON,34,770,770,0,Cooling,00,63.3,241.3,480,71,70,170.7,18.0
2026/06/15 14:05:30,R32,Cooling,ON,OFF,OFF,OFF,OFF,OFF,OFF,OFF,Normal,00,OFF,0,OFF,0,OFF,0,OFF,0,OFF,0,OFF,0,100,75.7,78.6,82.2,61.7,78.8,71.6,236.1,173.5,78.6,59.9,---,1.7,1.4,85.1,32.0,2.2,0.5,34,7,327,OFF,OFF,ON,ON,34,770,770,0,Cooling,00,63.3,241.3,480,71,70,170.7,18.0
2026/06/15 14:05:35,R32,Cooling,ON,OFF,OFF,OFF,OFF,OFF,OFF,OFF,Normal,00,OFF,0,OFF,0,OFF,0,OFF,0,OFF,0,OFF,0,100,75.6,79.2,82.4,61.7,79.2,71.8,236.1,174.9,78.8,60.3,---,1.7,1.4,85.1,32.0,2.2,0.5,34,7,327,OFF,OFF,ON,ON,34,770,770,0,Cooling,00,63.3,241.3,480,71,70,170.7,18.0
2026/06/15 14:05:40,R32,Cooling,ON,OFF,OFF,OFF,OFF,OFF,OFF,OFF,Normal,00,OFF,0,OFF,0,OFF,0,OFF,0,OFF,0,OFF,0,100,75.6,79.2,82.4,61.7,79.2,72.0,237.5,174.9,79.2,60.3,---,1.7,1.3,85.1,32.0,2.2,0.5,34,7,327,OFF,OFF,ON,ON,37,770,770,0,Cooling,00,63.9,241.3,480,71,70,174.9,18.0
2026/06/15 14:05:45,R32,Cooling,ON,OFF,OFF,OFF,OFF,OFF,OFF,OFF,Normal,00,OFF,0,OFF,0,OFF,0,OFF,0,OFF,0,OFF,0,100,75.7,79.3,82.4,61.7,79.3,72.1,238.9,173.5,79.3,60.1,---,2.2,1.4,85.1,32.0,2.7,0.5,37,7,327,OFF,OFF,ON,ON,37,770,770,0,Cooling,00,63.9,241.3,480,71,70,174.9,18.0
2026/06/15 14:05:50,R32,Cooling,ON,OFF,OFF,OFF,OFF,OFF,OFF,OFF,Normal,00,OFF,0,OFF,0,OFF,0,OFF,0,OFF,0,OFF,0,100,75.7,79.3,82.8,61.7,79.5,72.1,238.9,173.5,79.5,59.9,---,2.3,1.4,85.1,32.0,2.8,0.5,37,7,327,OFF,OFF,ON,ON,37,770,770,0,Cooling,00,63.9,241.3,480,71,70,174.9,18.0
2026/06/15 14:05:55,R32,Cooling,ON,OFF,OFF,OFF,OFF,OFF,OFF,OFF,Normal,00,OFF,0,OFF,0,OFF,0,OFF,0,OFF,0,OFF,0,100,75.7,79.3,82.8,61.7,79.5,72.1,238.9,172.1,79.5,59.5,---,2.2,1.4,85.1,32.0,2.7,0.5,37,7,327,OFF,OFF,ON,ON,37,770,770,0,Cooling,00,63.9,241.3,480,71,70,172.1,18.0
2026/06/15 14:06:00,R32,Cooling,ON,OFF,OFF,OFF,OFF,OFF,OFF,OFF,Normal,00,OFF,0,OFF,0,OFF,0,OFF,0,OFF,0,OFF,0,100,75.6,79.2,82.8,61.7,79.3,72.1,238.9,170.7,79.5,59.2,---,2.3,1.4,85.1,32.0,2.8,0.5,37,7,327,OFF,OFF,ON,ON,37,770,770,0,Cooling,00,63.9,241.3,480,71,70,172.1,18.0
2026/06/15 14:06:05,R32,Cooling,ON,OFF,OFF,OFF,OFF,OFF,OFF,OFF,Normal,00,OFF,0,OFF,0,OFF,0,OFF,0,OFF,0,OFF,0,100,75.6,79.3,82.8,61.3,79.3,72.0,238.9,169.3,79.3,58.8,---,2.3,1.4,85.1,32.0,2.8,0.5,37,7,327,OFF,OFF,ON,ON,37,770,770,0,Cooling,00,63.9,241.3,480,71,70,172.1,18.0
2026/06/15 14:06:10,R32,Cooling,ON,OFF,OFF,OFF,OFF,OFF,OFF,OFF,Normal,00,OFF,0,OFF,0,OFF,0,OFF,0,OFF,0,OFF,0,100,75.6,79.2,82.8,61.3,79.5,72.0,238.9,169.3,79.3,58.6,---,2.3,1.4,85.1,32.0,2.8,0.5,37,7,327,OFF,OFF,ON,ON,37,770,770,0,Cooling,00,63.9,241.3,480,71,70,172.1,18.0
2026/06/15 14:06:15,R32,Cooling,ON,OFF,OFF,OFF,OFF,OFF,OFF,OFF,Normal,00,OFF,0,OFF,0,OFF,0,OFF,0,OFF,0,OFF,0,100,75.6,79.3,82.8,61.2,79.5,71.8,238.9,167.8,79.5,58.3,---,2.3,1.4,85.1,32.0,2.8,0.5,37,7,327,OFF,OFF,ON,ON,37,770,770,0,Cooling,00,63.1,241.3,480,71,70,167.8,18.0
2026/06/15 14:06:20,R32,Cooling,ON,OFF,OFF,OFF,OFF,OFF,OFF,OFF,Normal,00,OFF,0,OFF,0,OFF,0,OFF,0,OFF,0,OFF,0,100,75.6,79.2,82.8,61.0,79.3,71.4,238.9,167.8,79.3,58.3,---,2.2,1.4,85.1,32.0,2.7,0.5,37,7,327,OFF,OFF,ON,ON,37,770,770,0,Cooling,00,63.1,241.3,480,71,70,167.8,18.0
2026/06/15 14:06:25,R32,Cooling,ON,OFF,OFF,OFF,OFF,OFF,OFF,OFF,Normal,00,OFF,0,OFF,0,OFF,0,OFF,0,OFF,0,OFF,0,100,75.6,79.2,82.4,60.0,79.3,71.4,238.9,167.8,79.3,58.3,---,2.3,1.4,85.1,32.0,2.8,0.5,37,7,327,OFF,OFF,ON,ON,37,770,770,0,Cooling,00,63.1,241.3,480,71,70,167.8,18.0
2026/06/15 14:06:30,R32,Cooling,ON,OFF,OFF,OFF,OFF,OFF,OFF,OFF,Normal,00,OFF,0,OFF,0,OFF,0,OFF,0,OFF,0,OFF,0,100,75.4,79.0,82.4,60.6,79.2,71.2,238.9,167.8,79.3,58.3,---,2.3,1.4,85.1,32.0,2.8,0.5,37,7,327,OFF,OFF,ON,ON,37,770,770,0,Cooling,00,63.1,241.3,480,71,70,167.8,18.0
2026/06/15 14:06:35,R32,Cooling,ON,OFF,OFF,OFF,OFF,OFF,OFF,OFF,Normal,00,OFF,0,OFF,0,OFF,0,OFF,0,OFF,0,OFF,0,100,75.4,78.8,82.4,60.6,79.2,71.1,237.5,169.3,79.2,58.5,---,2.3,1.4,85.1,32.0,2.8,0.5,37,7,327,OFF,OFF,ON,ON,37,770,770,0,Cooling,00,63.1,241.3,480,71,70,167.8,18.0
2026/06/15 14:06:40,R32,Cooling,ON,OFF,OFF,OFF,OFF,OFF,OFF,OFF,Normal,00,OFF,0,OFF,0,OFF,0,OFF,0,OFF,0,OFF,0,100,75.4,78.8,82.4,60.4,79.2,71.1,237.5,169.3,79.2,58.5,---,2.3,1.4,85.1,32.0,2.8,0.5,38,7,327,OFF,OFF,ON,ON,39,770,770,0,Cooling,00,63.1,241.3,480,71,70,167.8,18.0
2026/06/15 14:06:45,R32,Cooling,ON,OFF,OFF,OFF,OFF,OFF,OFF,OFF,Normal,00,OFF,0,OFF,0,OFF,0,OFF,0,OFF,0,OFF,0,100,75.2,78.8,82.8,60.4,79.2,71.1,237.5,167.8,79.2,58.3,---,2.3,1.5,85.1,32.0,2.8,0.5,40,7,327,OFF,OFF,ON,ON,39,770,770,0,Cooling,00,63.1,241.3,480,71,70,167.8,18.0
2026/06/15 14:06:50,R32,Cooling,ON,OFF,OFF,OFF,OFF,OFF,OFF,OFF,Normal,00,OFF,0,OFF,0,OFF,0,OFF,0,OFF,0,OFF,0,100,75.2,79.0,82.8,60.3,79.2,71.4,237.5,167.8,79.2,58.3,---,2.3,1.5,85.1,32.0,2.8,0.5,40,7,327,OFF,OFF,ON,ON,39,770,770,0,Cooling,00,62.2,239.4,480,71,70,166.4,18.0
2026/06/15 14:06:55,R32,Cooling,ON,OFF,OFF,OFF,OFF,OFF,OFF,OFF,Normal,00,OFF,0,OFF,0,OFF,0,OFF,0,OFF,0,OFF,0,100,75.4,79.2,82.8,60.3,79.3,71.4,237.5,167.8,79.2,58.3,---,2.3,1.5,85.1,32.0,2.8,0.5,40,7,327,OFF,OFF,ON,ON,39,770,770,0,Cooling,00,62.2,239.4,480,71,70,166.4,18.0
2026/06/15 14:07:00,R32,Cooling,ON,OFF,OFF,OFF,OFF,OFF,OFF,OFF,Normal,00,OFF,0,OFF,0,OFF,0,OFF,0,OFF,0,OFF,0,100,75.4,79.7,83.1,60.3,79.5,71.6,238.9,169.3,79.3,58.5,---,2.3,1.6,85.1,32.0,2.8,0.5,40,7,327,OFF,OFF,ON,ON,39,770,770,0,Cooling,00,62.2,239.4,480,71,70,166.4,18.0
2026/06/15 14:07:05,R32,Cooling,ON,OFF,OFF,OFF,OFF,OFF,OFF,OFF,Normal,00,OFF,0,OFF,0,OFF,0,OFF,0,OFF,0,OFF,0,100,75.4,79.9,83.1,60.3,79.9,72.0,240.4,169.3,79.7,58.5,---,2.3,1.6,85.1,32.0,2.8,0.5,40,7,327,OFF,OFF,ON,ON,39,770,770,0,Cooling,00,62.6,241.3,480,71,70,167.8,18.0
2026/06/15 14:07:10,R32,Cooling,ON,OFF,OFF,OFF,OFF,OFF,OFF,OFF,Normal,00,OFF,0,OFF,0,OFF,0,OFF,0,OFF,0,OFF,0,100,75.6,80.1,83.3,60.3,80.1,72.1,240.4,169.3,79.9,58.6,---,2.3,1.6,85.1,32.0,2.8,0.5,40,7,327,OFF,OFF,ON,ON,39,770,770,0,Cooling,00,62.6,241.3,480,71,70,167.8,18.0
2026/06/15 14:07:15,R32,Cooling,ON,OFF,OFF,OFF,OFF,OFF,OFF,OFF,Normal,00,OFF,0,OFF,0,OFF,0,OFF,0,OFF,0,OFF,0,100,75.6,80.2,83.3,60.3,80.2,72.1,241.8,169.3,80.1,58.6,---,2.3,1.6,85.1,32.0,2.8,0.5,40,7,327,OFF,OFF,ON,ON,39,770,770,0,Cooling,00,62.6,241.3,480,71,70,167.8,18.0
2026/06/15 14:07:20,R32,Cooling,ON,OFF,OFF,OFF,OFF,OFF,OFF,OFF,Normal,00,OFF,0,OFF,0,OFF,0,OFF,0,OFF,0,OFF,0,100,75.7,80.4,83.7,60.3,80.4,72.3,241.8,169.3,80.2,58.8,---,2.3,1.6,85.1,32.0,2.8,0.5,40,7,327,OFF,OFF,ON,ON,39,770,770,0,Cooling,00,62.6,241.3,480,71,70,167.8,18.0
2026/06/15 14:07:25,R32,Cooling,ON,OFF,OFF,OFF,OFF,OFF,OFF,OFF,Normal,00,OFF,0,OFF,0,OFF,0,OFF,0,OFF,0,OFF,0,100,75.7,80.8,84.0,60.3,80.6,72.7,243.2,169.3,80.4,58.8,---,2.3,1.6,85.1,32.0,2.8,0.5,40,7,327,OFF,OFF,ON,ON,39,770,770,0,Cooling,00,62.8,241.3,480,71,70,169.3,18.0
2026/06/15 14:07:30,R32,Cooling,ON,OFF,OFF,OFF,OFF,OFF,OFF,OFF,Normal,00,OFF,0,OFF,0,OFF,0,OFF,0,OFF,0,OFF,0,100,75.9,81.1,84.4,60.3,81.0,72.9,244.6,170.7,80.8,59.0,---,2.3,1.6,85.1,32.0,2.8,0.5,40,7,327,OFF,OFF,ON,ON,39,770,770,0,Cooling,00,62.8,241.3,480,71,70,169.3,18.0
2026/06/15 14:07:35,R32,Cooling,ON,OFF,OFF,OFF,OFF,OFF,OFF,OFF,Normal,00,OFF,0,OFF,0,OFF,0,OFF,0,OFF,0,OFF,0,100,76.1,81.5,84.4,60.3,81.1,73.0,246.1,170.7,81.1,59.2,---,2.3,1.6,85.1,32.0,2.8,0.5,40,7,327,OFF,OFF,ON,ON,39,770,770,0,Cooling,00,62.8,241.3,480,71,70,169.3,18.0
2026/06/15 14:07:40,R32,Cooling,ON,OFF,OFF,OFF,OFF,OFF,OFF,OFF,Normal,00,OFF,0,OFF,0,OFF,0,OFF,0,OFF,0,OFF,0,100,76.1,81.5,84.6,60.3,81.3,73.4,246.1,170.7,81.3,59.0,---,2.3,1.5,85.1,32.0,2.8,0.5,40,7,327,OFF,OFF,ON,ON,42,770,770,0,Cooling,00,62.8,241.3,480,71,70,169.3,18.0
2026/06/15 14:07:45,R32,Cooling,ON,OFF,OFF,OFF,OFF,OFF,OFF,OFF,Normal,00,OFF,0,OFF,0,OFF,0,OFF,0,OFF,0,OFF,0,100,76.3,81.3,84.9,60.4,81.5,73.2,247.5,169.3,81.5,58.5,---,2.3,1.5,85.1,32.0,2.8,0.5,43,7,327,OFF,OFF,ON,ON,42,770,770,0,Cooling,00,63.1,241.3,480,71,70,169.3,18.0
2026/06/15 14:07:50,R32,Cooling,ON,OFF,OFF,OFF,OFF,OFF,OFF,OFF,Normal,00,OFF,0,OFF,0,OFF,0,OFF,0,OFF,0,OFF,0,100,76.3,81.0,84.6,60.3,81.3,73.0,247.5,166.4,81.5,57.9,---,2.4,1.6,85.1,32.0,2.9,0.5,43,7,327,OFF,OFF,ON,ON,42,770,770,0,Cooling,00,63.1,241.3,480,71,70,169.3,18.0
2026/06/15 14:07:55,R32,Cooling,ON,OFF,OFF,OFF,OFF,OFF,OFF,OFF,Normal,00,OFF,0,OFF,0,OFF,0,OFF,0,OFF,0,OFF,0,100,76.3,81.0,84.9,60.3,81.1,72.9,246.1,165.0,81.3,57.2,---,2.6,1.6,85.1,32.0,3.1,0.5,43,7,327,OFF,OFF,ON,ON,42,770,770,0,Cooling,00,63.1,241.3,480,71,70,169.3,18.0
2026/06/15 14:08:00,R32,Cooling,ON,OFF,OFF,OFF,OFF,OFF,OFF,OFF,Normal,00,OFF,0,OFF,0,OFF,0,OFF,0,OFF,0,OFF,0,100,76.3,80.8,84.9,59.9,81.0,72.7,246.1,163.6,81.1,56.8,---,2.8,1.6,85.1,32.0,3.3,0.5,43,7,327,OFF,OFF,ON,ON,42,770,770,0,Cooling,00,62.2,241.3,480,71,70,162.1,18.0
2026/06/15 14:08:05,R32,Cooling,ON,OFF,OFF,OFF,OFF,OFF,OFF,OFF,Normal,00,OFF,0,OFF,0,OFF,0,OFF,0,OFF,0,OFF,0,100,76.3,80.6,84.9,59.7,81.0,72.5,244.6,163.6,81.0,56.8,---,2.7,1.6,85.1,32.0,3.2,0.5,43,7,327,OFF,OFF,ON,ON,42,770,770,0,Cooling,00,62.2,241.3,480,71,70,162.1,18.0
2026/06/15 14:08:10,R32,Cooling,ON,OFF,OFF,OFF,OFF,OFF,OFF,OFF,Normal,00,OFF,0,OFF,0,OFF,0,OFF,0,OFF,0,OFF,0,100,76.3,80.4,84.6,59.4,81.0,72.3,244.6,163.6,81.0,56.7,---,2.8,1.6,85.1,32.0,3.3,0.5,43,7,327,OFF,OFF,ON,ON,42,770,770,0,Cooling,00,62.2,241.3,480,71,70,162.1,18.0
2026/06/15 14:08:15,R32,Cooling,ON,OFF,OFF,OFF,OFF,OFF,OFF,OFF,Normal,00,OFF,0,OFF,0,OFF,0,OFF,0,OFF,0,OFF,0,100,76.3,80.2,84.6,59.4,80.8,72.1,244.6,163.6,81.0,56.7,---,2.8,1.6,85.1,32.0,3.3,0.5,43,7,327,OFF,OFF,ON,ON,42,770,770,0,Cooling,00,62.2,241.3,480,71,70,162.1,18.0
2026/06/15 14:08:20,R32,Cooling,ON,OFF,OFF,OFF,OFF,OFF,OFF,OFF,Normal,00,OFF,0,OFF,0,OFF,0,OFF,0,OFF,0,OFF,0,100,76.1,80.1,84.6,59.4,80.6,72.1,244.6,163.6,80.8,56.7,---,2.7,1.6,85.1,32.0,3.2,0.5,43,7,327,OFF,OFF,ON,ON,42,770,770,0,Cooling,00,61.3,241.3,480,71,70,162.1,18.0
2026/06/15 14:08:25,R32,Cooling,ON,OFF,OFF,OFF,OFF,OFF,OFF,OFF,Normal,00,OFF,0,OFF,0,OFF,0,OFF,0,OFF,0,OFF,0,100,76.1,80.1,84.6,59.2,80.4,72.0,243.2,163.6,80.6,56.8,---,2.8,1.6,85.1,32.0,3.3,0.5,43,7,327,OFF,OFF,ON,ON,42,770,770,0,Cooling,00,61.3,241.3,480,71,70,162.1,18.0
2026/06/15 14:08:30,R32,Cooling,ON,OFF,OFF,OFF,OFF,OFF,OFF,OFF,Normal,00,OFF,0,OFF,0,OFF,0,OFF,0,OFF,0,OFF,0,100,76.1,80.1,84.6,59.0,80.4,72.0,243.2,163.6,80.4,56.8,---,2.8,1.6,85.1,32.0,3.3,0.5,43,7,327,OFF,OFF,ON,ON,42,770,770,0,Cooling,00,61.3,241.3,480,71,70,162.1,18.0
2026/06/15 14:08:35,R32,Cooling,ON,OFF,OFF,OFF,OFF,OFF,OFF,OFF,Normal,00,OFF,0,OFF,0,OFF,0,OFF,0,OFF,0,OFF,0,100,75.9,80.1,84.6,58.8,80.4,72.0,243.2,163.6,80.4,57.0,---,2.9,1.6,85.1,32.0,3.4,0.5,43,7,327,OFF,OFF,ON,ON,42,770,770,0,Cooling,00,61.3,241.3,480,71,70,162.1,18.0
2026/06/15 14:08:40,R32,Cooling,ON,OFF,OFF,OFF,OFF,OFF,OFF,OFF,Normal,00,OFF,0,OFF,0,OFF,0,OFF,0,OFF,0,OFF,0,100,75.9,80.1,84.9,58.8,80.4,72.0,243.2,165.0,80.4,57.2,---,3.0,1.7,85.1,32.0,3.5,0.5,44,7,327,OFF,OFF,ON,ON,44,770,770,0,Cooling,00,61.3,241.3,480,71,70,162.1,18.0
2026/06/15 14:08:45,R32,Cooling,ON,OFF,OFF,OFF,OFF,OFF,OFF,OFF,Normal,00,OFF,0,OFF,0,OFF,0,OFF,0,OFF,0,OFF,0,100,76.1,80.2,84.9,58.8,80.4,72.1,243.2,165.0,80.4,57.2,---,3.0,1.7,85.1,32.0,3.5,0.5,44,7,327,OFF,OFF,ON,ON,44,770,770,0,Cooling,00,61.3,241.3,480,71,70,162.1,18.0
2026/06/15 14:08:50,R32,Cooling,ON,OFF,OFF,OFF,OFF,OFF,OFF,OFF,Normal,00,OFF,0,OFF,0,OFF,0,OFF,0,OFF,0,OFF,0,100,76.1,80.6,84.9,58.8,80.8,72.1,243.2,165.0,80.4,57.2,---,3.0,1.7,85.1,32.0,3.5,0.5,44,7,327,OFF,OFF,ON,ON,44,770,770,0,Cooling,00,61.3,241.3,480,71,70,162.1,18.0
2026/06/15 14:08:55,R32,Cooling,ON,OFF,OFF,OFF,OFF,OFF,OFF,OFF,Normal,00,OFF,0,OFF,0,OFF,0,OFF,0,OFF,0,OFF,0,100,76.1,81.1,85.3,58.6,81.0,72.5,244.6,166.4,80.8,57.6,---,3.0,1.7,85.1,32.0,3.5,0.5,44,7,327,OFF,OFF,ON,ON,44,770,770,0,Cooling,00,61.3,241.3,480,71,70,162.1,18.0
2026/06/15 14:09:00,R32,Cooling,ON,OFF,OFF,OFF,OFF,OFF,OFF,OFF,Normal,00,OFF,0,OFF,0,OFF,0,OFF,0,OFF,0,OFF,0,100,76.3,81.3,85.5,58.6,81.3,72.5,246.1,165.0,81.1,57.4,---,3.0,1.7,85.1,32.0,3.5,0.5,44,7,327,OFF,OFF,ON,ON,44,770,770,0,Cooling,00,61.5,239.4,480,71,70,165.0,18.0
2026/06/15 14:09:05,R32,Cooling,ON,OFF,OFF,OFF,OFF,OFF,OFF,OFF,Normal,00,OFF,0,OFF,0,OFF,0,OFF,0,OFF,0,OFF,0,100,76.3,81.7,85.5,58.6,81.7,72.7,246.1,166.4,81.3,57.6,---,3.0,1.8,85.6,32.0,3.5,0.5,44,7,327,OFF,OFF,ON,ON,44,770,770,0,Cooling,00,61.5,239.4,480,71,70,165.0,18.0
2026/06/15 14:09:10,R32,Cooling,ON,OFF,OFF,OFF,OFF,OFF,OFF,OFF,Normal,00,OFF,0,OFF,0,OFF,0,OFF,0,OFF,0,OFF,0,100,76.3,81.9,85.8,58.6,81.9,73.0,247.5,166.4,81.7,57.6,---,3.0,1.8,86.0,32.0,3.5,0.5,44,7,327,OFF,OFF,ON,ON,44,770,770,0,Cooling,00,61.5,239.4,480,71,70,165.0,18.0
2026/06/15 14:09:15,R32,Cooling,ON,OFF,OFF,OFF,OFF,OFF,OFF,OFF,Normal,00,OFF,0,OFF,0,OFF,0,OFF,0,OFF,0,OFF,0,100,76.5,82.0,86.2,58.8,82.0,73.2,248.9,166.4,81.9,57.6,---,3.0,1.8,86.5,32.0,3.5,0.5,44,7,327,OFF,OFF,ON,ON,44,770,770,0,Cooling,00,61.5,239.4,480,71,70,165.0,18.0
2026/06/15 14:09:20,R32,Cooling,ON,OFF,OFF,OFF,OFF,OFF,OFF,OFF,Normal,00,OFF,0,OFF,0,OFF,0,OFF,0,OFF,0,OFF,0,100,76.6,82.4,86.2,58.8,82.4,73.4,248.9,166.4,82.0,57.6,---,3.0,1.8,86.9,32.0,3.5,0.5,44,7,327,OFF,OFF,ON,ON,44,770,770,0,Cooling,00,62.1,239.4,480,71,70,163.6,18.0
2026/06/15 14:09:25,R32,Cooling,ON,OFF,OFF,OFF,OFF,OFF,OFF,OFF,Normal,00,OFF,0,OFF,0,OFF,0,OFF,0,OFF,0,OFF,0,100,76.8,82.8,86.4,58.8,82.6,73.6,250.3,166.4,82.4,57.6,---,3.0,1.8,86.9,32.0,3.5,0.5,44,7,327,OFF,OFF,ON,ON,44,770,770,0,Cooling,00,62.1,239.4,480,71,70,163.6,18.0
2026/06/15 14:09:30,R32,Cooling,ON,OFF,OFF,OFF,OFF,OFF,OFF,OFF,Normal,00,OFF,0,OFF,0,OFF,0,OFF,0,OFF,0,OFF,0,100,77.0,82.9,86.4,58.8,82.8,73.8,251.7,166.4,82.8,57.6,---,3.0,1.8,86.9,32.0,3.5,0.5,44,7,327,OFF,OFF,ON,ON,44,770,770,0,Cooling,00,62.1,239.4,480,71,70,163.6,18.0
2026/06/15 14:09:35,R32,Cooling,ON,OFF,OFF,OFF,OFF,OFF,OFF,OFF,Normal,00,OFF,0,OFF,0,OFF,0,OFF,0,OFF,0,OFF,0,100,77.2,83.1,86.4,58.8,82.9,73.9,251.7,166.4,82.9,57.6,---,3.0,1.8,86.9,32.0,3.5,0.5,44,7,327,OFF,OFF,ON,ON,44,770,770,0,Cooling,00,62.1,239.4,480,71,70,163.6,18.0
2026/06/15 14:09:40,R32,Cooling,ON,OFF,OFF,OFF,OFF,OFF,OFF,OFF,Normal,00,OFF,0,OFF,0,OFF,0,OFF,0,OFF,0,OFF,0,100,77.2,83.3,86.7,59.0,83.3,73.9,253.2,166.4,83.1,57.7,---,3.0,1.8,86.9,32.0,3.5,0.5,46,7,327,OFF,OFF,ON,ON,47,770,770,0,Cooling,00,62.1,239.4,480,72,70,163.6,18.0
2026/06/15 14:09:45,R32,Cooling,ON,OFF,OFF,OFF,OFF,OFF,OFF,OFF,Normal,00,OFF,0,OFF,0,OFF,0,OFF,0,OFF,0,OFF,0,100,77.4,83.7,86.9,58.8,83.5,74.1,253.2,165.0,83.3,57.4,---,3.6,1.9,86.9,32.0,4.1,0.5,47,7,327,OFF,OFF,ON,ON,47,770,770,0,Cooling,00,62.1,239.4,480,73,70,163.6,18.0
2026/06/15 14:09:50,R32,Cooling,ON,OFF,OFF,OFF,OFF,OFF,OFF,OFF,Normal,00,OFF,0,OFF,0,OFF,0,OFF,0,OFF,0,OFF,0,100,77.5,83.7,86.9,59.0,83.7,74.3,254.6,165.0,83.7,57.2,---,3.6,1.9,86.9,32.0,4.1,0.5,47,7,327,OFF,OFF,ON,ON,47,770,770,0,Cooling,00,62.6,241.3,480,73,70,165.0,18.0
2026/06/15 14:09:55,R32,Cooling,ON,OFF,OFF,OFF,OFF,OFF,OFF,OFF,Normal,00,OFF,0,OFF,0,OFF,0,OFF,0,OFF,0,OFF,0,100,77.7,83.8,87.3,59.0,83.8,74.5,254.6,165.0,83.7,57.2,---,3.6,1.9,86.9,32.0,4.1,0.5,47,7,327,OFF,OFF,ON,ON,47,770,770,0,Cooling,00,62.6,241.3,480,73,70,165.0,18.0
2026/06/15 14:10:00,R32,Cooling,ON,OFF,OFF,OFF,OFF,OFF,OFF,OFF,Normal,00,OFF,0,OFF,0,OFF,0,OFF,0,OFF,0,OFF,0,100,77.9,84.0,87.3,59.0,84.0,74.7,256.0,163.6,83.8,57.0,---,3.6,1.9,86.9,32.0,4.1,0.5,47,7,327,OFF,OFF,ON,ON,47,770,770,0,Cooling,00,62.6,241.3,480,73,70,165.0,18.0
2026/06/15 14:10:05,R32,Cooling,ON,OFF,OFF,OFF,OFF,OFF,OFF,OFF,Normal,00,OFF,0,OFF,0,OFF,0,OFF,0,OFF,0,OFF,0,100,77.9,84.0,87.6,58.8,84.0,74.7,256.0,163.6,84.0,56.8,---,3.5,1.9,86.9,32.0,4.0,0.5,47,7,327,OFF,OFF,ON,ON,47,770,770,0,Cooling,00,62.6,241.3,480,73,73,162.1,18.0
2026/06/15 14:10:10,R32,Cooling,ON,OFF,OFF,OFF,OFF,OFF,OFF,OFF,Normal,00,OFF,0,OFF,0,OFF,0,OFF,0,OFF,0,OFF,0,100,78.1,84.2,87.6,58.6,84.2,74.7,256.0,163.6,84.0,56.7,---,3.6,1.9,86.9,32.0,4.1,0.5,47,7,327,OFF,OFF,ON,ON,47,770,770,0,Cooling,00,62.6,241.3,480,73,73,162.1,18.0
2026/06/15 14:10:15,R32,Cooling,ON,OFF,OFF,OFF,OFF,OFF,OFF,OFF,Normal,00,OFF,0,OFF,0,OFF,0,OFF,0,OFF,0,OFF,0,100,78.3,84.0,87.8,58.6,84.2,74.7,257.4,162.1,84.2,56.5,---,3.7,1.9,86.9,32.0,4.2,0.5,47,7,327,OFF,OFF,ON,ON,47,770,770,0,Cooling,00,62.6,241.3,480,73,73,162.1,18.0
2026/06/15 14:10:20,R32,Cooling,ON,OFF,OFF,OFF,OFF,OFF,OFF,OFF,Normal,00,OFF,0,OFF,0,OFF,0,OFF,0,OFF,0,OFF,0,100,78.3,84.2,87.8,58.5,84.4,74.7,257.4,163.6,84.2,56.7,---,3.6,1.9,86.9,32.0,4.1,0.5,47,7,327,OFF,OFF,ON,ON,47,770,770,0,Cooling,00,62.2,239.4,480,73,73,162.1,18.0
2026/06/15 14:10:25,R32,Cooling,ON,OFF,OFF,OFF,OFF,OFF,OFF,OFF,Normal,00,OFF,0,OFF,0,OFF,0,OFF,0,OFF,0,OFF,0,100,78.4,84.2,88.2,58.5,84.4,74.7,257.4,163.6,84.4,56.7,---,3.6,1.9,86.9,32.0,4.1,0.5,47,7,327,OFF,OFF,ON,ON,47,770,770,0,Cooling,00,62.2,239.4,480,73,73,162.1,18.0
2026/06/15 14:10:30,R32,Cooling,ON,OFF,OFF,OFF,OFF,OFF,OFF,OFF,Normal,00,OFF,0,OFF,0,OFF,0,OFF,0,OFF,0,OFF,0,100,78.4,84.0,88.2,58.5,84.2,74.8,257.4,163.6,84.4,56.8,---,3.6,1.9,86.9,32.0,4.1,0.5,47,7,327,OFF,OFF,ON,ON,47,770,770,0,Cooling,00,62.2,239.4,480,73,73,162.1,18.0
2026/06/15 14:10:35,R32,Cooling,ON,OFF,OFF,OFF,OFF,OFF,OFF,OFF,Normal,00,OFF,0,OFF,0,OFF,0,OFF,0,OFF,0,OFF,0,100,78.6,84.2,88.5,58.5,84.4,74.7,257.4,163.6,84.4,56.8,---,3.6,1.9,86.9,32.0,4.1,0.5,47,7,327,OFF,OFF,ON,ON,47,770,770,0,Cooling,00,62.2,241.3,480,73,73,162.1,18.0
2026/06/15 14:10:45,R32,Cooling,ON,OFF,OFF,OFF,OFF,OFF,OFF,OFF,Normal,00,OFF,0,OFF,0,OFF,0,OFF,0,OFF,0,OFF,0,100,78.6,84.0,88.5,58.5,84.4,74.7,257.4,162.1,84.4,56.3,---,3.7,2.0,86.9,32.0,4.2,0.5,51,7,327,OFF,OFF,ON,ON,50,770,770,0,Cooling,00,62.2,241.3,480,75,73,162.1,18.0
2026/06/15 14:10:55,R32,Cooling,ON,OFF,OFF,OFF,OFF,OFF,OFF,OFF,Normal,00,OFF,0,OFF,0,OFF,0,OFF,0,OFF,0,OFF,0,100,78.8,84.6,88.7,58.3,84.6,74.8,258.9,162.1,84.6,56.3,---,2.5,2.0,86.9,32.0,3.0,0.5,51,7,327,OFF,OFF,ON,ON,50,770,770,0,Cooling,00,61.5,239.4,480,75,73,162.1,18.0
2026/06/15 14:11:05,R32,Cooling,ON,OFF,OFF,OFF,OFF,OFF,OFF,OFF,Normal,00,OFF,0,OFF,0,OFF,0,OFF,0,OFF,0,OFF,0,100,78.8,85.1,89.1,57.9,85.1,75.2,260.3,162.1,85.1,56.3,---,2.4,2.0,87.1,32.0,2.9,0.5,51,7,327,OFF,OFF,ON,ON,50,770,770,0,Cooling,00,61.5,239.4,480,75,73,162.1,18.0
2026/06/15 14:11:10,R32,Cooling,ON,OFF,OFF,OFF,OFF,OFF,OFF,OFF,Normal,00,OFF,0,OFF,0,OFF,0,OFF,0,OFF,0,OFF,0,100,79.0,85.1,89.2,57.7,85.3,75.4,261.7,162.1,85.3,56.3,---,2.4,2.0,87.4,32.0,2.9,0.5,51,7,327,OFF,OFF,ON,ON,50,770,770,0,Cooling,00,61.5,239.4,480,75,73,162.1,18.0
2026/06/15 14:11:15,R32,Cooling,ON,OFF,OFF,OFF,OFF,OFF,OFF,OFF,Normal,00,OFF,0,OFF,0,OFF,0,OFF,0,OFF,0,OFF,0,100,79.0,85.3,89.2,57.7,85.3,75.4,261.7,160.7,85.3,55.9,---,2.4,2.0,87.8,32.0,2.9,0.5,51,7,327,OFF,OFF,ON,ON,50,770,770,0,Cooling,00,61.7,241.3,480,75,75,159.3,18.0
2026/06/15 14:11:20,R32,Cooling,ON,OFF,OFF,OFF,OFF,OFF,OFF,OFF,Normal,00,OFF,0,OFF,0,OFF,0,OFF,0,OFF,0,OFF,0,100,79.0,85.3,89.6,57.6,85.5,75.4,261.7,160.7,85.5,55.9,---,2.5,2.0,87.8,32.0,3.0,0.5,51,7,327,OFF,OFF,ON,ON,50,770,770,0,Cooling,00,61.7,241.3,480,75,75,159.3,18.0
2026/06/15 14:11:25,R32,Cooling,ON,OFF,OFF,OFF,OFF,OFF,OFF,OFF,Normal,00,OFF,0,OFF,0,OFF,0,OFF,0,OFF,0,OFF,0,100,79.0,85.5,90.0,57.6,85.5,75.6,261.7,160.7,85.5,55.9,---,2.3,2.0,87.8,32.0,2.8,0.5,51,7,327,OFF,OFF,ON,ON,50,770,770,0,Cooling,00,61.7,241.3,480,75,75,159.3,18.0
2026/06/15 14:11:30,R32,Cooling,ON,OFF,OFF,OFF,OFF,OFF,OFF,OFF,Normal,00,OFF,0,OFF,0,OFF,0,OFF,0,OFF,0,OFF,0,100,79.2,85.3,90.0,57.6,85.5,75.4,261.7,160.7,85.5,55.8,---,2.4,2.0,87.8,32.0,2.9,0.5,51,7,327,OFF,OFF,ON,ON,50,770,770,0,Cooling,00,61.7,241.3,480,75,75,159.3,18.0
2026/06/15 14:11:35,R32,Cooling,ON,OFF,OFF,OFF,OFF,OFF,OFF,OFF,Normal,00,OFF,0,OFF,0,OFF,0,OFF,0,OFF,0,OFF,0,100,79.2,85.1,90.0,57.6,85.5,75.4,261.7,160.7,85.5,55.8,---,2.4,2.0,87.8,32.0,2.9,0.5,51,7,327,OFF,OFF,ON,ON,50,770,770,0,Cooling,00,61.3,241.3,480,75,75,157.9,18.0
2026/06/15 14:11:40,R32,Cooling,ON,OFF,OFF,OFF,OFF,OFF,OFF,OFF,Normal,00,OFF,0,OFF,0,OFF,0,OFF,0,OFF,0,OFF,0,100,79.2,85.3,90.0,57.4,85.5,75.4,261.7,160.7,85.5,55.8,---,2.5,2.0,87.8,32.0,3.0,0.5,53,7,327,OFF,OFF,ON,ON,53,770,770,0,Cooling,00,61.3,241.3,480,76,75,157.9,18.0
2026/06/15 14:11:45,R32,Cooling,ON,OFF,OFF,OFF,OFF,OFF,OFF,OFF,Normal,00,OFF,0,OFF,0,OFF,0,OFF,0,OFF,0,OFF,0,100,79.3,85.3,90.0,57.2,85.8,75.4,261.7,159.3,85.5,55.6,---,2.5,2.1,87.8,32.0,3.0,0.5,53,7,327,OFF,OFF,ON,ON,53,770,770,0,Cooling,00,61.3,241.3,480,76,75,157.9,18.0
2026/06/15 14:11:50,R32,Cooling,ON,OFF,OFF,OFF,OFF,OFF,OFF,OFF,Normal,00,OFF,0,OFF,0,OFF,0,OFF,0,OFF,0,OFF,0,100,79.3,85.3,90.1,57.2,85.8,75.4,263.1,159.3,85.8,55.6,---,2.5,2.1,87.8,32.0,3.0,0.5,53,7,327,OFF,OFF,ON,ON,53,770,770,0,Cooling,00,61.0,239.4,480,76,75,157.9,18.0
2026/06/15 14:11:55,R32,Cooling,ON,OFF,OFF,OFF,OFF,OFF,OFF,OFF,Normal,00,OFF,0,OFF,0,OFF,0,OFF,0,OFF,0,OFF,0,100,79.3,85.3,90.1,57.2,85.8,75.4,263.1,159.3,85.8,55.6,---,2.5,2.1,87.8,32.0,3.0,0.5,53,7,327,OFF,OFF,ON,ON,53,770,770,0,Cooling,00,61.0,239.4,480,76,75,157.9,18.0
2026/06/15 14:12:00,R32,Cooling,ON,OFF,OFF,OFF,OFF,OFF,OFF,OFF,Normal,00,OFF,0,OFF,0,OFF,0,OFF,0,OFF,0,OFF,0,100,79.3,85.3,90.1,57.0,85.8,75.4,263.1,157.9,85.8,55.2,---,2.5,2.1,87.8,32.0,3.0,0.5,53,7,327,OFF,OFF,ON,ON,53,770,770,0,Cooling,00,61.0,239.4,480,76,75,157.9,18.0
2026/06/15 14:12:05,R32,Cooling,ON,OFF,OFF,OFF,OFF,OFF,OFF,OFF,Normal,00,OFF,0,OFF,0,OFF,0,OFF,0,OFF,0,OFF,0,100,79.5,85.3,90.5,56.8,85.8,75.4,263.1,157.9,85.8,55.0,---,2.5,2.1,87.8,32.0,3.0,0.5,53,7,327,OFF,OFF,ON,ON,53,770,770,0,Cooling,00,61.0,239.4,480,76,75,157.9,18.0
2026/06/15 14:12:10,R32,Cooling,ON,OFF,OFF,OFF,OFF,OFF,OFF,OFF,Normal,00,OFF,0,OFF,0,OFF,0,OFF,0,OFF,0,OFF,0,100,79.3,85.3,90.5,56.7,85.8,75.2,263.1,157.9,85.8,54.9,---,2.5,2.1,87.8,32.0,3.0,0.5,53,7,327,OFF,OFF,ON,ON,53,770,770,0,Cooling,00,61.0,241.3,480,76,75,155.0,18.0
2026/06/15 14:12:15,R32,Cooling,ON,OFF,OFF,OFF,OFF,OFF,OFF,OFF,Normal,00,OFF,0,OFF,0,OFF,0,OFF,0,OFF,0,OFF,0,100,79.3,85.3,90.5,56.7,85.8,75.2,263.1,157.9,85.8,54.9,---,2.5,2.1,87.8,32.0,3.0,0.5,53,7,327,OFF,OFF,ON,ON,53,770,770,0,Cooling,00,61.0,241.3,480,76,75,155.0,18.0
2026/06/15 14:12:20,R32,Cooling,ON,OFF,OFF,OFF,OFF,OFF,OFF,OFF,Normal,00,OFF,0,OFF,0,OFF,0,OFF,0,OFF,0,OFF,0,100,79.3,85.3,90.5,56.7,85.8,75.2,263.1,157.9,85.8,55.0,---,2.5,2.1,87.8,32.0,3.0,0.5,53,7,327,OFF,OFF,ON,ON,53,770,770,0,Cooling,00,61.0,241.3,480,76,75,155.0,18.0
2026/06/15 14:12:25,R32,Cooling,ON,OFF,OFF,OFF,OFF,OFF,OFF,OFF,Normal,00,OFF,0,OFF,0,OFF,0,OFF,0,OFF,0,OFF,0,100,79.3,85.1,90.7,56.5,85.8,75.2,263.1,157.9,85.8,55.0,---,2.5,2.1,87.8,32.0,3.0,0.5,53,7,327,OFF,OFF,ON,ON,53,770,770,0,Cooling,00,61.0,241.3,480,76,76,155.0,18.0
2026/06/15 14:12:30,R32,Cooling,ON,OFF,OFF,OFF,OFF,OFF,OFF,OFF,Normal,00,OFF,0,OFF,0,OFF,0,OFF,0,OFF,0,OFF,0,100,79.3,85.1,90.7,56.3,85.5,75.0,261.7,157.9,85.5,55.0,---,2.5,2.0,87.8,32.0,3.0,0.5,53,7,327,OFF,OFF,ON,ON,53,770,770,0,Cooling,00,61.0,241.3,480,76,76,155.0,18.0
2026/06/15 14:12:35,R32,Cooling,ON,OFF,OFF,OFF,OFF,OFF,OFF,OFF,Normal,00,OFF,0,OFF,0,OFF,0,OFF,0,OFF,0,OFF,0,100,79.3,84.9,90.7,56.3,85.5,74.8,261.7,157.9,85.5,54.9,---,2.5,2.0,88.2,32.0,3.0,0.5,53,7,327,OFF,OFF,ON,ON,53,770,770,0,Cooling,00,61.0,241.3,480,76,76,155.0,18.0
2026/06/15 14:12:40,R32,Cooling,ON,OFF,OFF,OFF,OFF,OFF,OFF,OFF,Normal,00,OFF,0,OFF,0,OFF,0,OFF,0,OFF,0,OFF,0,100,79.3,84.7,90.7,56.3,85.3,74.8,261.7,156.5,85.3,54.9,---,2.5,2.0,88.9,32.0,3.0,0.5,56,7,327,OFF,OFF,ON,ON,56,770,765,0,Cooling,00,61.0,241.3,480,78,76,155.0,18.0
2026/06/15 14:12:45,R32,Cooling,ON,OFF,OFF,OFF,OFF,OFF,OFF,OFF,Normal,00,OFF,0,OFF,0,OFF,0,OFF,0,OFF,0,OFF,0,100,79.2,84.6,90.7,56.1,85.1,74.7,260.3,155.0,85.1,54.0,---,2.5,2.1,88.7,32.0,3.0,0.5,56,7,327,OFF,OFF,ON,ON,56,770,770,0,Cooling,00,60.3,239.4,480,78,76,153.6,18.0
2026/06/15 14:12:50,R32,Cooling,ON,OFF,OFF,OFF,OFF,OFF,OFF,OFF,Normal,00,OFF,0,OFF,0,OFF,0,OFF,0,OFF,0,OFF,0,100,79.2,84.6,90.7,55.9,85.1,74.5,260.3,155.0,85.1,54.0,---,2.5,2.1,89.2,32.0,3.0,0.5,56,7,327,OFF,OFF,ON,ON,56,770,765,0,Cooling,00,60.3,239.4,480,78,76,153.6,18.0
2026/06/15 14:12:55,R32,Cooling,ON,OFF,OFF,OFF,OFF,OFF,OFF,OFF,Normal,00,OFF,0,OFF,0,OFF,0,OFF,0,OFF,0,OFF,0,100,79.2,84.6,90.7,55.9,85.1,74.5,260.3,155.0,85.1,54.0,---,2.5,2.1,89.6,32.0,3.0,0.5,56,7,327,OFF,OFF,ON,ON,56,770,765,0,Cooling,00,60.3,239.4,480,78,76,153.6,18.0
2026/06/15 14:13:00,R32,Cooling,ON,OFF,OFF,OFF,OFF,OFF,OFF,OFF,Normal,00,OFF,0,OFF,0,OFF,0,OFF,0,OFF,0,OFF,0,100,79.2,84.6,90.7,55.8,85.1,74.5,260.3,155.0,85.1,53.8,---,2.5,2.1,89.6,32.0,3.0,0.5,56,7,327,OFF,OFF,ON,ON,56,770,770,0,Cooling,00,60.3,239.4,480,78,76,153.6,18.0
2026/06/15 14:13:05,R32,Cooling,ON,OFF,OFF,OFF,OFF,OFF,OFF,OFF,Normal,00,OFF,0,OFF,0,OFF,0,OFF,0,OFF,0,OFF,0,100,79.0,84.4,90.7,55.6,84.9,74.3,260.3,153.6,85.1,53.6,---,2.5,2.1,89.6,32.0,3.0,0.5,56,7,327,OFF,OFF,ON,ON,56,770,765,0,Cooling,00,59.7,239.4,480,78,76,155.0,18.0
2026/06/15 14:13:10,R32,Cooling,ON,OFF,OFF,OFF,OFF,OFF,OFF,OFF,Normal,00,OFF,0,OFF,0,OFF,0,OFF,0,OFF,0,OFF,0,100,79.0,84.4,90.7,55.4,84.9,74.3,260.3,153.6,84.9,53.4,---,2.5,2.0,89.6,32.0,3.0,0.5,56,7,327,OFF,OFF,ON,ON,56,770,770,0,Cooling,00,59.7,239.4,480,78,76,155.0,18.0
2026/06/15 14:13:15,R32,Cooling,ON,OFF,OFF,OFF,OFF,OFF,OFF,OFF,Normal,00,OFF,0,OFF,0,OFF,0,OFF,0,OFF,0,OFF,0,100,78.8,84.0,90.7,55.2,84.7,74.1,258.9,153.6,84.7,53.2,---,2.5,2.0,89.6,32.0,3.0,0.5,56,7,327,OFF,OFF,ON,ON,56,770,770,0,Cooling,00,59.7,239.4,480,78,76,155.0,18.0
2026/06/15 14:13:20,R32,Cooling,ON,OFF,OFF,OFF,OFF,OFF,OFF,OFF,Normal,00,OFF,0,OFF,0,OFF,0,OFF,0,OFF,0,OFF,0,100,78.6,83.8,90.7,55.0,84.6,73.9,258.9,153.6,84.6,53.1,---,2.5,2.1,89.6,32.0,3.0,0.5,56,7,327,OFF,OFF,ON,ON,56,770,770,0,Cooling,00,59.7,239.4,480,78,78,155.0,18.0
2026/06/15 14:13:25,R32,Cooling,ON,OFF,OFF,OFF,OFF,OFF,OFF,OFF,Normal,00,OFF,0,OFF,0,OFF,0,OFF,0,OFF,0,OFF,0,100,78.6,83.8,90.7,55.0,84.4,73.8,257.4,153.6,84.4,53.1,---,2.5,2.0,89.6,32.0,3.0,0.5,56,7,327,OFF,OFF,ON,ON,56,770,770,0,Cooling,00,59.0,239.4,480,78,78,152.2,18.0
2026/06/15 14:13:30,R32,Cooling,ON,OFF,OFF,OFF,OFF,OFF,OFF,OFF,Normal,00,OFF,0,OFF,0,OFF,0,OFF,0,OFF,0,OFF,0,100,78.4,83.7,90.5,54.9,84.4,73.8,257.4,152.2,84.4,52.9,---,2.5,2.0,89.6,32.0,3.0,0.5,56,7,327,OFF,OFF,ON,ON,56,770,770,0,Cooling,00,59.0,239.4,480,78,78,152.2,18.0
2026/06/15 14:13:35,R32,Cooling,ON,OFF,OFF,OFF,OFF,OFF,OFF,OFF,Normal,00,OFF,0,OFF,0,OFF,0,OFF,0,OFF,0,OFF,0,100,78.3,83.5,90.5,54.9,84.2,73.6,257.4,153.6,84.2,53.1,---,2.5,2.0,89.6,32.0,3.0,0.5,56,7,327,OFF,OFF,ON,ON,56,770,770,0,Cooling,00,59.0,239.4,480,78,78,152.2,18.0
2026/06/15 14:13:40,R32,Cooling,ON,OFF,OFF,OFF,OFF,OFF,OFF,OFF,Normal,00,OFF,0,OFF,0,OFF,0,OFF,0,OFF,0,OFF,0,100,78.3,83.3,90.5,54.9,84.0,73.4,256.0,153.6,84.0,53.2,---,2.5,2.0,89.6,32.0,3.0,0.5,59,7,327,OFF,OFF,ON,ON,59,770,770,0,Cooling,00,59.0,239.4,480,80,78,152.2,18.0
2026/06/15 14:13:45,R32,Cooling,ON,OFF,OFF,OFF,OFF,OFF,OFF,OFF,Normal,00,OFF,0,OFF,0,OFF,0,OFF,0,OFF,0,OFF,0,100,78.1,83.1,90.5,54.7,83.8,73.2,256.0,152.2,83.8,52.5,---,3.0,2.1,89.6,32.0,3.5,0.5,60,7,327,OFF,OFF,ON,ON,59,770,770,0,Cooling,00,59.0,239.4,480,80,78,152.2,18.0
2026/06/15 14:13:50,R32,Cooling,ON,OFF,OFF,OFF,OFF,OFF,OFF,OFF,Normal,00,OFF,0,OFF,0,OFF,0,OFF,0,OFF,0,OFF,0,100,78.1,83.1,90.5,54.5,83.8,73.2,256.0,150.8,83.8,52.3,---,2.9,2.1,89.6,32.0,3.4,0.5,60,7,327,OFF,OFF,ON,ON,59,770,770,0,Cooling,00,59.0,239.4,480,80,78,152.2,18.0
2026/06/15 14:13:55,R32,Cooling,ON,OFF,OFF,OFF,OFF,OFF,OFF,OFF,Normal,00,OFF,0,OFF,0,OFF,0,OFF,0,OFF,0,OFF,0,100,77.9,82.9,90.5,54.3,83.7,73.0,254.6,150.8,83.7,52.3,---,3.0,2.1,89.6,32.0,3.5,0.5,60,7,327,OFF,OFF,ON,ON,59,770,770,0,Cooling,00,59.0,239.4,480,80,78,152.2,18.0
2026/06/15 14:14:00,R32,Cooling,ON,OFF,OFF,OFF,OFF,OFF,OFF,OFF,Normal,00,OFF,0,OFF,0,OFF,0,OFF,0,OFF,0,OFF,0,100,77.7,83.1,90.5,54.1,83.7,73.0,254.6,150.8,83.7,52.2,---,3.0,2.2,89.6,32.0,3.5,0.5,60,7,327,OFF,OFF,ON,ON,59,770,770,0,Cooling,00,58.5,239.4,480,80,78,149.3,18.0
2026/06/15 14:14:10,R32,Cooling,ON,OFF,OFF,OFF,OFF,OFF,OFF,OFF,Normal,00,OFF,0,OFF,0,OFF,0,OFF,0,OFF,0,OFF,0,100,77.5,83.3,90.5,54.1,83.7,73.0,254.6,150.8,83.7,52.3,---,3.0,2.2,89.6,32.0,3.5,0.5,60,7,327,OFF,OFF,ON,ON,59,770,770,0,Cooling,00,58.5,239.4,480,80,78,149.3,18.0
2026/06/15 14:14:15,R32,Cooling,ON,OFF,OFF,OFF,OFF,OFF,OFF,OFF,Normal,00,OFF,0,OFF,0,OFF,0,OFF,0,OFF,0,OFF,0,100,77.4,83.5,90.5,54.0,83.8,73.2,256.0,150.8,83.8,52.3,---,3.0,2.1,89.6,32.0,3.5,0.5,60,7,327,OFF,OFF,ON,ON,59,770,770,0,Cooling,00,58.1,239.4,480,80,80,150.8,18.0
2026/06/15 14:14:20,R32,Cooling,ON,OFF,OFF,OFF,OFF,OFF,OFF,OFF,Normal,00,OFF,0,OFF,0,OFF,0,OFF,0,OFF,0,OFF,0,100,77.2,83.5,90.7,53.8,83.8,73.2,256.0,150.8,83.8,52.3,---,3.0,2.1,89.6,32.0,3.5,0.5,60,7,327,OFF,OFF,ON,ON,59,770,770,0,Cooling,00,58.1,239.4,480,80,80,150.8,18.0
2026/06/15 14:14:25,R32,Cooling,ON,OFF,OFF,OFF,OFF,OFF,OFF,OFF,Normal,00,OFF,0,OFF,0,OFF,0,OFF,0,OFF,0,OFF,0,100,77.2,83.5,90.7,53.8,84.0,73.2,256.0,150.8,83.8,52.3,---,3.0,2.1,89.6,32.0,3.5,0.5,60,7,327,OFF,OFF,ON,ON,59,770,765,0,Cooling,00,58.1,239.4,480,80,80,150.8,18.0
2026/06/15 14:14:30,R32,Cooling,ON,OFF,OFF,OFF,OFF,OFF,OFF,OFF,Normal,00,OFF,0,OFF,0,OFF,0,OFF,0,OFF,0,OFF,0,100,77.0,83.7,90.7,53.8,84.0,73.2,256.0,150.8,84.0,52.0,---,3.0,2.2,89.6,32.0,3.5,0.5,60,7,327,OFF,OFF,ON,ON,59,770,770,0,Cooling,00,58.5,239.4,480,80,80,150.8,18.0
2026/06/15 14:14:35,R32,Cooling,ON,OFF,OFF,OFF,OFF,OFF,OFF,OFF,Normal,00,OFF,0,OFF,0,OFF,0,OFF,0,OFF,0,OFF,0,100,76.8,83.7,90.7,53.8,84.0,73.2,256.0,150.8,84.0,52.2,---,3.0,2.2,89.6,32.0,3.5,0.5,60,7,327,OFF,OFF,ON,ON,59,770,765,0,Cooling,00,58.5,239.4,480,80,80,150.8,18.0
2026/06/15 14:14:40,R32,Cooling,ON,OFF,OFF,OFF,OFF,OFF,OFF,OFF,Normal,00,OFF,0,OFF,0,OFF,0,OFF,0,OFF,0,OFF,0,100,76.6,83.7,90.7,53.8,84.0,73.4,256.0,150.8,84.0,52.3,---,3.0,2.2,89.6,32.0,3.5,0.5,63,7,327,OFF,OFF,ON,ON,63,770,770,0,Cooling,00,58.5,239.4,480,83,80,150.8,18.0
2026/06/15 14:14:45,R32,Cooling,ON,OFF,OFF,OFF,OFF,OFF,OFF,OFF,Normal,00,OFF,0,OFF,0,OFF,0,OFF,0,OFF,0,OFF,0,100,76.6,83.8,91.0,53.8,84.2,73.6,257.4,149.3,84.2,51.8,---,3.2,2.3,89.6,32.0,3.7,0.5,64,7,327,OFF,OFF,ON,ON,63,770,770,0,Cooling,00,58.5,239.4,480,83,80,150.8,18.0
2026/06/15 14:14:50,R32,Cooling,ON,OFF,OFF,OFF,OFF,OFF,OFF,OFF,Normal,00,OFF,0,OFF,0,OFF,0,OFF,0,OFF,0,OFF,0,100,76.5,84.0,91.2,53.6,84.2,73.6,257.4,149.3,84.2,51.8,---,3.3,2.3,89.6,32.0,3.8,0.5,64,7,327,OFF,OFF,ON,ON,63,770,770,0,Cooling,00,58.5,239.4,480,83,80,152.2,18.0
2026/06/15 14:14:55,R32,Cooling,ON,OFF,OFF,OFF,OFF,OFF,OFF,OFF,Normal,00,OFF,0,OFF,0,OFF,0,OFF,0,OFF,0,OFF,0,100,76.5,84.2,91.2,53.4,84.4,73.8,257.4,149.3,84.4,51.4,---,3.4,2.3,89.6,32.0,3.9,0.5,64,7,327,OFF,OFF,ON,ON,63,770,770,0,Cooling,00,58.5,239.4,480,83,80,152.2,18.0
2026/06/15 14:15:00,R32,Cooling,ON,OFF,OFF,OFF,OFF,OFF,OFF,OFF,Normal,00,OFF,0,OFF,0,OFF,0,OFF,0,OFF,0,OFF,0,100,76.5,84.4,91.2,53.4,84.6,73.9,258.9,149.3,84.6,51.4,---,3.4,2.3,89.6,32.0,3.9,0.5,64,7,327,OFF,OFF,ON,ON,63,770,770,0,Cooling,00,58.5,239.4,480,83,83,152.2,18.0
2026/06/15 14:15:05,R32,Cooling,ON,OFF,OFF,OFF,OFF,OFF,OFF,OFF,Normal,00,OFF,0,OFF,0,OFF,0,OFF,0,OFF,0,OFF,0,100,76.5,84.7,91.6,53.4,84.7,73.9,258.9,149.3,84.7,51.4,---,3.3,2.3,89.6,32.0,3.8,0.5,64,7,327,OFF,OFF,ON,ON,63,770,770,0,Cooling,00,58.5,239.4,480,83,83,149.3,18.0
2026/06/15 14:15:10,R32,Cooling,ON,OFF,OFF,OFF,OFF,OFF,OFF,OFF,Normal,00,OFF,0,OFF,0,OFF,0,OFF,0,OFF,0,OFF,0,100,76.5,84.9,91.8,53.4,84.9,74.1,260.3,149.3,84.9,51.6,---,3.3,2.3,89.6,32.0,3.8,0.5,64,7,327,OFF,OFF,ON,ON,63,770,770,0,Cooling,00,58.5,239.4,480,83,83,149.3,18.0
2026/06/15 14:15:15,R32,Cooling,ON,OFF,OFF,OFF,OFF,OFF,OFF,OFF,Normal,00,OFF,0,OFF,0,OFF,0,OFF,0,OFF,0,OFF,0,100,76.5,84.9,91.8,53.4,85.1,74.1,260.3,147.9,85.1,51.3,---,3.3,2.3,89.6,32.0,3.8,0.5,64,7,327,OFF,OFF,ON,ON,63,770,765,0,Cooling,00,58.5,239.4,480,83,83,149.3,18.0
2026/06/15 14:15:20,R32,Cooling,ON,OFF,OFF,OFF,OFF,OFF,OFF,OFF,Normal,00,OFF,0,OFF,0,OFF,0,OFF,0,OFF,0,OFF,0,100,76.3,84.9,92.1,53.2,85.1,74.1,260.3,147.9,85.1,51.3,---,3.3,2.3,89.6,32.0,3.8,0.5,64,7,327,OFF,OFF,ON,ON,63,770,770,0,Cooling,00,58.5,239.4,480,83,83,149.3,18.0
2026/06/15 14:15:25,R32,Cooling,ON,OFF,OFF,OFF,OFF,OFF,OFF,OFF,Normal,00,OFF,0,OFF,0,OFF,0,OFF,0,OFF,0,OFF,0,100,76.3,84.7,92.1,53.2,85.1,74.1,260.3,147.9,85.1,51.1,---,3.2,2.3,89.6,32.0,3.7,0.5,64,7,327,OFF,OFF,ON,ON,63,770,770,0,Cooling,00,58.5,239.4,480,83,83,149.3,18.0
2026/06/15 14:15:30,R32,Cooling,ON,OFF,OFF,OFF,OFF,OFF,OFF,OFF,Normal,00,OFF,0,OFF,0,OFF,0,OFF,0,OFF,0,OFF,0,100,76.3,84.7,92.1,53.1,85.1,74.1,260.3,147.9,85.1,51.1,---,3.3,2.3,89.6,32.0,3.8,0.5,64,7,327,OFF,OFF,ON,ON,63,770,770,0,Cooling,00,58.5,239.4,480,83,83,149.3,18.0
2026/06/15 14:15:35,R32,Cooling,ON,OFF,OFF,OFF,OFF,OFF,OFF,OFF,Normal,00,OFF,0,OFF,0,OFF,0,OFF,0,OFF,0,OFF,0,100,76.1,84.7,92.1,53.1,85.1,73.9,260.3,147.9,85.1,51.1,---,3.3,2.3,89.6,32.0,3.8,0.5,64,7,327,OFF,OFF,ON,ON,63,770,770,0,Cooling,00,58.5,239.4,480,83,83,149.3,18.0
2026/06/15 14:15:40,R32,Cooling,ON,OFF,OFF,OFF,OFF,OFF,OFF,OFF,Normal,00,OFF,0,OFF,0,OFF,0,OFF,0,OFF,0,OFF,0,100,76.1,84.7,92.3,53.1,84.9,73.9,260.3,147.9,85.1,51.3,---,3.3,2.3,89.6,32.0,3.8,0.5,68,7,327,OFF,OFF,ON,ON,67,770,770,0,Cooling,00,57.9,239.4,480,85,83,147.9,18.0
2026/06/15 14:15:45,R32,Cooling,ON,OFF,OFF,OFF,OFF,OFF,OFF,OFF,Normal,00,OFF,0,OFF,0,OFF,0,OFF,0,OFF,0,OFF,0,100,75.9,84.6,92.3,52.9,85.1,73.9,260.3,147.9,84.9,50.7,---,3.4,2.4,89.6,32.0,3.9,0.5,68,7,327,OFF,OFF,ON,ON,67,770,770,0,Cooling,00,57.9,239.4,480,85,83,147.9,18.0
2026/06/15 14:15:50,R32,Cooling,ON,OFF,OFF,OFF,OFF,OFF,OFF,OFF,Normal,00,OFF,0,OFF,0,OFF,0,OFF,0,OFF,0,OFF,0,100,75.9,84.6,92.3,52.9,85.1,73.9,260.3,146.5,85.1,50.5,---,3.4,2.4,89.6,32.0,3.9,0.5,68,7,327,OFF,OFF,ON,ON,67,770,770,0,Cooling,00,57.9,239.4,480,85,83,147.9,18.0
2026/06/15 14:15:55,R32,Cooling,ON,OFF,OFF,OFF,OFF,OFF,OFF,OFF,Normal,00,OFF,0,OFF,0,OFF,0,OFF,0,OFF,0,OFF,0,100,75.9,84.7,92.7,52.7,85.1,74.1,260.3,146.5,85.1,50.5,---,3.4,2.4,89.6,32.0,3.9,0.5,68,7,327,OFF,OFF,ON,ON,67,770,770,0,Cooling,00,57.9,239.4,480,85,83,146.5,18.0
2026/06/15 14:16:00,R32,Cooling,ON,OFF,OFF,OFF,OFF,OFF,OFF,OFF,Normal,00,OFF,0,OFF,0,OFF,0,OFF,0,OFF,0,OFF,0,100,75.9,84.9,92.7,52.7,85.3,74.1,261.7,146.5,85.3,50.5,---,3.4,2.4,89.6,32.0,3.9,0.5,68,7,327,OFF,OFF,ON,ON,67,770,770,0,Cooling,00,57.9,239.4,480,85,83,146.5,18.0
2026/06/15 14:16:05,R32,Cooling,ON,OFF,OFF,OFF,OFF,OFF,OFF,OFF,Normal,00,OFF,0,OFF,0,OFF,0,OFF,0,OFF,0,OFF,0,100,75.9,84.9,93.0,52.5,85.3,74.1,261.7,146.5,85.3,50.4,---,3.4,2.4,89.6,32.0,3.9,0.5,68,7,327,OFF,OFF,ON,ON,67,770,770,0,Cooling,00,57.9,239.4,480,85,83,146.5,18.0
2026/06/15 14:16:10,R32,Cooling,ON,OFF,OFF,OFF,OFF,OFF,OFF,OFF,Normal,00,OFF,0,OFF,0,OFF,0,OFF,0,OFF,0,OFF,0,100,75.7,85.1,93.0,52.5,85.3,74.1,261.7,146.5,85.3,50.4,---,3.4,2.4,89.6,32.0,3.9,0.5,68,7,327,OFF,OFF,ON,ON,67,770,770,0,Cooling,00,57.9,239.4,480,85,85,145.1,18.0
2026/06/15 14:16:15,R32,Cooling,ON,OFF,OFF,OFF,OFF,OFF,OFF,OFF,Normal,00,OFF,0,OFF,0,OFF,0,OFF,0,OFF,0,OFF,0,100,75.7,85.3,93.2,52.5,85.5,74.3,261.7,146.5,85.5,50.5,---,3.4,2.4,89.6,32.0,3.9,0.5,68,7,327,OFF,OFF,ON,ON,67,770,770,0,Cooling,00,57.9,239.4,480,85,85,145.1,18.0
2026/06/15 14:16:20,R32,Cooling,ON,OFF,OFF,OFF,OFF,OFF,OFF,OFF,Normal,00,OFF,0,OFF,0,OFF,0,OFF,0,OFF,0,OFF,0,100,75.7,85.3,93.2,52.3,85.5,74.5,261.7,146.5,85.5,50.5,---,3.4,2.4,89.6,32.0,3.9,0.5,68,7,327,OFF,OFF,ON,ON,67,770,770,0,Cooling,00,57.9,239.4,480,85,85,145.1,18.0
2026/06/15 14:16:25,R32,Cooling,ON,OFF,OFF,OFF,OFF,OFF,OFF,OFF,Normal,00,OFF,0,OFF,0,OFF,0,OFF,0,OFF,0,OFF,0,100,75.7,85.5,93.6,52.3,85.8,74.5,263.1,146.5,85.8,50.5,---,3.4,2.4,89.6,32.0,3.9,0.5,68,7,327,OFF,OFF,ON,ON,67,770,770,0,Cooling,00,57.9,239.4,480,85,85,145.1,18.0
2026/06/15 14:16:30,R32,Cooling,ON,OFF,OFF,OFF,OFF,OFF,OFF,OFF,Normal,00,OFF,0,OFF,0,OFF,0,OFF,0,OFF,0,OFF,0,100,75.6,85.5,93.6,52.2,85.8,74.7,263.1,146.5,85.8,50.5,---,3.4,2.4,89.6,32.0,3.9,0.5,68,7,327,OFF,OFF,ON,ON,67,770,770,0,Cooling,00,57.7,239.4,480,85,85,146.5,18.0
2026/06/15 14:16:35,R32,Cooling,ON,OFF,OFF,OFF,OFF,OFF,OFF,OFF,Normal,00,OFF,0,OFF,0,OFF,0,OFF,0,OFF,0,OFF,0,100,75.6,85.3,93.6,52.2,85.8,74.7,264.5,146.5,86.0,50.4,---,3.4,2.4,89.6,32.0,3.9,0.5,68,7,327,OFF,OFF,ON,ON,67,770,770,0,Cooling,00,57.7,239.4,480,85,85,146.5,18.0
2026/06/15 14:16:40,R32,Cooling,ON,OFF,OFF,OFF,OFF,OFF,OFF,OFF,Normal,00,OFF,0,OFF,0,OFF,0,OFF,0,OFF,0,OFF,0,100,75.6,85.5,93.7,52.2,85.8,74.5,263.1,146.5,85.8,50.5,---,3.6,2.4,89.6,32.0,4.1,0.5,72,7,327,OFF,OFF,ON,ON,73,770,770,0,Cooling,00,57.7,239.4,480,87,85,146.5,18.0
2026/06/15 14:16:45,R32,Cooling,ON,OFF,OFF,OFF,OFF,OFF,OFF,OFF,Normal,00,OFF,0,OFF,0,OFF,0,OFF,0,OFF,0,OFF,0,100,75.4,85.5,93.7,52.2,86.0,74.5,263.1,143.7,85.8,49.5,---,4.2,2.5,89.6,32.0,4.7,0.5,73,7,327,OFF,OFF,ON,ON,73,770,770,0,Cooling,00,57.7,239.4,480,88,85,146.5,18.0
2026/06/15 14:16:50,R32,Cooling,ON,OFF,OFF,OFF,OFF,OFF,OFF,OFF,Normal,00,OFF,0,OFF,0,OFF,0,OFF,0,OFF,0,OFF,0,100,75.4,85.8,94.1,52.0,86.0,74.7,264.5,143.7,86.0,49.3,---,4.3,2.6,89.6,32.0,4.8,0.5,73,7,327,OFF,OFF,ON,ON,73,770,770,0,Cooling,00,57.7,239.4,480,88,85,142.2,18.0
2026/06/15 14:16:55,R32,Cooling,ON,OFF,OFF,OFF,OFF,OFF,OFF,OFF,Normal,00,OFF,0,OFF,0,OFF,0,OFF,0,OFF,0,OFF,0,100,75.4,85.8,94.1,51.8,86.2,74.8,264.5,143.7,86.2,49.1,---,4.2,2.6,89.6,32.0,4.7,0.5,73,7,327,OFF,OFF,ON,ON,73,770,770,0,Cooling,00,57.7,239.4,480,88,85,142.2,18.0
2026/06/15 14:17:00,R32,Cooling,ON,OFF,OFF,OFF,OFF,OFF,OFF,OFF,Normal,00,OFF,0,OFF,0,OFF,0,OFF,0,OFF,0,OFF,0,100,75.4,86.2,94.3,51.6,86.4,75.0,266.0,143.7,86.4,49.1,---,4.3,2.6,90.0,32.0,4.8,0.5,73,7,327,OFF,OFF,ON,ON,73,770,765,0,Cooling,00,57.7,239.4,480,88,85,142.2,18.0
2026/06/15 14:17:05,R32,Cooling,ON,OFF,OFF,OFF,OFF,OFF,OFF,OFF,Normal,00,OFF,0,OFF,0,OFF,0,OFF,0,OFF,0,OFF,0,100,75.4,86.4,94.6,51.6,86.5,75.2,266.0,143.7,86.5,49.3,---,4.3,2.6,90.5,32.0,4.8,0.5,73,7,327,OFF,OFF,ON,ON,73,770,770,0,Cooling,00,57.7,239.4,480,88,85,142.2,18.0
2026/06/15 14:17:10,R32,Cooling,ON,OFF,OFF,OFF,OFF,OFF,OFF,OFF,Normal,00,OFF,0,OFF,0,OFF,0,OFF,0,OFF,0,OFF,0,100,75.4,86.5,94.8,51.4,86.7,75.2,266.0,143.7,86.5,49.1,---,4.3,2.6,90.5,32.0,4.8,0.5,73,7,327,OFF,OFF,ON,ON,73,770,770,0,Cooling,00,57.7,239.4,480,88,85,142.2,18.0
2026/06/15 14:17:15,R32,Cooling,ON,OFF,OFF,OFF,OFF,OFF,OFF,OFF,Normal,00,OFF,0,OFF,0,OFF,0,OFF,0,OFF,0,OFF,0,100,75.4,86.9,95.2,51.3,87.1,75.6,267.4,143.7,86.9,49.3,---,4.3,2.7,90.5,32.0,4.8,0.5,73,7,327,OFF,OFF,ON,ON,73,770,770,0,Cooling,00,57.4,239.4,480,88,85,145.1,18.0
2026/06/15 14:17:20,R32,Cooling,ON,OFF,OFF,OFF,OFF,OFF,OFF,OFF,Normal,00,OFF,0,OFF,0,OFF,0,OFF,0,OFF,0,OFF,0,100,75.6,87.1,95.4,51.3,87.3,75.7,268.8,143.7,87.1,49.3,---,4.3,2.6,90.1,32.0,4.8,0.5,73,7,327,OFF,OFF,ON,ON,73,770,770,0,Cooling,00,57.4,239.4,480,88,85,145.1,18.0
2026/06/15 14:17:25,R32,Cooling,ON,OFF,OFF,OFF,OFF,OFF,OFF,OFF,Normal,00,OFF,0,OFF,0,OFF,0,OFF,0,OFF,0,OFF,0,100,75.6,87.4,95.5,51.1,87.4,76.1,270.2,143.7,87.4,49.5,---,4.3,2.6,90.5,32.0,4.8,0.5,73,7,327,OFF,OFF,ON,ON,73,770,770,0,Cooling,00,57.4,239.4,480,88,88,145.1,18.0
2026/06/15 14:17:30,R32,Cooling,ON,OFF,OFF,OFF,OFF,OFF,OFF,OFF,Normal,00,OFF,0,OFF,0,OFF,0,OFF,0,OFF,0,OFF,0,100,75.6,87.4,95.9,51.1,87.6,76.1,271.7,143.7,87.6,49.3,---,4.3,2.6,90.5,32.0,4.8,0.5,73,7,327,OFF,OFF,ON,ON,73,770,770,0,Cooling,00,57.9,241.3,480,88,88,145.1,18.0
2026/06/15 14:17:35,R32,Cooling,ON,OFF,OFF,OFF,OFF,OFF,OFF,OFF,Normal,00,OFF,0,OFF,0,OFF,0,OFF,0,OFF,0,OFF,0,100,75.7,87.4,96.1,51.3,87.6,76.3,271.7,143.7,87.8,49.1,---,4.2,2.6,90.5,32.0,4.7,0.5,73,7,327,OFF,OFF,ON,ON,73,770,770,0,Cooling,00,57.9,241.3,480,88,88,145.1,18.0
2026/06/15 14:17:40,R32,Cooling,ON,OFF,OFF,OFF,OFF,OFF,OFF,OFF,Normal,00,OFF,0,OFF,0,OFF,0,OFF,0,OFF,0,OFF,0,100,75.7,87.4,96.1,51.1,87.8,76.1,271.7,142.2,87.8,48.9,---,4.3,2.6,90.5,32.0,4.8,0.5,73,7,327,OFF,OFF,ON,ON,73,770,770,0,Cooling,00,57.9,241.3,480,88,88,145.1,18.0
2026/06/15 14:17:45,R32,Cooling,ON,OFF,OFF,OFF,OFF,OFF,OFF,OFF,Normal,00,OFF,0,OFF,0,OFF,0,OFF,0,OFF,0,OFF,0,100,75.6,87.4,96.4,51.1,87.8,76.1,271.7,142.2,87.8,48.9,---,4.3,2.6,90.5,32.0,4.8,0.5,73,7,327,OFF,OFF,ON,ON,73,770,770,0,Cooling,00,57.9,241.3,480,88,88,145.1,18.0
2026/06/15 14:17:50,R32,Cooling,ON,OFF,OFF,OFF,OFF,OFF,OFF,OFF,Normal,00,OFF,0,OFF,0,OFF,0,OFF,0,OFF,0,OFF,0,100,75.6,87.3,96.4,51.1,87.8,76.1,271.7,142.2,87.8,48.9,---,4.3,2.6,90.5,32.0,4.8,0.5,73,7,327,OFF,OFF,ON,ON,73,770,770,0,Cooling,00,57.6,239.4,480,88,88,143.7,18.0
2026/06/15 14:17:55,R32,Cooling,ON,OFF,OFF,OFF,OFF,OFF,OFF,OFF,Normal,00,OFF,0,OFF,0,OFF,0,OFF,0,OFF,0,OFF,0,100,75.6,87.4,96.6,51.1,87.8,76.3,271.7,143.7,87.8,49.1,---,4.3,2.7,90.5,32.0,4.8,0.5,73,7,327,OFF,OFF,ON,ON,73,770,770,0,Cooling,00,57.6,239.4,480,88,88,143.7,18.0
2026/06/15 14:18:00,R32,Cooling,ON,OFF,OFF,OFF,OFF,OFF,OFF,OFF,Normal,00,OFF,0,OFF,0,OFF,0,OFF,0,OFF,0,OFF,0,100,75.7,87.6,97.0,51.1,88.0,76.3,271.7,143.7,87.8,49.5,---,4.3,2.6,90.5,32.0,4.8,0.5,73,7,327,OFF,OFF,ON,ON,73,770,770,0,Cooling,00,57.6,239.4,480,88,88,143.7,18.0
2026/06/15 14:18:05,R32,Cooling,ON,OFF,OFF,OFF,OFF,OFF,OFF,OFF,Normal,00,OFF,0,OFF,0,OFF,0,OFF,0,OFF,0,OFF,0,100,75.7,87.6,97.0,51.1,88.0,76.3,273.1,143.7,88.0,49.3,---,4.3,2.6,90.5,32.0,4.8,0.5,73,7,327,OFF,OFF,ON,ON,73,770,770,0,Cooling,00,57.7,239.4,480,88,88,145.1,18.0
2026/06/15 14:18:10,R32,Cooling,ON,OFF,OFF,OFF,OFF,OFF,OFF,OFF,Normal,00,OFF,0,OFF,0,OFF,0,OFF,0,OFF,0,OFF,0,100,75.7,87.6,97.2,51.1,88.0,76.3,273.1,143.7,88.0,49.3,---,4.3,2.6,90.5,32.0,4.8,0.5,73,7,327,OFF,OFF,ON,ON,73,770,770,0,Cooling,00,57.7,239.4,480,88,88,145.1,18.0
2026/06/15 14:18:15,R32,Cooling,ON,OFF,OFF,OFF,OFF,OFF,OFF,OFF,Normal,00,OFF,0,OFF,0,OFF,0,OFF,0,OFF,0,OFF,0,100,75.7,87.4,97.2,51.3,88.0,76.3,273.1,143.7,88.0,49.1,---,4.3,2.6,90.5,32.0,4.8,0.5,73,7,327,OFF,OFF,ON,ON,73,770,770,0,Cooling,00,57.7,239.4,480,88,88,145.1,18.0
2026/06/15 14:18:20,R32,Cooling,ON,OFF,OFF,OFF,OFF,OFF,OFF,OFF,Normal,00,OFF,0,OFF,0,OFF,0,OFF,0,OFF,0,OFF,0,100,75.7,87.4,97.5,51.1,88.0,76.3,273.1,143.7,88.0,49.3,---,4.3,2.6,90.5,32.0,4.8,0.5,73,7,327,OFF,OFF,ON,ON,73,770,770,0,Cooling,00,57.7,239.4,480,88,88,145.1,18.0
2026/06/15 14:18:25,R32,Cooling,ON,OFF,OFF,OFF,OFF,OFF,OFF,OFF,Normal,00,OFF,0,OFF,0,OFF,0,OFF,0,OFF,0,OFF,0,100,75.7,87.4,97.5,51.3,88.0,76.3,273.1,143.7,88.0,49.3,---,4.3,2.6,90.5,32.0,4.8,0.5,73,7,327,OFF,OFF,ON,ON,73,770,770,0,Cooling,00,57.7,239.4,480,88,88,145.1,18.0
2026/06/15 14:18:30,R32,Cooling,ON,OFF,OFF,OFF,OFF,OFF,OFF,OFF,Normal,00,OFF,0,OFF,0,OFF,0,OFF,0,OFF,0,OFF,0,100,75.7,87.4,97.7,51.1,88.0,76.3,273.1,143.7,88.0,49.5,---,4.3,2.6,90.5,32.0,4.8,0.5,73,7,327,OFF,OFF,ON,ON,73,770,770,0,Cooling,00,57.7,239.4,480,88,88,145.1,18.0
2026/06/15 14:18:35,R32,Cooling,ON,OFF,OFF,OFF,OFF,OFF,OFF,OFF,Normal,00,OFF,0,OFF,0,OFF,0,OFF,0,OFF,0,OFF,0,100,75.7,87.4,97.7,51.1,88.0,76.3,273.1,143.7,88.0,49.5,---,4.3,2.6,90.5,32.0,4.8,0.5,73,7,327,OFF,OFF,ON,ON,73,770,770,0,Cooling,00,57.7,239.4,480,88,88,145.1,18.0
2026/06/15 14:18:40,R32,Cooling,ON,OFF,OFF,OFF,OFF,OFF,OFF,OFF,Normal,00,OFF,0,OFF,0,OFF,0,OFF,0,OFF,0,OFF,0,100,75.7,87.4,97.7,51.1,87.8,76.3,273.1,143.7,88.0,49.3,---,4.3,2.6,90.5,32.0,4.8,0.5,73,7,327,OFF,OFF,ON,ON,73,770,765,0,Cooling,00,57.6,239.4,480,88,88,143.7,18.0
2026/06/15 14:18:45,R32,Cooling,ON,OFF,OFF,OFF,OFF,OFF,OFF,OFF,Normal,00,OFF,0,OFF,0,OFF,0,OFF,0,OFF,0,OFF,0,100,75.7,87.4,98.1,51.1,88.0,76.3,273.1,143.7,88.0,49.3,---,4.3,2.6,90.5,32.0,4.8,0.5,73,7,327,OFF,OFF,ON,ON,73,770,770,0,Cooling,00,57.6,239.4,480,88,88,143.7,18.0
2026/06/15 14:18:50,R32,Cooling,ON,OFF,OFF,OFF,OFF,OFF,OFF,OFF,Normal,00,OFF,0,OFF,0,OFF,0,OFF,0,OFF,0,OFF,0,100,75.7,87.4,98.1,51.1,88.0,76.3,273.1,143.7,88.0,49.3,---,4.3,2.6,90.5,32.0,4.8,0.5,73,7,327,OFF,OFF,ON,ON,73,770,770,0,Cooling,00,57.6,239.4,480,88,88,143.7,18.0
2026/06/15 14:18:55,R32,Cooling,ON,OFF,OFF,OFF,OFF,OFF,OFF,OFF,Normal,00,OFF,0,OFF,0,OFF,0,OFF,0,OFF,0,OFF,0,100,75.7,87.6,98.1,51.1,88.0,76.3,273.1,143.7,88.0,49.5,---,4.3,2.7,90.5,32.0,4.8,0.5,73,7,327,OFF,OFF,ON,ON,73,770,770,0,Cooling,00,57.4,239.4,480,88,88,143.7,18.0
2026/06/15 14:19:00,R32,Cooling,ON,OFF,OFF,OFF,OFF,OFF,OFF,OFF,Normal,00,OFF,0,OFF,0,OFF,0,OFF,0,OFF,0,OFF,0,100,75.7,87.6,98.2,51.1,88.2,76.3,273.1,143.7,88.0,49.5,---,4.3,2.7,90.5,32.0,4.8,0.5,73,7,327,OFF,OFF,ON,ON,73,770,770,0,Cooling,00,57.4,239.4,480,88,88,143.7,18.0
2026/06/15 14:19:05,R32,Cooling,ON,OFF,OFF,OFF,OFF,OFF,OFF,OFF,Normal,00,OFF,0,OFF,0,OFF,0,OFF,0,OFF,0,OFF,0,100,75.7,87.8,98.2,51.1,88.2,76.5,273.1,143.7,88.2,49.5,---,4.3,2.6,90.5,32.0,4.8,0.5,73,7,327,OFF,OFF,ON,ON,73,770,770,0,Cooling,00,57.4,239.4,480,88,88,143.7,18.0
2026/06/15 14:19:10,R32,Cooling,ON,OFF,OFF,OFF,OFF,OFF,OFF,OFF,Normal,00,OFF,0,OFF,0,OFF,0,OFF,0,OFF,0,OFF,0,100,75.7,88.0,98.4,51.1,88.3,76.6,273.1,145.1,88.2,49.6,---,4.3,2.7,90.5,32.0,4.8,0.5,73,7,327,OFF,OFF,ON,ON,73,770,770,0,Cooling,00,57.6,239.4,480,88,88,145.1,18.0
2026/06/15 14:19:15,R32,Cooling,ON,OFF,OFF,OFF,OFF,OFF,OFF,OFF,Normal,00,OFF,0,OFF,0,OFF,0,OFF,0,OFF,0,OFF,0,100,75.7,87.8,98.8,51.1,88.2,76.5,274.5,143.7,88.3,49.5,---,4.3,2.7,90.5,32.0,4.8,0.5,73,7,327,OFF,OFF,ON,ON,73,770,770,0,Cooling,00,57.6,239.4,480,88,88,145.1,18.0
2026/06/15 14:19:20,R32,Cooling,ON,OFF,OFF,OFF,OFF,OFF,OFF,OFF,Normal,00,OFF,0,OFF,0,OFF,0,OFF,0,OFF,0,OFF,0,100,75.7,88.0,98.8,51.1,88.3,76.6,274.5,143.7,88.3,49.3,---,4.3,2.7,90.5,32.0,4.8,0.5,73,7,327,OFF,OFF,ON,ON,73,770,770,0,Cooling,00,57.6,239.4,480,88,88,145.1,18.0
2026/06/15 14:19:25,R32,Cooling,ON,OFF,OFF,OFF,OFF,OFF,OFF,OFF,Normal,00,OFF,0,OFF,0,OFF,0,OFF,0,OFF,0,OFF,0,100,75.9,88.0,98.8,51.1,88.3,76.6,274.5,143.7,88.3,49.5,---,4.3,2.7,90.9,32.0,4.8,0.5,73,7,327,OFF,OFF,ON,ON,73,770,770,0,Cooling,00,57.6,239.4,480,88,88,145.1,18.0
2026/06/15 14:19:30,R32,Cooling,ON,OFF,OFF,OFF,OFF,OFF,OFF,OFF,Normal,00,OFF,0,OFF,0,OFF,0,OFF,0,OFF,0,OFF,0,100,75.9,88.3,99.0,51.1,88.5,76.8,274.5,143.7,88.5,49.5,---,4.3,2.7,91.4,32.0,4.8,0.5,73,7,327,OFF,OFF,ON,ON,73,770,770,0,Cooling,00,57.7,239.4,480,88,88,145.1,18.0
2026/06/15 14:19:35,R32,Cooling,ON,OFF,OFF,OFF,OFF,OFF,OFF,OFF,Normal,00,OFF,0,OFF,0,OFF,0,OFF,0,OFF,0,OFF,0,100,75.9,88.5,99.0,51.1,88.7,77.0,275.9,143.7,88.7,49.5,---,4.3,2.7,91.8,32.0,4.8,0.5,73,7,327,OFF,OFF,ON,ON,73,770,770,0,Cooling,00,57.7,239.4,480,88,88,145.1,18.0
2026/06/15 14:19:40,R32,Cooling,ON,OFF,OFF,OFF,OFF,OFF,OFF,OFF,Normal,00,OFF,0,OFF,0,OFF,0,OFF,0,OFF,0,OFF,0,100,75.9,88.5,99.3,51.1,88.9,77.2,275.9,145.1,88.9,49.8,---,4.3,2.7,91.9,32.0,4.8,0.5,73,7,327,OFF,OFF,ON,ON,73,770,770,0,Cooling,00,57.7,239.4,480,88,88,145.1,18.0
2026/06/15 14:19:45,R32,Cooling,ON,OFF,OFF,OFF,OFF,OFF,OFF,OFF,Normal,00,OFF,0,OFF,0,OFF,0,OFF,0,OFF,0,OFF,0,100,76.1,88.7,99.5,51.3,88.9,77.2,275.9,145.1,88.9,49.6,---,4.3,2.7,92.3,32.0,4.8,0.5,73,7,327,OFF,OFF,ON,ON,73,770,770,0,Cooling,00,58.1,239.4,480,88,88,145.1,18.0
2026/06/15 14:19:50,R32,Cooling,ON,OFF,OFF,OFF,OFF,OFF,OFF,OFF,Normal,00,OFF,0,OFF,0,OFF,0,OFF,0,OFF,0,OFF,0,100,76.1,88.5,99.5,51.3,88.9,77.2,275.9,143.7,88.9,49.5,---,4.3,2.7,92.3,32.0,4.8,0.5,73,7,327,OFF,OFF,ON,ON,73,770,770,0,Cooling,00,58.1,239.4,480,88,88,145.1,18.0
2026/06/15 14:19:55,R32,Cooling,ON,OFF,OFF,OFF,OFF,OFF,OFF,OFF,Normal,00,OFF,0,OFF,0,OFF,0,OFF,0,OFF,0,OFF,0,100,76.1,88.5,99.5,51.3,88.9,77.2,277.3,143.7,89.1,49.5,---,4.3,2.6,91.8,32.0,4.8,0.5,73,7,327,OFF,OFF,ON,ON,73,770,770,0,Cooling,00,58.1,239.4,480,88,88,145.1,18.0
2026/06/15 14:20:00,R32,Cooling,ON,OFF,OFF,OFF,OFF,OFF,OFF,OFF,Normal,00,OFF,0,OFF,0,OFF,0,OFF,0,OFF,0,OFF,0,100,76.1,88.5,99.7,51.3,88.9,77.2,277.3,143.7,89.1,49.1,---,4.3,2.6,92.3,32.0,4.8,0.5,73,7,327,OFF,OFF,ON,ON,73,770,770,0,Cooling,00,58.1,239.4,480,88,88,145.1,18.0
2026/06/15 14:20:05,R32,Cooling,ON,OFF,OFF,OFF,OFF,OFF,OFF,OFF,Normal,00,OFF,0,OFF,0,OFF,0,OFF,0,OFF,0,OFF,0,100,76.1,88.5,99.7,51.3,88.9,77.2,275.9,143.7,88.9,49.5,---,4.3,2.6,92.3,32.0,4.8,0.5,73,7,327,OFF,OFF,ON,ON,73,770,770,0,Cooling,00,57.7,241.3,480,88,88,143.7,18.0
2026/06/15 14:20:10,R32,Cooling,ON,OFF,OFF,OFF,OFF,OFF,OFF,OFF,Normal,00,OFF,0,OFF,0,OFF,0,OFF,0,OFF,0,OFF,0,100,76.1,88.3,99.7,51.1,88.9,77.0,275.9,143.7,88.9,49.3,---,4.3,2.6,92.3,32.0,4.8,0.5,73,7,327,OFF,OFF,ON,ON,73,770,770,0,Cooling,00,57.7,241.3,480,88,88,143.7,18.0
2026/06/15 14:20:15,R32,Cooling,ON,OFF,OFF,OFF,OFF,OFF,OFF,OFF,Normal,00,OFF,0,OFF,0,OFF,0,OFF,0,OFF,0,OFF,0,100,76.1,88.2,99.7,51.1,88.7,77.0,275.9,143.7,88.9,49.3,---,4.3,2.6,92.3,32.0,4.8,0.5,73,7,327,OFF,OFF,ON,ON,73,770,770,0,Cooling,00,57.7,241.3,480,88,88,143.7,18.0
2026/06/15 14:20:20,R32,Cooling,ON,OFF,OFF,OFF,OFF,OFF,OFF,OFF,Normal,00,OFF,0,OFF,0,OFF,0,OFF,0,OFF,0,OFF,0,100,76.1,88.2,99.7,51.1,88.7,76.8,275.9,143.7,88.9,49.3,---,4.3,2.7,92.3,32.0,4.8,0.5,73,7,327,OFF,OFF,ON,ON,73,770,770,0,Cooling,00,57.9,241.3,480,88,88,143.7,18.0
2026/06/15 14:20:25,R32,Cooling,ON,OFF,OFF,OFF,OFF,OFF,OFF,OFF,Normal,00,OFF,0,OFF,0,OFF,0,OFF,0,OFF,0,OFF,0,100,76.3,88.3,100.0,51.1,88.7,77.0,275.9,143.7,88.7,49.5,---,4.3,2.7,92.3,32.0,4.8,0.5,73,7,327,OFF,OFF,ON,ON,73,770,770,0,Cooling,00,57.9,241.3,480,88,88,143.7,18.0
2026/06/15 14:20:30,R32,Cooling,ON,OFF,OFF,OFF,OFF,OFF,OFF,OFF,Normal,00,OFF,0,OFF,0,OFF,0,OFF,0,OFF,0,OFF,0,100,76.3,88.3,100.0,51.1,88.7,77.0,275.9,145.1,88.7,49.6,---,4.3,2.7,92.3,32.0,4.8,0.5,73,7,327,OFF,OFF,ON,ON,73,770,770,0,Cooling,00,57.9,241.3,480,88,88,143.7,18.0
2026/06/15 14:20:35,R32,Cooling,ON,OFF,OFF,OFF,OFF,OFF,OFF,OFF,Normal,00,OFF,0,OFF,0,OFF,0,OFF,0,OFF,0,OFF,0,100,76.3,88.3,100.0,51.1,88.9,77.0,275.9,145.1,88.7,49.8,---,4.3,2.7,92.3,32.0,4.8,0.5,73,7,327,OFF,OFF,ON,ON,73,770,770,0,Cooling,00,57.9,241.3,480,88,88,143.7,18.0
2026/06/15 14:20:40,R32,Cooling,ON,OFF,OFF,OFF,OFF,OFF,OFF,OFF,Normal,00,OFF,0,OFF,0,OFF,0,OFF,0,OFF,0,OFF,0,100,76.3,88.7,100.0,51.3,89.1,77.2,275.9,145.1,88.9,49.8,---,4.3,2.7,92.3,32.0,4.8,0.5,73,7,327,OFF,OFF,ON,ON,73,770,770,0,Cooling,00,58.1,239.4,480,88,88,146.5,18.0
2026/06/15 14:20:45,R32,Cooling,ON,OFF,OFF,OFF,OFF,OFF,OFF,OFF,Normal,00,OFF,0,OFF,0,OFF,0,OFF,0,OFF,0,OFF,0,100,76.5,88.9,100.2,51.3,89.1,77.4,277.3,145.1,89.1,50.0,---,4.3,2.8,92.3,32.0,4.8,0.5,73,7,327,OFF,OFF,ON,ON,73,770,770,0,Cooling,00,58.1,239.4,480,88,88,146.5,18.0
2026/06/15 14:20:50,R32,Cooling,ON,OFF,OFF,OFF,OFF,OFF,OFF,OFF,Normal,00,OFF,0,OFF,0,OFF,0,OFF,0,OFF,0,OFF,0,100,76.5,89.1,100.2,51.4,89.4,77.5,278.8,145.1,89.4,50.0,---,4.3,2.8,92.3,32.0,4.8,0.5,73,7,327,OFF,OFF,ON,ON,73,770,770,0,Cooling,00,58.1,239.4,480,88,88,146.5,18.0
2026/06/15 14:20:55,R32,Cooling,ON,OFF,OFF,OFF,OFF,OFF,OFF,OFF,Normal,00,OFF,0,OFF,0,OFF,0,OFF,0,OFF,0,OFF,0,100,76.6,89.4,100.6,51.4,89.8,77.7,278.8,145.1,89.6,50.2,---,4.3,2.8,92.3,32.0,4.8,0.5,73,7,327,OFF,OFF,ON,ON,73,770,765,0,Cooling,00,58.1,239.4,480,88,88,146.5,18.0
2026/06/15 14:21:00,R32,Cooling,ON,OFF,OFF,OFF,OFF,OFF,OFF,OFF,Normal,00,OFF,0,OFF,0,OFF,0,OFF,0,OFF,0,OFF,0,100,77.0,89.8,100.8,51.4,90.0,78.1,280.2,145.1,90.0,50.0,---,4.3,2.7,92.3,32.0,4.8,0.5,73,7,327,OFF,OFF,ON,ON,73,770,770,0,Cooling,00,58.3,241.3,480,88,88,145.1,18.0
2026/06/15 14:21:05,R32,Cooling,ON,OFF,OFF,OFF,OFF,OFF,OFF,OFF,Normal,00,OFF,0,OFF,0,OFF,0,OFF,0,OFF,0,OFF,0,100,77.2,90.0,100.9,51.4,90.1,78.3,281.6,145.1,90.1,49.8,---,4.3,2.8,92.3,32.0,4.8,0.5,73,7,327,OFF,OFF,ON,ON,73,770,770,0,Cooling,00,58.3,241.3,480,88,88,145.1,18.0
2026/06/15 14:21:15,R32,Cooling,ON,OFF,OFF,OFF,OFF,OFF,OFF,OFF,Normal,00,OFF,0,OFF,0,OFF,0,OFF,0,OFF,0,OFF,0,100,77.5,90.1,101.3,51.4,90.5,78.6,281.6,145.1,90.3,49.6,---,4.6,2.8,92.3,32.0,5.1,0.5,73,7,327,OFF,OFF,ON,ON,73,770,770,0,Cooling,00,58.3,241.3,480,88,88,145.1,18.0
2026/06/15 14:21:25,R32,Cooling,ON,OFF,OFF,OFF,OFF,OFF,OFF,OFF,Normal,00,OFF,0,OFF,0,OFF,0,OFF,0,OFF,0,OFF,0,100,77.9,90.7,101.5,51.4,90.9,79.2,284.5,145.1,90.9,50.2,---,4.3,2.8,92.8,32.0,4.8,0.5,73,7,327,OFF,OFF,ON,ON,73,770,770,0,Cooling,00,58.3,241.3,480,88,88,145.1,18.0
2026/06/15 14:21:35,R32,Cooling,ON,OFF,OFF,OFF,OFF,OFF,OFF,OFF,Normal,00,OFF,0,OFF,0,OFF,0,OFF,0,OFF,0,OFF,0,100,78.4,91.0,101.8,51.6,91.2,79.3,284.5,145.1,91.0,50.0,---,4.3,2.8,93.2,32.0,4.8,0.5,73,7,327,OFF,OFF,ON,ON,73,770,770,0,Cooling,00,59.0,239.4,480,88,88,145.1,18.0
2026/06/15 14:21:40,R32,Cooling,ON,OFF,OFF,OFF,OFF,OFF,OFF,OFF,Normal,00,OFF,0,OFF,0,OFF,0,OFF,0,OFF,0,OFF,0,100,78.6,91.0,102.0,51.6,91.6,79.5,285.9,145.1,91.2,50.0,---,4.3,2.8,93.2,32.0,4.8,0.5,73,7,327,OFF,OFF,ON,ON,73,770,770,0,Cooling,00,59.0,239.4,480,88,88,145.1,18.0
2026/06/15 14:21:45,R32,Cooling,ON,OFF,OFF,OFF,OFF,OFF,OFF,OFF,Normal,00,OFF,0,OFF,0,OFF,0,OFF,0,OFF,0,OFF,0,100,78.6,91.0,102.0,51.6,91.6,79.5,287.3,145.1,91.6,50.0,---,4.3,2.8,93.2,32.0,4.8,0.5,73,7,327,OFF,OFF,ON,ON,73,770,770,0,Cooling,00,59.0,239.4,480,88,88,145.1,18.0
2026/06/15 14:21:50,R32,Cooling,ON,OFF,OFF,OFF,OFF,OFF,OFF,OFF,Normal,00,OFF,0,OFF,0,OFF,0,OFF,0,OFF,0,OFF,0,100,78.8,91.0,102.2,51.6,91.6,79.7,287.3,145.1,91.6,50.0,---,4.3,2.7,93.2,32.0,4.8,0.5,73,7,327,OFF,OFF,ON,ON,73,770,770,0,Cooling,00,59.0,239.4,480,88,88,145.1,18.0
2026/06/15 14:21:55,R32,Cooling,ON,OFF,OFF,OFF,OFF,OFF,OFF,OFF,Normal,00,OFF,0,OFF,0,OFF,0,OFF,0,OFF,0,OFF,0,100,79.0,90.9,102.2,51.8,91.6,79.5,287.3,145.1,91.6,49.8,---,4.3,2.8,93.2,32.0,4.8,0.5,73,7,327,OFF,OFF,ON,ON,73,770,770,0,Cooling,00,59.0,241.3,480,88,88,145.1,18.0
2026/06/15 14:22:00,R32,Cooling,ON,OFF,OFF,OFF,OFF,OFF,OFF,OFF,Normal,00,OFF,0,OFF,0,OFF,0,OFF,0,OFF,0,OFF,0,100,79.0,90.7,102.2,51.6,91.2,79.3,285.9,145.1,91.2,49.6,---,4.3,2.8,93.2,32.0,4.8,0.5,73,7,327,OFF,OFF,ON,ON,73,770,765,0,Cooling,00,59.0,241.3,480,88,88,145.1,18.0
2026/06/15 14:22:05,R32,Cooling,ON,OFF,OFF,OFF,OFF,OFF,OFF,OFF,Normal,00,OFF,0,OFF,0,OFF,0,OFF,0,OFF,0,OFF,0,100,79.2,90.7,102.2,51.6,91.2,79.3,285.9,145.1,91.2,49.8,---,4.3,2.8,93.2,32.0,4.8,0.5,73,7,327,OFF,OFF,ON,ON,73,770,770,0,Cooling,00,59.0,241.3,480,88,88,145.1,18.0
2026/06/15 14:22:10,R32,Cooling,ON,OFF,OFF,OFF,OFF,OFF,OFF,OFF,Normal,00,OFF,0,OFF,0,OFF,0,OFF,0,OFF,0,OFF,0,100,79.3,90.9,102.6,51.6,91.2,79.3,285.9,145.1,91.2,50.0,---,4.3,2.7,93.2,32.0,4.8,0.5,73,7,327,OFF,OFF,ON,ON,73,770,770,0,Cooling,00,59.0,241.3,480,88,88,145.1,18.0
2026/06/15 14:22:15,R32,Cooling,ON,OFF,OFF,OFF,OFF,OFF,OFF,OFF,Normal,00,OFF,0,OFF,0,OFF,0,OFF,0,OFF,0,OFF,0,100,79.3,90.5,102.6,51.6,91.2,79.3,285.9,145.1,91.2,50.0,---,4.3,2.7,93.2,32.0,4.8,0.5,73,7,327,OFF,OFF,ON,ON,73,770,770,0,Cooling,00,58.6,241.3,480,88,88,145.1,18.0
2026/06/15 14:22:20,R32,Cooling,ON,OFF,OFF,OFF,OFF,OFF,OFF,OFF,Normal,00,OFF,0,OFF,0,OFF,0,OFF,0,OFF,0,OFF,0,100,79.5,90.3,102.6,51.6,91.0,79.0,284.5,145.1,91.0,49.6,---,4.3,2.7,93.2,32.0,4.8,0.5,73,7,327,OFF,OFF,ON,ON,73,770,770,0,Cooling,00,58.6,241.3,480,88,88,145.1,18.0
2026/06/15 14:22:25,R32,Cooling,ON,OFF,OFF,OFF,OFF,OFF,OFF,OFF,Normal,00,OFF,0,OFF,0,OFF,0,OFF,0,OFF,0,OFF,0,100,79.5,90.0,102.6,51.6,90.9,78.6,284.5,143.7,90.9,49.5,---,4.3,2.7,93.2,32.0,4.8,0.5,73,7,327,OFF,OFF,ON,ON,73,770,770,0,Cooling,00,58.6,241.3,480,88,88,145.1,18.0
2026/06/15 14:22:30,R32,Cooling,ON,OFF,OFF,OFF,OFF,OFF,OFF,OFF,Normal,00,OFF,0,OFF,0,OFF,0,OFF,0,OFF,0,OFF,0,100,79.5,90.0,102.2,51.6,90.7,78.6,283.0,143.7,90.7,49.5,---,4.3,2.7,93.2,32.0,4.8,0.5,73,7,327,OFF,OFF,ON,ON,73,770,770,0,Cooling,00,58.6,241.3,480,88,88,145.1,18.0
2026/06/15 14:22:35,R32,Cooling,ON,OFF,OFF,OFF,OFF,OFF,OFF,OFF,Normal,00,OFF,0,OFF,0,OFF,0,OFF,0,OFF,0,OFF,0,100,79.5,89.8,102.2,51.6,90.5,78.4,283.0,145.1,90.5,49.6,---,4.3,2.7,93.2,32.0,4.8,0.5,73,7,327,OFF,OFF,ON,ON,73,770,770,0,Cooling,00,58.1,239.4,480,88,88,143.7,18.0
2026/06/15 14:22:40,R32,Cooling,ON,OFF,OFF,OFF,OFF,OFF,OFF,OFF,Normal,00,OFF,0,OFF,0,OFF,0,OFF,0,OFF,0,OFF,0,100,79.5,89.6,102.2,51.6,90.3,78.1,283.0,145.1,90.5,49.6,---,4.3,2.6,93.2,32.0,4.8,0.5,73,7,327,OFF,OFF,ON,ON,73,770,770,0,Cooling,00,58.1,239.4,480,88,88,143.7,18.0
2026/06/15 14:22:45,R32,Cooling,ON,OFF,OFF,OFF,OFF,OFF,OFF,OFF,Normal,00,OFF,0,OFF,0,OFF,0,OFF,0,OFF,0,OFF,0,100,79.5,89.1,102.2,51.4,90.0,77.9,281.6,145.1,90.1,49.6,---,4.3,2.6,93.2,32.0,4.8,0.5,73,7,327,OFF,OFF,ON,ON,73,770,770,0,Cooling,00,58.1,239.4,480,88,88,143.7,18.0
2026/06/15 14:22:50,R32,Cooling,ON,OFF,OFF,OFF,OFF,OFF,OFF,OFF,Normal,00,OFF,0,OFF,0,OFF,0,OFF,0,OFF,0,OFF,0,100,79.3,88.9,102.0,51.4,89.8,77.7,280.2,143.7,90.0,49.5,---,4.3,2.6,93.2,32.0,4.8,0.5,73,7,327,OFF,OFF,ON,ON,73,770,770,0,Cooling,00,58.1,239.4,480,88,88,143.7,18.0
2026/06/15 14:22:55,R32,Cooling,ON,OFF,OFF,OFF,OFF,OFF,OFF,OFF,Normal,00,OFF,0,OFF,0,OFF,0,OFF,0,OFF,0,OFF,0,100,79.2,88.3,101.8,51.3,89.4,77.2,278.8,143.7,89.6,49.1,---,4.3,2.6,93.2,32.0,4.8,0.5,73,7,327,OFF,OFF,ON,ON,73,770,770,0,Cooling,00,57.7,241.3,480,88,88,145.1,18.0
2026/06/15 14:23:00,R32,Cooling,ON,OFF,OFF,OFF,OFF,OFF,OFF,OFF,Normal,00,OFF,0,OFF,0,OFF,0,OFF,0,OFF,0,OFF,0,100,79.2,88.0,101.8,51.3,89.1,77.0,278.8,143.7,89.4,49.3,---,4.2,2.6,93.2,32.0,4.7,0.5,73,7,327,OFF,OFF,ON,ON,73,770,770,0,Cooling,00,57.7,241.3,480,88,88,145.1,18.0
2026/06/15 14:23:05,R32,Cooling,ON,OFF,OFF,OFF,OFF,OFF,OFF,OFF,Normal,00,OFF,0,OFF,0,OFF,0,OFF,0,OFF,0,OFF,0,100,78.8,87.8,101.5,51.1,88.7,76.6,275.9,143.7,88.9,49.3,---,4.3,2.6,93.2,32.0,4.8,0.5,73,7,327,OFF,OFF,ON,ON,73,770,765,0,Cooling,00,57.7,241.3,480,88,88,145.1,18.0
2026/06/15 14:23:10,R32,Cooling,ON,OFF,OFF,OFF,OFF,OFF,OFF,OFF,Normal,00,OFF,0,OFF,0,OFF,0,OFF,0,OFF,0,OFF,0,100,78.6,87.6,101.5,51.1,88.5,76.5,275.9,143.7,88.7,49.3,---,4.3,2.6,93.2,32.0,4.8,0.5,73,7,327,OFF,OFF,ON,ON,73,770,770,0,Cooling,00,57.6,239.4,480,88,88,143.7,18.0
2026/06/15 14:23:15,R32,Cooling,ON,OFF,OFF,OFF,OFF,OFF,OFF,OFF,Normal,00,OFF,0,OFF,0,OFF,0,OFF,0,OFF,0,OFF,0,100,78.6,87.6,101.3,51.1,88.3,76.5,274.5,143.7,88.5,49.5,---,4.3,2.7,93.2,32.0,4.8,0.5,73,7,327,OFF,OFF,ON,ON,73,770,770,0,Cooling,00,57.6,239.4,480,88,88,143.7,18.0
2026/06/15 14:23:20,R32,Cooling,ON,OFF,OFF,OFF,OFF,OFF,OFF,OFF,Normal,00,OFF,0,OFF,0,OFF,0,OFF,0,OFF,0,OFF,0,100,78.4,87.6,101.3,51.1,88.3,76.3,274.5,143.7,88.3,49.5,---,4.3,2.6,93.2,32.0,4.8,0.5,73,7,327,OFF,OFF,ON,ON,73,770,770,0,Cooling,00,57.6,239.4,480,88,88,143.7,18.0
2026/06/15 14:23:25,R32,Cooling,ON,OFF,OFF,OFF,OFF,OFF,OFF,OFF,Normal,00,OFF,0,OFF,0,OFF,0,OFF,0,OFF,0,OFF,0,100,78.3,87.6,101.3,51.1,88.3,76.3,274.5,143.7,88.3,49.5,---,4.3,2.6,93.2,32.0,4.8,0.5,73,7,327,OFF,OFF,ON,ON,73,770,770,0,Cooling,00,57.6,239.4,480,88,88,145.1,18.0
2026/06/15 14:23:30,R32,Cooling,ON,OFF,OFF,OFF,OFF,OFF,OFF,OFF,Normal,00,OFF,0,OFF,0,OFF,0,OFF,0,OFF,0,OFF,0,100,78.3,87.6,101.3,51.1,88.3,76.3,274.5,143.7,88.3,49.5,---,4.3,2.6,93.2,32.0,4.8,0.5,73,7,327,OFF,OFF,ON,ON,73,770,770,0,Cooling,00,57.6,239.4,480,88,88,145.1,18.0
2026/06/15 14:23:35,R32,Cooling,ON,OFF,OFF,OFF,OFF,OFF,OFF,OFF,Normal,00,OFF,0,OFF,0,OFF,0,OFF,0,OFF,0,OFF,0,100,77.9,87.4,101.3,50.9,88.2,76.3,273.1,143.7,88.2,49.3,---,4.3,2.6,93.2,32.0,4.8,0.5,73,7,327,OFF,OFF,ON,ON,73,770,770,0,Cooling,00,57.6,239.4,480,88,88,145.1,18.0
2026/06/15 14:23:40,R32,Cooling,ON,OFF,OFF,OFF,OFF,OFF,OFF,OFF,Normal,00,OFF,0,OFF,0,OFF,0,OFF,0,OFF,0,OFF,0,100,77.9,87.3,100.9,50.9,88.0,76.1,273.1,143.7,88.2,49.1,---,4.3,2.6,93.2,32.0,4.8,0.5,73,7,327,OFF,OFF,ON,ON,73,770,770,0,Cooling,00,57.6,239.4,480,88,88,145.1,18.0
2026/06/15 14:23:45,R32,Cooling,ON,OFF,OFF,OFF,OFF,OFF,OFF,OFF,Normal,00,OFF,0,OFF,0,OFF,0,OFF,0,OFF,0,OFF,0,100,77.7,87.3,100.9,50.9,88.0,76.1,273.1,143.7,88.0,49.1,---,4.3,2.6,93.2,32.0,4.8,0.5,73,7,327,OFF,OFF,ON,ON,73,770,770,0,Cooling,00,57.0,241.3,480,88,88,142.2,18.0
2026/06/15 14:23:50,R32,Cooling,ON,OFF,OFF,OFF,OFF,OFF,OFF,OFF,Normal,00,OFF,0,OFF,0,OFF,0,OFF,0,OFF,0,OFF,0,100,77.5,87.3,100.9,50.9,88.0,76.1,273.1,142.2,88.0,48.9,---,4.3,2.6,93.2,32.0,4.8,0.5,73,7,327,OFF,OFF,ON,ON,73,770,770,0,Cooling,00,57.0,241.3,480,88,88,142.2,18.0
2026/06/15 14:23:55,R32,Cooling,ON,OFF,OFF,OFF,OFF,OFF,OFF,OFF,Normal,00,OFF,0,OFF,0,OFF,0,OFF,0,OFF,0,OFF,0,100,77.4,87.4,100.8,50.9,88.0,76.1,273.1,142.2,88.0,48.9,---,4.3,2.6,93.2,32.0,4.8,0.5,73,7,327,OFF,OFF,ON,ON,73,770,770,0,Cooling,00,57.0,241.3,480,88,88,142.2,18.0
2026/06/15 14:24:00,R32,Cooling,ON,OFF,OFF,OFF,OFF,OFF,OFF,OFF,Normal,00,OFF,0,OFF,0,OFF,0,OFF,0,OFF,0,OFF,0,100,77.4,87.4,100.8,50.7,88.0,76.3,273.1,143.7,88.0,49.1,---,4.3,2.6,93.2,32.0,4.8,0.5,73,7,327,OFF,OFF,ON,ON,73,770,770,0,Cooling,00,57.0,241.3,480,88,88,142.2,18.0
2026/06/15 14:24:05,R32,Cooling,ON,OFF,OFF,OFF,OFF,OFF,OFF,OFF,Normal,00,OFF,0,OFF,0,OFF,0,OFF,0,OFF,0,OFF,0,100,77.2,87.4,100.8,50.9,88.0,76.1,273.1,142.2,88.0,48.9,---,4.3,2.6,93.2,32.0,4.8,0.5,73,7,327,OFF,OFF,ON,ON,73,770,770,0,Cooling,00,57.4,241.3,480,88,88,143.7,18.0
2026/06/15 14:24:10,R32,Cooling,ON,OFF,OFF,OFF,OFF,OFF,OFF,OFF,Normal,00,OFF,0,OFF,0,OFF,0,OFF,0,OFF,0,OFF,0,100,77.2,87.4,100.8,50.9,88.0,76.1,273.1,143.7,88.0,49.1,---,4.3,2.6,93.2,32.0,4.8,0.5,73,7,327,OFF,OFF,ON,ON,73,770,770,0,Cooling,00,57.4,241.3,480,88,88,143.7,18.0
2026/06/15 14:24:15,R32,Cooling,ON,OFF,OFF,OFF,OFF,OFF,OFF,OFF,Normal,00,OFF,0,OFF,0,OFF,0,OFF,0,OFF,0,OFF,0,100,77.2,87.6,100.8,50.9,88.0,76.3,273.1,143.7,88.0,49.1,---,4.3,2.6,93.2,32.0,4.8,0.5,73,7,327,OFF,OFF,ON,ON,73,770,770,0,Cooling,00,57.4,241.3,480,88,88,143.7,18.0
2026/06/15 14:24:20,R32,Cooling,ON,OFF,OFF,OFF,OFF,OFF,OFF,OFF,Normal,00,OFF,0,OFF,0,OFF,0,OFF,0,OFF,0,OFF,0,100,77.2,87.6,100.8,50.9,88.2,76.3,273.1,143.7,88.2,49.3,---,4.3,2.6,93.2,32.0,4.8,0.5,73,7,327,OFF,OFF,ON,ON,73,770,770,0,Cooling,00,57.4,241.3,480,88,88,143.7,18.0
2026/06/15 14:24:25,R32,Cooling,ON,OFF,OFF,OFF,OFF,OFF,OFF,OFF,Normal,00,OFF,0,OFF,0,OFF,0,OFF,0,OFF,0,OFF,0,100,77.2,87.6,100.8,50.9,88.2,76.3,273.1,143.7,88.2,49.5,---,4.2,2.6,93.2,32.0,4.7,0.5,73,7,327,OFF,OFF,ON,ON,73,770,770,0,Cooling,00,57.4,241.3,480,88,88,143.7,18.0
2026/06/15 14:24:30,R32,Cooling,ON,OFF,OFF,OFF,OFF,OFF,OFF,OFF,Normal,00,OFF,0,OFF,0,OFF,0,OFF,0,OFF,0,OFF,0,100,77.0,87.4,100.8,50.9,88.0,76.3,273.1,143.7,88.2,49.1,---,4.3,2.6,93.2,32.0,4.8,0.5,73,7,327,OFF,OFF,ON,ON,73,770,770,0,Cooling,00,57.4,241.3,480,88,88,143.7,18.0
2026/06/15 14:24:35,R32,Cooling,ON,OFF,OFF,OFF,OFF,OFF,OFF,OFF,Normal,00,OFF,0,OFF,0,OFF,0,OFF,0,OFF,0,OFF,0,100,77.0,87.4,100.8,50.9,88.0,76.3,273.1,142.2,88.0,48.9,---,4.3,2.6,93.2,32.0,4.8,0.5,73,7,327,OFF,OFF,ON,ON,73,770,770,0,Cooling,00,57.4,239.4,480,88,88,143.7,18.0
2026/06/15 14:24:40,R32,Cooling,ON,OFF,OFF,OFF,OFF,OFF,OFF,OFF,Normal,00,OFF,0,OFF,0,OFF,0,OFF,0,OFF,0,OFF,0,100,77.0,87.3,100.8,50.9,88.0,76.1,273.1,142.2,88.0,48.9,---,4.3,2.6,93.2,32.0,4.8,0.5,73,7,327,OFF,OFF,ON,ON,73,770,765,0,Cooling,00,57.4,239.4,480,88,88,143.7,18.0
2026/06/15 14:24:45,R32,Cooling,ON,OFF,OFF,OFF,OFF,OFF,OFF,OFF,Normal,00,OFF,0,OFF,0,OFF,0,OFF,0,OFF,0,OFF,0,100,76.8,87.3,100.6,50.9,87.8,76.1,273.1,142.2,88.0,48.9,---,4.3,2.7,93.2,32.0,4.8,0.5,73,7,327,OFF,OFF,ON,ON,73,770,770,0,Cooling,00,57.4,239.4,480,88,88,143.7,18.0
2026/06/15 14:24:50,R32,Cooling,ON,OFF,OFF,OFF,OFF,OFF,OFF,OFF,Normal,00,OFF,0,OFF,0,OFF,0,OFF,0,OFF,0,OFF,0,100,76.8,87.3,100.6,50.9,87.8,76.1,271.7,143.7,87.8,49.1,---,4.3,2.6,93.2,32.0,4.8,0.5,73,7,327,OFF,OFF,ON,ON,73,770,770,0,Cooling,00,57.4,239.4,480,88,88,143.7,18.0
2026/06/15 14:24:55,R32,Cooling,ON,OFF,OFF,OFF,OFF,OFF,OFF,OFF,Normal,00,OFF,0,OFF,0,OFF,0,OFF,0,OFF,0,OFF,0,100,76.6,87.4,100.6,50.9,87.8,76.1,271.7,143.7,87.8,49.3,---,4.3,2.6,93.2,32.0,4.8,0.5,73,7,327,OFF,OFF,ON,ON,73,770,770,0,Cooling,00,57.2,239.4,480,88,88,143.7,18.0
2026/06/15 14:25:00,R32,Cooling,ON,OFF,OFF,OFF,OFF,OFF,OFF,OFF,Normal,00,OFF,0,OFF,0,OFF,0,OFF,0,OFF,0,OFF,0,100,76.8,87.4,100.8,50.9,88.0,76.3,271.7,143.7,87.8,49.5,---,4.3,2.7,93.2,32.0,4.8,0.5,73,7,327,OFF,OFF,ON,ON,73,770,770,0,Cooling,00,57.2,239.4,480,88,88,143.7,18.0
2026/06/15 14:25:05,R32,Cooling,ON,OFF,OFF,OFF,OFF,OFF,OFF,OFF,Normal,00,OFF,0,OFF,0,OFF,0,OFF,0,OFF,0,OFF,0,100,76.8,87.6,100.6,50.9,88.0,76.3,273.1,143.7,88.0,49.5,---,4.3,2.7,93.2,32.0,4.8,0.5,73,7,327,OFF,OFF,ON,ON,73,770,770,0,Cooling,00,57.2,239.4,480,88,88,143.7,18.0
2026/06/15 14:25:10,R32,Cooling,ON,OFF,OFF,OFF,OFF,OFF,OFF,OFF,Normal,00,OFF,0,OFF,0,OFF,0,OFF,0,OFF,0,OFF,0,100,76.8,87.8,100.8,50.9,88.2,76.3,273.1,143.7,88.0,49.3,---,4.3,2.7,93.2,32.0,4.8,0.5,73,7,327,OFF,OFF,ON,ON,73,770,770,0,Cooling,00,57.2,239.4,480,88,88,143.7,18.0
2026/06/15 14:25:15,R32,Cooling,ON,OFF,OFF,OFF,OFF,OFF,OFF,OFF,Normal,00,OFF,0,OFF,0,OFF,0,OFF,0,OFF,0,OFF,0,100,76.8,88.0,100.8,50.9,88.3,76.5,273.1,145.1,88.2,49.6,---,4.3,2.7,93.2,32.0,4.8,0.5,73,7,327,OFF,OFF,ON,ON,73,770,770,0,Cooling,00,57.6,239.4,480,88,88,143.7,18.0
2026/06/15 14:25:20,R32,Cooling,ON,OFF,OFF,OFF,OFF,OFF,OFF,OFF,Normal,00,OFF,0,OFF,0,OFF,0,OFF,0,OFF,0,OFF,0,100,77.0,88.3,100.8,51.1,88.5,76.8,274.5,143.7,88.3,49.5,---,4.3,2.7,93.2,32.0,4.8,0.5,73,7,327,OFF,OFF,ON,ON,73,770,765,0,Cooling,00,57.6,239.4,480,88,88,143.7,18.0
2026/06/15 14:25:25,R32,Cooling,ON,OFF,OFF,OFF,OFF,OFF,OFF,OFF,Normal,00,OFF,0,OFF,0,OFF,0,OFF,0,OFF,0,OFF,0,100,77.0,88.7,100.9,51.1,88.9,77.0,275.9,145.1,88.7,49.6,---,4.3,2.7,93.2,32.0,4.8,0.5,73,7,327,OFF,OFF,ON,ON,73,770,770,0,Cooling,00,57.6,239.4,480,88,88,143.7,18.0
2026/06/15 14:25:35,R32,Cooling,ON,OFF,OFF,OFF,OFF,OFF,OFF,OFF,Normal,00,OFF,0,OFF,0,OFF,0,OFF,0,OFF,0,OFF,0,100,77.0,88.9,100.9,51.1,89.1,77.2,277.3,143.7,89.1,49.3,---,4.3,2.6,93.2,32.0,4.8,0.5,73,7,327,OFF,OFF,ON,ON,73,770,770,0,Cooling,00,57.9,241.3,480,88,88,145.1,18.0
2026/06/15 14:25:40,R32,Cooling,ON,OFF,OFF,OFF,OFF,OFF,OFF,OFF,Normal,00,OFF,0,OFF,0,OFF,0,OFF,0,OFF,0,OFF,0,100,77.0,88.7,100.9,51.1,89.1,77.2,277.3,142.2,89.1,48.9,---,4.3,2.6,93.2,32.0,4.8,0.5,73,7,327,OFF,OFF,ON,ON,73,770,765,0,Cooling,00,57.9,241.3,480,88,88,145.1,18.0
2026/06/15 14:25:45,R32,Cooling,ON,OFF,OFF,OFF,OFF,OFF,OFF,OFF,Normal,00,OFF,0,OFF,0,OFF,0,OFF,0,OFF,0,OFF,0,100,77.0,88.5,100.9,50.9,89.1,77.2,277.3,142.2,89.1,48.9,---,4.3,2.6,93.2,32.0,4.8,0.5,73,7,327,OFF,OFF,ON,ON,73,770,770,0,Cooling,00,57.9,241.3,480,88,88,145.1,18.0
2026/06/15 14:25:50,R32,Cooling,ON,OFF,OFF,OFF,OFF,OFF,OFF,OFF,Normal,00,OFF,0,OFF,0,OFF,0,OFF,0,OFF,0,OFF,0,100,77.0,88.3,100.9,50.9,88.9,77.0,277.3,142.2,89.1,48.9,---,4.3,2.7,93.2,32.0,4.8,0.5,73,7,327,OFF,OFF,ON,ON,73,770,770,0,Cooling,00,57.9,241.3,480,88,88,145.1,18.0
2026/06/15 14:25:55,R32,Cooling,ON,OFF,OFF,OFF,OFF,OFF,OFF,OFF,Normal,00,OFF,0,OFF,0,OFF,0,OFF,0,OFF,0,OFF,0,100,77.0,88.3,100.9,50.9,88.9,76.8,275.9,142.2,88.9,48.7,---,4.3,2.7,93.2,32.0,4.8,0.5,73,7,327,OFF,OFF,ON,ON,73,770,770,0,Cooling,00,57.7,239.4,480,88,88,142.2,18.0
2026/06/15 14:26:00,R32,Cooling,ON,OFF,OFF,OFF,OFF,OFF,OFF,OFF,Normal,00,OFF,0,OFF,0,OFF,0,OFF,0,OFF,0,OFF,0,100,77.0,88.3,100.9,50.9,88.7,76.8,275.9,142.2,88.9,48.9,---,4.3,2.7,93.2,32.0,4.8,0.5,73,7,327,OFF,OFF,ON,ON,73,770,765,0,Cooling,00,57.7,239.4,480,88,88,142.2,18.0
2026/06/15 14:26:05,R32,Cooling,ON,OFF,OFF,OFF,OFF,OFF,OFF,OFF,Normal,00,OFF,0,OFF,0,OFF,0,OFF,0,OFF,0,OFF,0,100,76.8,88.2,100.9,50.9,88.7,76.8,275.9,143.7,88.7,49.1,---,4.3,2.6,93.2,32.0,4.8,0.5,73,7,327,OFF,OFF,ON,ON,73,770,770,0,Cooling,00,57.7,239.4,480,88,88,142.2,18.0
2026/06/15 14:26:10,R32,Cooling,ON,OFF,OFF,OFF,OFF,OFF,OFF,OFF,Normal,00,OFF,0,OFF,0,OFF,0,OFF,0,OFF,0,OFF,0,100,76.8,88.2,100.9,50.9,88.7,76.8,275.9,143.7,88.7,49.1,---,4.3,2.6,93.2,32.0,4.8,0.5,73,7,327,OFF,OFF,ON,ON,73,770,770,0,Cooling,00,57.7,241.3,480,88,88,143.7,18.0
2026/06/15 14:26:15,R32,Cooling,ON,OFF,OFF,OFF,OFF,OFF,OFF,OFF,Normal,00,OFF,0,OFF,0,OFF,0,OFF,0,OFF,0,OFF,0,100,76.8,88.0,100.9,50.9,88.5,76.6,275.9,143.7,88.7,49.1,---,4.3,2.6,93.2,32.0,4.8,0.5,73,7,327,OFF,OFF,ON,ON,73,770,770,0,Cooling,00,57.7,241.3,480,88,88,143.7,18.0
2026/06/15 14:26:20,R32,Cooling,ON,OFF,OFF,OFF,OFF,OFF,OFF,OFF,Normal,00,OFF,0,OFF,0,OFF,0,OFF,0,OFF,0,OFF,0,100,76.8,88.0,100.9,50.9,88.5,76.6,274.5,143.7,88.5,49.1,---,4.3,2.6,93.2,32.0,4.8,0.5,73,7,327,OFF,OFF,ON,ON,73,770,770,0,Cooling,00,57.7,241.3,480,88,88,143.7,18.0
2026/06/15 14:26:25,R32,Cooling,ON,OFF,OFF,OFF,OFF,OFF,OFF,OFF,Normal,00,OFF,0,OFF,0,OFF,0,OFF,0,OFF,0,OFF,0,100,76.6,87.8,100.9,50.9,88.3,76.5,274.5,143.7,88.3,49.1,---,4.3,2.6,93.2,32.0,4.8,0.5,73,7,327,OFF,OFF,ON,ON,73,770,770,0,Cooling,00,57.7,241.3,480,88,88,143.7,18.0
2026/06/15 14:26:30,R32,Cooling,ON,OFF,OFF,OFF,OFF,OFF,OFF,OFF,Normal,00,OFF,0,OFF,0,OFF,0,OFF,0,OFF,0,OFF,0,100,76.6,87.6,100.8,51.1,88.3,76.3,274.5,143.7,88.3,49.1,---,4.3,2.6,93.2,32.0,4.8,0.5,73,7,327,OFF,OFF,ON,ON,73,770,770,0,Cooling,00,57.6,239.4,480,88,88,145.1,18.0
2026/06/15 14:26:35,R32,Cooling,ON,OFF,OFF,OFF,OFF,OFF,OFF,OFF,Normal,00,OFF,0,OFF,0,OFF,0,OFF,0,OFF,0,OFF,0,100,76.6,87.4,100.8,50.9,88.2,76.3,273.1,143.7,88.2,49.1,---,4.3,2.6,93.2,32.0,4.8,0.5,73,7,327,OFF,OFF,ON,ON,73,770,770,0,Cooling,00,57.6,239.4,480,88,88,145.1,18.0
2026/06/15 14:26:40,R32,Cooling,ON,OFF,OFF,OFF,OFF,OFF,OFF,OFF,Normal,00,OFF,0,OFF,0,OFF,0,OFF,0,OFF,0,OFF,0,100,76.6,87.6,100.8,50.9,88.2,76.3,274.5,143.7,88.3,49.1,---,4.3,2.6,93.2,32.0,4.8,0.5,73,7,327,OFF,OFF,ON,ON,73,770,770,0,Cooling,00,57.6,239.4,480,88,88,145.1,18.0
2026/06/15 14:26:45,R32,Cooling,ON,OFF,OFF,OFF,OFF,OFF,OFF,OFF,Normal,00,OFF,0,OFF,0,OFF,0,OFF,0,OFF,0,OFF,0,100,76.5,87.4,100.8,50.9,88.2,76.3,273.1,142.2,88.2,48.9,---,4.3,2.6,93.2,32.0,4.8,0.5,73,7,327,OFF,OFF,ON,ON,73,770,770,0,Cooling,00,57.6,239.4,480,88,88,145.1,18.0
2026/06/15 14:26:50,R32,Cooling,ON,OFF,OFF,OFF,OFF,OFF,OFF,OFF,Normal,00,OFF,0,OFF,0,OFF,0,OFF,0,OFF,0,OFF,0,100,76.5,87.4,100.8,50.9,88.2,76.3,273.1,143.7,88.2,49.1,---,4.3,2.6,93.2,32.0,4.8,0.5,73,7,327,OFF,OFF,ON,ON,73,770,770,0,Cooling,00,57.0,241.3,480,88,88,143.7,18.0
2026/06/15 14:26:55,R32,Cooling,ON,OFF,OFF,OFF,OFF,OFF,OFF,OFF,Normal,00,OFF,0,OFF,0,OFF,0,OFF,0,OFF,0,OFF,0,100,76.5,87.4,100.8,50.9,88.2,76.3,273.1,142.2,88.2,48.9,---,4.3,2.7,93.2,32.0,4.8,0.5,73,7,327,OFF,OFF,ON,ON,73,770,770,0,Cooling,00,57.0,241.3,480,88,88,143.7,18.0
2026/06/15 14:27:00,R32,Cooling,ON,OFF,OFF,OFF,OFF,OFF,OFF,OFF,Normal,00,OFF,0,OFF,0,OFF,0,OFF,0,OFF,0,OFF,0,100,76.5,87.6,100.8,50.7,88.0,76.3,273.1,142.2,88.0,48.9,---,4.3,2.7,93.2,32.0,4.8,0.5,73,7,327,OFF,OFF,ON,ON,73,770,770,0,Cooling,00,57.0,241.3,480,88,88,143.7,18.0
2026/06/15 14:27:05,R32,Cooling,ON,OFF,OFF,OFF,OFF,OFF,OFF,OFF,Normal,00,OFF,0,OFF,0,OFF,0,OFF,0,OFF,0,OFF,0,100,76.3,87.6,100.8,50.9,88.2,76.3,273.1,143.7,88.2,49.1,---,4.3,2.7,93.2,32.0,4.8,0.5,73,7,327,OFF,OFF,ON,ON,73,770,770,0,Cooling,00,57.4,239.4,480,88,88,143.7,18.0
2026/06/15 14:27:10,R32,Cooling,ON,OFF,OFF,OFF,OFF,OFF,OFF,OFF,Normal,00,OFF,0,OFF,0,OFF,0,OFF,0,OFF,0,OFF,0,100,76.3,87.8,100.8,50.9,88.2,76.3,273.1,143.7,88.2,49.1,---,4.3,2.6,93.2,32.0,4.8,0.5,73,7,327,OFF,OFF,ON,ON,73,770,765,0,Cooling,00,57.4,239.4,480,88,88,143.7,18.0
2026/06/15 14:27:15,R32,Cooling,ON,OFF,OFF,OFF,OFF,OFF,OFF,OFF,Normal,00,OFF,0,OFF,0,OFF,0,OFF,0,OFF,0,OFF,0,100,76.3,87.8,100.8,50.9,88.2,76.3,273.1,143.7,88.2,49.1,---,4.3,2.6,93.2,32.0,4.8,0.5,73,7,327,OFF,OFF,ON,ON,73,770,770,0,Cooling,00,57.4,239.4,480,88,88,143.7,18.0
2026/06/15 14:27:20,R32,Cooling,ON,OFF,OFF,OFF,OFF,OFF,OFF,OFF,Normal,00,OFF,0,OFF,0,OFF,0,OFF,0,OFF,0,OFF,0,100,76.3,87.6,100.8,50.9,88.2,76.3,273.1,143.7,88.2,49.1,---,4.3,2.6,93.2,32.0,4.8,0.5,73,7,327,OFF,OFF,ON,ON,73,770,770,0,Cooling,00,57.4,239.4,480,88,88,143.7,18.0
2026/06/15 14:27:25,R32,Cooling,ON,OFF,OFF,OFF,OFF,OFF,OFF,OFF,Normal,00,OFF,0,OFF,0,OFF,0,OFF,0,OFF,0,OFF,0,100,76.3,87.6,100.8,50.9,88.2,76.3,273.1,142.2,88.2,48.9,---,4.3,2.6,93.2,32.0,4.8,0.5,73,7,327,OFF,OFF,ON,ON,73,770,770,0,Cooling,00,57.4,239.4,480,88,88,143.7,18.0
2026/06/15 14:27:30,R32,Cooling,ON,OFF,OFF,OFF,OFF,OFF,OFF,OFF,Normal,00,OFF,0,OFF,0,OFF,0,OFF,0,OFF,0,OFF,0,100,76.3,87.6,100.8,50.9,88.2,76.3,273.1,142.2,88.2,48.9,---,4.3,2.6,93.2,32.0,4.8,0.5,73,7,327,OFF,OFF,ON,ON,73,770,770,0,Cooling,00,57.4,239.4,480,88,88,143.7,18.0
2026/06/15 14:27:35,R32,Cooling,ON,OFF,OFF,OFF,OFF,OFF,OFF,OFF,Normal,00,OFF,0,OFF,0,OFF,0,OFF,0,OFF,0,OFF,0,100,76.3,87.4,100.6,50.7,88.0,76.1,273.1,142.2,88.0,48.9,---,4.3,2.6,93.2,32.0,4.8,0.5,73,7,327,OFF,OFF,ON,ON,73,770,765,0,Cooling,00,57.4,239.4,480,88,88,143.7,18.0
2026/06/15 14:27:40,R32,Cooling,ON,OFF,OFF,OFF,OFF,OFF,OFF,OFF,Normal,00,OFF,0,OFF,0,OFF,0,OFF,0,OFF,0,OFF,0,100,76.3,87.4,100.6,50.7,88.0,76.1,273.1,142.2,88.0,48.9,---,4.3,2.6,93.2,32.0,4.8,0.5,73,7,327,OFF,OFF,ON,ON,73,770,770,0,Cooling,00,57.2,241.3,480,88,88,145.1,18.0
2026/06/15 14:27:45,R32,Cooling,ON,OFF,OFF,OFF,OFF,OFF,OFF,OFF,Normal,00,OFF,0,OFF,0,OFF,0,OFF,0,OFF,0,OFF,0,100,76.3,87.4,100.6,50.7,88.0,76.3,273.1,143.7,88.0,49.3,---,4.3,2.6,93.2,32.0,4.8,0.5,73,7,327,OFF,OFF,ON,ON,73,770,770,0,Cooling,00,57.2,241.3,480,88,88,145.1,18.0
2026/06/15 14:27:50,R32,Cooling,ON,OFF,OFF,OFF,OFF,OFF,OFF,OFF,Normal,00,OFF,0,OFF,0,OFF,0,OFF,0,OFF,0,OFF,0,100,76.1,87.4,100.6,50.9,87.8,76.3,273.1,143.7,88.0,49.3,---,4.3,2.6,93.2,32.0,4.8,0.5,73,7,327,OFF,OFF,ON,ON,73,770,765,0,Cooling,00,57.2,241.3,480,88,88,145.1,18.0
2026/06/15 14:27:55,R32,Cooling,ON,OFF,OFF,OFF,OFF,OFF,OFF,OFF,Normal,00,OFF,0,OFF,0,OFF,0,OFF,0,OFF,0,OFF,0,100,76.1,87.4,100.6,50.9,88.0,76.3,273.1,143.7,88.0,49.3,---,4.3,2.7,93.2,32.0,4.8,0.5,73,7,327,OFF,OFF,ON,ON,73,770,770,0,Cooling,00,57.2,241.3,480,88,88,145.1,18.0
2026/06/15 14:28:00,R32,Cooling,ON,OFF,OFF,OFF,OFF,OFF,OFF,OFF,Normal,00,OFF,0,OFF,0,OFF,0,OFF,0,OFF,0,OFF,0,100,76.1,87.4,100.6,50.9,88.0,76.3,273.1,143.7,88.0,49.3,---,4.3,2.6,93.2,32.0,4.8,0.5,73,7,327,OFF,OFF,ON,ON,73,770,770,0,Cooling,00,57.4,239.4,480,88,88,145.1,18.0
2026/06/15 14:28:05,R32,Cooling,ON,OFF,OFF,OFF,OFF,OFF,OFF,OFF,Normal,00,OFF,0,OFF,0,OFF,0,OFF,0,OFF,0,OFF,0,100,76.1,87.6,100.6,50.9,88.0,76.3,273.1,143.7,88.0,49.5,---,4.3,2.7,93.2,32.0,4.8,0.5,73,7,327,OFF,OFF,ON,ON,73,770,770,0,Cooling,00,57.4,239.4,480,88,88,145.1,18.0
2026/06/15 14:28:10,R32,Cooling,ON,OFF,OFF,OFF,OFF,OFF,OFF,OFF,Normal,00,OFF,0,OFF,0,OFF,0,OFF,0,OFF,0,OFF,0,100,76.1,87.6,100.6,50.9,88.0,76.3,273.1,143.7,88.0,49.3,---,4.3,2.7,93.2,32.0,4.8,0.5,73,7,327,OFF,OFF,ON,ON,73,770,770,0,Cooling,00,57.6,241.3,480,88,88,145.1,18.0
2026/06/15 14:28:20,R32,Cooling,ON,OFF,OFF,OFF,OFF,OFF,OFF,OFF,Normal,00,OFF,0,OFF,0,OFF,0,OFF,0,OFF,0,OFF,0,100,76.3,87.8,100.6,50.9,88.2,76.5,273.1,143.7,88.2,49.5,---,4.3,2.6,93.2,32.0,4.8,0.5,73,7,327,OFF,OFF,ON,ON,73,770,770,0,Cooling,00,57.6,241.3,480,88,88,145.1,18.0
2026/06/15 14:28:25,R32,Cooling,ON,OFF,OFF,OFF,OFF,OFF,OFF,OFF,Normal,00,OFF,0,OFF,0,OFF,0,OFF,0,OFF,0,OFF,0,100,76.3,87.8,100.8,51.1,88.3,76.5,274.5,143.7,88.3,49.3,---,4.2,2.6,93.2,32.0,4.7,0.5,73,7,327,OFF,OFF,ON,ON,73,770,770,0,Cooling,00,57.6,241.3,480,88,88,145.1,18.0
2026/06/15 14:28:30,R32,Cooling,ON,OFF,OFF,OFF,OFF,OFF,OFF,OFF,Normal,00,OFF,0,OFF,0,OFF,0,OFF,0,OFF,0,OFF,0,100,76.3,87.6,100.6,50.9,88.2,76.3,274.5,143.7,88.3,49.1,---,4.3,2.6,93.2,32.0,4.8,0.5,73,7,327,OFF,OFF,ON,ON,73,770,770,0,Cooling,00,57.6,239.4,480,88,88,145.1,18.0
2026/06/15 14:28:35,R32,Cooling,ON,OFF,OFF,OFF,OFF,OFF,OFF,OFF,Normal,00,OFF,0,OFF,0,OFF,0,OFF,0,OFF,0,OFF,0,100,76.3,87.6,100.6,50.9,88.2,76.3,273.1,142.2,88.2,48.9,---,4.3,2.6,93.2,32.0,4.8,0.5,73,7,327,OFF,OFF,ON,ON,73,770,770,0,Cooling,00,57.6,239.4,480,88,88,145.1,18.0
2026/06/15 14:28:40,R32,Cooling,ON,OFF,OFF,OFF,OFF,OFF,OFF,OFF,Normal,00,OFF,0,OFF,0,OFF,0,OFF,0,OFF,0,OFF,0,100,76.3,87.4,100.6,50.9,88.2,76.3,273.1,142.2,88.2,48.9,---,4.3,2.6,92.8,32.0,4.8,0.5,73,7,327,OFF,OFF,ON,ON,73,770,770,0,Cooling,00,57.6,239.4,480,88,88,145.1,18.0
2026/06/15 14:28:45,R32,Cooling,ON,OFF,OFF,OFF,OFF,OFF,OFF,OFF,Normal,00,OFF,0,OFF,0,OFF,0,OFF,0,OFF,0,OFF,0,100,76.3,87.3,100.6,50.9,88.0,76.1,273.1,142.2,88.0,48.7,---,4.3,2.6,92.7,32.0,4.8,0.5,73,7,327,OFF,OFF,ON,ON,73,770,770,0,Cooling,00,57.6,239.4,480,88,88,145.1,18.0
2026/06/15 14:28:50,R32,Cooling,ON,OFF,OFF,OFF,OFF,OFF,OFF,OFF,Normal,00,OFF,0,OFF,0,OFF,0,OFF,0,OFF,0,OFF,0,100,76.3,87.1,100.2,50.9,87.8,75.9,273.1,142.2,88.0,48.9,---,4.3,2.6,92.7,32.0,4.8,0.5,73,7,327,OFF,OFF,ON,ON,73,770,770,0,Cooling,00,57.2,241.3,480,88,88,142.2,18.0
2026/06/15 14:28:55,R32,Cooling,ON,OFF,OFF,OFF,OFF,OFF,OFF,OFF,Normal,00,OFF,0,OFF,0,OFF,0,OFF,0,OFF,0,OFF,0,100,76.3,87.1,100.2,50.9,87.8,75.9,271.7,142.2,87.8,48.9,---,4.3,2.7,92.7,32.0,4.8,0.5,73,7,327,OFF,OFF,ON,ON,73,770,770,0,Cooling,00,57.2,241.3,480,88,88,142.2,18.0
2026/06/15 14:29:00,R32,Cooling,ON,OFF,OFF,OFF,OFF,OFF,OFF,OFF,Normal,00,OFF,0,OFF,0,OFF,0,OFF,0,OFF,0,OFF,0,100,76.1,87.1,100.2,50.9,87.6,75.9,271.7,143.7,87.8,49.1,---,4.3,2.7,92.8,32.0,4.8,0.5,73,7,327,OFF,OFF,ON,ON,73,770,770,0,Cooling,00,57.2,241.3,480,88,88,142.2,18.0
2026/06/15 14:29:05,R32,Cooling,ON,OFF,OFF,OFF,OFF,OFF,OFF,OFF,Normal,00,OFF,0,OFF,0,OFF,0,OFF,0,OFF,0,OFF,0,100,76.1,87.1,100.2,50.9,87.6,75.9,271.7,143.7,87.6,49.3,---,4.3,2.7,92.8,32.0,4.8,0.5,73,7,327,OFF,OFF,ON,ON,73,770,770,0,Cooling,00,57.2,241.3,480,88,88,142.2,18.0
2026/06/15 14:29:10,R32,Cooling,ON,OFF,OFF,OFF,OFF,OFF,OFF,OFF,Normal,00,OFF,0,OFF,0,OFF,0,OFF,0,OFF,0,OFF,0,100,76.1,87.4,100.6,50.9,87.8,76.1,271.7,143.7,87.8,49.5,---,4.3,2.7,92.8,32.0,4.8,0.5,73,7,327,OFF,OFF,ON,ON,73,770,770,0,Cooling,00,57.4,239.4,480,88,88,143.7,18.0
2026/06/15 14:29:15,R32,Cooling,ON,OFF,OFF,OFF,OFF,OFF,OFF,OFF,Normal,00,OFF,0,OFF,0,OFF,0,OFF,0,OFF,0,OFF,0,100,76.3,87.6,100.6,50.9,88.0,76.3,271.7,145.1,87.8,49.6,---,4.3,2.7,93.2,32.0,4.8,0.5,73,7,327,OFF,OFF,ON,ON,73,770,770,0,Cooling,00,57.4,239.4,480,88,88,143.7,18.0
2026/06/15 14:29:20,R32,Cooling,ON,OFF,OFF,OFF,OFF,OFF,OFF,OFF,Normal,00,OFF,0,OFF,0,OFF,0,OFF,0,OFF,0,OFF,0,100,76.3,87.8,100.6,51.1,88.2,76.5,273.1,145.1,88.0,49.8,---,4.3,2.7,93.2,32.0,4.8,0.5,73,7,327,OFF,OFF,ON,ON,73,770,770,0,Cooling,00,57.4,239.4,480,88,88,143.7,18.0
2026/06/15 14:29:25,R32,Cooling,ON,OFF,OFF,OFF,OFF,OFF,OFF,OFF,Normal,00,OFF,0,OFF,0,OFF,0,OFF,0,OFF,0,OFF,0,100,76.3,88.0,100.6,51.1,88.3,76.6,274.5,145.1,88.3,49.8,---,4.3,2.7,92.8,32.0,4.8,0.5,73,7,327,OFF,OFF,ON,ON,73,770,765,0,Cooling,00,57.4,239.4,480,88,88,143.7,18.0
2026/06/15 14:29:30,R32,Cooling,ON,OFF,OFF,OFF,OFF,OFF,OFF,OFF,Normal,00,OFF,0,OFF,0,OFF,0,OFF,0,OFF,0,OFF,0,100,76.3,88.2,100.8,51.1,88.5,76.8,274.5,143.7,88.3,49.5,---,4.3,2.7,93.2,32.0,4.8,0.5,73,7,327,OFF,OFF,ON,ON,73,770,770,0,Cooling,00,57.7,239.4,480,88,88,145.1,18.0
2026/06/15 14:29:35,R32,Cooling,ON,OFF,OFF,OFF,OFF,OFF,OFF,OFF,Normal,00,OFF,0,OFF,0,OFF,0,OFF,0,OFF,0,OFF,0,100,76.5,88.2,100.8,51.1,88.5,76.8,274.5,143.7,88.5,49.3,---,4.3,2.7,93.2,32.0,4.8,0.5,73,7,327,OFF,OFF,ON,ON,73,770,770,0,Cooling,00,57.7,239.4,480,88,88,145.1,18.0
2026/06/15 14:29:40,R32,Cooling,ON,OFF,OFF,OFF,OFF,OFF,OFF,OFF,Normal,00,OFF,0,OFF,0,OFF,0,OFF,0,OFF,0,OFF,0,100,76.6,88.3,100.8,51.1,88.7,76.8,275.9,143.7,88.7,49.5,---,4.3,2.7,93.2,32.0,4.8,0.5,73,7,327,OFF,OFF,ON,ON,73,770,770,0,Cooling,00,57.7,239.4,480,88,88,145.1,18.0
2026/06/15 14:29:45,R32,Cooling,ON,OFF,OFF,OFF,OFF,OFF,OFF,OFF,Normal,00,OFF,0,OFF,0,OFF,0,OFF,0,OFF,0,OFF,0,100,76.6,88.5,100.9,51.1,88.9,77.0,275.9,143.7,88.7,49.3,---,4.3,2.7,93.2,32.0,4.8,0.5,73,7,327,OFF,OFF,ON,ON,73,770,770,0,Cooling,00,57.7,239.4,480,88,88,145.1,18.0
2026/06/15 14:29:50,R32,Cooling,ON,OFF,OFF,OFF,OFF,OFF,OFF,OFF,Normal,00,OFF,0,OFF,0,OFF,0,OFF,0,OFF,0,OFF,0,100,76.8,88.7,100.9,50.9,89.1,77.4,275.9,143.7,88.9,49.3,---,4.3,2.7,93.2,32.0,4.8,0.5,73,7,327,OFF,OFF,ON,ON,73,770,770,0,Cooling,00,57.9,239.4,480,88,88,143.7,18.0
2026/06/15 14:29:55,R32,Cooling,ON,OFF,OFF,OFF,OFF,OFF,OFF,OFF,Normal,00,OFF,0,OFF,0,OFF,0,OFF,0,OFF,0,OFF,0,100,76.8,88.9,100.9,50.9,89.1,77.5,277.3,143.7,89.1,49.5,---,4.3,2.8,93.2,32.0,4.8,0.5,73,7,327,OFF,OFF,ON,ON,73,770,770,0,Cooling,00,57.9,239.4,480,88,88,143.7,18.0
2026/06/15 14:30:00,R32,Cooling,ON,OFF,OFF,OFF,OFF,OFF,OFF,OFF,Normal,00,OFF,0,OFF,0,OFF,0,OFF,0,OFF,0,OFF,0,100,77.0,89.1,101.3,51.1,89.4,77.7,277.3,143.7,89.1,49.5,---,4.3,2.8,93.2,32.0,4.8,0.5,73,7,327,OFF,OFF,ON,ON,73,770,770,0,Cooling,00,57.9,239.4,480,88,88,143.7,18.0
2026/06/15 14:30:05,R32,Cooling,ON,OFF,OFF,OFF,OFF,OFF,OFF,OFF,Normal,00,OFF,0,OFF,0,OFF,0,OFF,0,OFF,0,OFF,0,100,77.2,89.6,101.3,51.1,89.6,77.9,278.8,143.7,89.4,49.5,---,4.3,2.8,93.2,32.0,4.8,0.5,73,7,327,OFF,OFF,ON,ON,73,770,765,0,Cooling,00,57.9,239.4,480,88,88,143.7,18.0
2026/06/15 14:30:10,R32,Cooling,ON,OFF,OFF,OFF,OFF,OFF,OFF,OFF,Normal,00,OFF,0,OFF,0,OFF,0,OFF,0,OFF,0,OFF,0,100,77.2,89.6,101.5,51.3,89.8,78.1,278.8,145.1,89.6,49.6,---,4.3,2.8,93.2,32.0,4.8,0.5,73,7,327,OFF,OFF,ON,ON,73,770,770,0,Cooling,00,58.5,241.3,480,88,88,145.1,18.0
2026/06/15 14:30:15,R32,Cooling,ON,OFF,OFF,OFF,OFF,OFF,OFF,OFF,Normal,00,OFF,0,OFF,0,OFF,0,OFF,0,OFF,0,OFF,0,100,77.4,90.0,101.5,51.3,90.0,78.3,280.2,145.1,90.0,49.6,---,4.3,2.8,93.2,32.0,4.8,0.5,73,7,327,OFF,OFF,ON,ON,73,770,770,0,Cooling,00,58.5,241.3,480,88,88,145.1,18.0
2026/06/15 14:30:20,R32,Cooling,ON,OFF,OFF,OFF,OFF,OFF,OFF,OFF,Normal,00,OFF,0,OFF,0,OFF,0,OFF,0,OFF,0,OFF,0,100,77.5,90.1,101.8,51.4,90.3,78.6,281.6,145.1,90.1,49.8,---,4.3,2.8,93.2,32.0,4.8,0.5,73,7,327,OFF,OFF,ON,ON,73,770,770,0,Cooling,00,58.5,241.3,480,88,88,145.1,18.0
2026/06/15 14:30:25,R32,Cooling,ON,OFF,OFF,OFF,OFF,OFF,OFF,OFF,Normal,00,OFF,0,OFF,0,OFF,0,OFF,0,OFF,0,OFF,0,100,77.7,90.3,102.0,51.4,90.5,78.8,281.6,145.1,90.3,50.0,---,4.3,2.8,93.2,32.0,4.8,0.5,73,7,327,OFF,OFF,ON,ON,73,770,770,0,Cooling,00,58.5,241.3,480,88,88,145.1,18.0
2026/06/15 14:30:30,R32,Cooling,ON,OFF,OFF,OFF,OFF,OFF,OFF,OFF,Normal,00,OFF,0,OFF,0,OFF,0,OFF,0,OFF,0,OFF,0,100,77.9,90.5,102.0,51.6,90.7,78.8,283.0,145.1,90.5,50.0,---,4.3,2.8,93.2,32.0,4.8,0.5,73,7,327,OFF,OFF,ON,ON,73,770,765,0,Cooling,00,58.5,241.3,480,88,88,145.1,18.0
2026/06/15 14:30:35,R32,Cooling,ON,OFF,OFF,OFF,OFF,OFF,OFF,OFF,Normal,00,OFF,0,OFF,0,OFF,0,OFF,0,OFF,0,OFF,0,100,78.1,90.5,102.2,51.6,90.7,79.0,283.0,145.1,90.7,49.8,---,4.3,2.8,93.2,32.0,4.8,0.5,73,7,327,OFF,OFF,ON,ON,73,770,770,0,Cooling,00,58.5,241.3,480,88,88,145.1,18.0
2026/06/15 14:30:40,R32,Cooling,ON,OFF,OFF,OFF,OFF,OFF,OFF,OFF,Normal,00,OFF,0,OFF,0,OFF,0,OFF,0,OFF,0,OFF,0,100,78.3,90.5,102.2,51.6,90.9,79.0,283.0,145.1,90.7,49.6,---,4.3,2.8,93.2,32.0,4.8,0.5,73,7,327,OFF,OFF,ON,ON,73,770,770,0,Cooling,00,58.5,241.3,480,88,88,145.1,18.0
2026/06/15 14:30:45,R32,Cooling,ON,OFF,OFF,OFF,OFF,OFF,OFF,OFF,Normal,00,OFF,0,OFF,0,OFF,0,OFF,0,OFF,0,OFF,0,100,78.4,90.7,102.2,51.4,91.0,79.0,284.5,145.1,90.9,49.6,---,4.4,2.8,93.2,32.0,4.9,0.5,73,7,327,OFF,OFF,ON,ON,73,770,770,0,Cooling,00,58.8,241.3,480,88,88,145.1,18.0
2026/06/15 14:30:50,R32,Cooling,ON,OFF,OFF,OFF,OFF,OFF,OFF,OFF,Normal,00,OFF,0,OFF,0,OFF,0,OFF,0,OFF,0,OFF,0,100,78.4,90.9,102.6,51.4,91.0,79.2,284.5,145.1,90.9,49.8,---,4.3,2.8,93.2,32.0,4.8,0.5,73,7,327,OFF,OFF,ON,ON,73,770,770,0,Cooling,00,58.8,241.3,480,88,88,145.1,18.0
2026/06/15 14:30:55,R32,Cooling,ON,OFF,OFF,OFF,OFF,OFF,OFF,OFF,Normal,00,OFF,0,OFF,0,OFF,0,OFF,0,OFF,0,OFF,0,100,78.6,90.9,102.6,51.4,91.0,79.2,284.5,145.1,91.0,50.0,---,4.3,2.8,93.2,32.0,4.8,0.5,73,7,327,OFF,OFF,ON,ON,73,770,770,0,Cooling,00,58.8,241.3,480,88,88,145.1,18.0
2026/06/15 14:31:00,R32,Cooling,ON,OFF,OFF,OFF,OFF,OFF,OFF,OFF,Normal,00,OFF,0,OFF,0,OFF,0,OFF,0,OFF,0,OFF,0,100,78.8,90.9,102.7,51.6,91.2,79.3,285.9,145.1,91.2,50.0,---,4.3,2.8,93.4,32.0,4.8,0.5,73,7,327,OFF,OFF,ON,ON,73,770,770,0,Cooling,00,58.8,241.3,480,88,88,145.1,18.0
2026/06/15 14:31:05,R32,Cooling,ON,OFF,OFF,OFF,OFF,OFF,OFF,OFF,Normal,00,OFF,0,OFF,0,OFF,0,OFF,0,OFF,0,OFF,0,100,78.8,91.0,102.7,51.6,91.2,79.3,285.9,145.1,91.2,50.0,---,4.3,2.8,93.7,32.0,4.8,0.5,73,7,327,OFF,OFF,ON,ON,73,770,770,0,Cooling,00,59.0,241.3,480,88,88,145.1,18.0
2026/06/15 14:31:10,R32,Cooling,ON,OFF,OFF,OFF,OFF,OFF,OFF,OFF,Normal,00,OFF,0,OFF,0,OFF,0,OFF,0,OFF,0,OFF,0,100,79.0,91.0,102.7,51.6,91.6,79.3,285.9,145.1,91.2,50.0,---,4.3,2.8,94.5,32.0,4.8,0.5,73,7,327,OFF,OFF,ON,ON,73,770,770,0,Cooling,00,59.0,241.3,480,88,88,145.1,18.0
2026/06/15 14:31:15,R32,Cooling,ON,OFF,OFF,OFF,OFF,OFF,OFF,OFF,Normal,00,OFF,0,OFF,0,OFF,0,OFF,0,OFF,0,OFF,0,100,79.2,90.9,102.9,51.6,91.6,79.3,287.3,145.1,91.6,49.8,---,4.3,2.8,94.6,32.0,4.8,0.5,73,7,327,OFF,OFF,ON,ON,73,770,770,0,Cooling,00,58.8,239.4,480,88,88,143.7,18.0
2026/06/15 14:31:20,R32,Cooling,ON,OFF,OFF,OFF,OFF,OFF,OFF,OFF,Normal,00,OFF,0,OFF,0,OFF,0,OFF,0,OFF,0,OFF,0,100,79.2,90.9,102.9,51.6,91.2,79.3,285.9,145.1,91.2,49.8,---,4.3,2.8,95.0,32.0,4.8,0.5,73,7,327,OFF,OFF,ON,ON,73,770,770,0,Cooling,00,58.8,239.4,480,88,88,143.7,18.0
2026/06/15 14:31:25,R32,Cooling,ON,OFF,OFF,OFF,OFF,OFF,OFF,OFF,Normal,00,OFF,0,OFF,0,OFF,0,OFF,0,OFF,0,OFF,0,100,79.3,90.9,102.9,51.6,91.2,79.3,285.9,145.1,91.2,49.6,---,4.3,2.8,95.0,32.0,4.8,0.5,73,7,327,OFF,OFF,ON,ON,73,770,770,0,Cooling,00,58.8,239.4,480,88,88,143.7,18.0
2026/06/15 14:31:30,R32,Cooling,ON,OFF,OFF,OFF,OFF,OFF,OFF,OFF,Normal,00,OFF,0,OFF,0,OFF,0,OFF,0,OFF,0,OFF,0,100,79.3,90.7,102.9,51.6,91.2,79.2,285.9,145.1,91.2,49.8,---,4.3,2.7,95.0,32.0,4.8,0.5,73,7,327,OFF,OFF,ON,ON,73,770,770,0,Cooling,00,58.6,241.3,480,88,88,145.1,18.0
2026/06/15 14:31:35,R32,Cooling,ON,OFF,OFF,OFF,OFF,OFF,OFF,OFF,Normal,00,OFF,0,OFF,0,OFF,0,OFF,0,OFF,0,OFF,0,100,79.3,90.7,102.9,51.6,91.2,79.2,285.9,145.1,91.2,49.6,---,4.3,2.7,95.0,32.0,4.8,0.5,73,7,327,OFF,OFF,ON,ON,73,770,770,0,Cooling,00,58.6,241.3,480,88,88,145.1,18.0
2026/06/15 14:31:40,R32,Cooling,ON,OFF,OFF,OFF,OFF,OFF,OFF,OFF,Normal,00,OFF,0,OFF,0,OFF,0,OFF,0,OFF,0,OFF,0,100,79.3,90.5,102.9,51.6,91.0,79.0,285.9,145.1,91.2,49.6,---,4.3,2.7,95.0,32.0,4.8,0.5,73,7,327,OFF,OFF,ON,ON,73,770,770,0,Cooling,00,58.6,241.3,480,88,88,145.1,18.0
2026/06/15 14:31:45,R32,Cooling,ON,OFF,OFF,OFF,OFF,OFF,OFF,OFF,Normal,00,OFF,0,OFF,0,OFF,0,OFF,0,OFF,0,OFF,0,100,79.3,90.5,102.9,51.4,91.0,79.0,284.5,145.1,91.0,49.6,---,4.3,2.8,95.0,32.0,4.8,0.5,73,7,327,OFF,OFF,ON,ON,73,770,770,0,Cooling,00,58.6,241.3,480,88,88,145.1,18.0
2026/06/15 14:31:50,R32,Cooling,ON,OFF,OFF,OFF,OFF,OFF,OFF,OFF,Normal,00,OFF,0,OFF,0,OFF,0,OFF,0,OFF,0,OFF,0,100,79.5,90.3,102.9,51.4,90.9,78.8,284.5,145.1,91.0,49.8,---,4.3,2.8,95.0,32.0,4.8,0.5,73,7,327,OFF,OFF,ON,ON,73,770,770,0,Cooling,00,58.5,241.3,480,88,88,143.7,18.0
2026/06/15 14:31:55,R32,Cooling,ON,OFF,OFF,OFF,OFF,OFF,OFF,OFF,Normal,00,OFF,0,OFF,0,OFF,0,OFF,0,OFF,0,OFF,0,100,79.5,90.3,102.9,51.4,90.9,78.8,284.5,145.1,90.9,49.8,---,4.3,2.8,95.0,32.0,4.8,0.5,73,7,327,OFF,OFF,ON,ON,73,770,770,0,Cooling,00,58.5,241.3,480,88,88,143.7,18.0
2026/06/15 14:32:00,R32,Cooling,ON,OFF,OFF,OFF,OFF,OFF,OFF,OFF,Normal,00,OFF,0,OFF,0,OFF,0,OFF,0,OFF,0,OFF,0,100,79.5,90.3,102.9,51.4,90.9,78.8,284.5,145.1,90.9,49.8,---,4.3,2.8,95.0,32.0,4.8,0.5,73,7,327,OFF,OFF,ON,ON,73,770,770,0,Cooling,00,58.5,241.3,480,88,88,143.7,18.0
2026/06/15 14:32:05,R32,Cooling,ON,OFF,OFF,OFF,OFF,OFF,OFF,OFF,Normal,00,OFF,0,OFF,0,OFF,0,OFF,0,OFF,0,OFF,0,100,79.7,90.3,102.9,51.4,90.9,78.8,284.5,145.1,90.9,50.0,---,4.3,2.8,95.0,32.0,4.8,0.5,73,7,327,OFF,OFF,ON,ON,73,770,770,0,Cooling,00,58.5,241.3,480,88,88,143.7,18.0
2026/06/15 14:32:10,R32,Cooling,ON,OFF,OFF,OFF,OFF,OFF,OFF,OFF,Normal,00,OFF,0,OFF,0,OFF,0,OFF,0,OFF,0,OFF,0,100,79.7,90.5,103.3,51.6,90.9,79.0,284.5,145.1,90.9,50.0,---,4.3,2.8,95.0,32.0,4.8,0.5,73,7,327,OFF,OFF,ON,ON,73,770,770,0,Cooling,00,58.3,241.3,480,88,88,145.1,18.0
2026/06/15 14:32:15,R32,Cooling,ON,OFF,OFF,OFF,OFF,OFF,OFF,OFF,Normal,00,OFF,0,OFF,0,OFF,0,OFF,0,OFF,0,OFF,0,100,79.7,90.5,103.3,51.6,91.0,79.0,284.5,145.1,90.9,50.0,---,4.3,2.8,95.0,32.0,4.8,0.5,73,7,327,OFF,OFF,ON,ON,73,770,770,0,Cooling,00,58.3,241.3,480,88,88,145.1,18.0
2026/06/15 14:32:20,R32,Cooling,ON,OFF,OFF,OFF,OFF,OFF,OFF,OFF,Normal,00,OFF,0,OFF,0,OFF,0,OFF,0,OFF,0,OFF,0,100,79.9,90.7,103.3,51.6,91.0,79.0,284.5,145.1,90.9,50.0,---,4.3,2.8,95.0,32.0,4.8,0.5,73,7,327,OFF,OFF,ON,ON,73,770,770,0,Cooling,00,58.3,241.3,480,88,88,145.1,18.0
2026/06/15 14:32:25,R32,Cooling,ON,OFF,OFF,OFF,OFF,OFF,OFF,OFF,Normal,00,OFF,0,OFF,0,OFF,0,OFF,0,OFF,0,OFF,0,100,79.9,90.7,103.3,51.6,91.0,79.2,284.5,145.1,91.0,50.0,---,4.3,2.8,95.0,32.0,4.8,0.5,73,7,327,OFF,OFF,ON,ON,73,770,770,0,Cooling,00,58.5,241.3,480,88,88,145.1,18.0
2026/06/15 14:32:30,R32,Cooling,ON,OFF,OFF,OFF,OFF,OFF,OFF,OFF,Normal,00,OFF,0,OFF,0,OFF,0,OFF,0,OFF,0,OFF,0,100,79.9,90.9,103.3,51.6,91.2,79.2,284.5,145.1,91.0,50.0,---,4.3,2.8,95.0,32.0,4.8,0.5,73,7,327,OFF,OFF,ON,ON,73,770,770,0,Cooling,00,58.5,241.3,480,88,88,145.1,18.0
2026/06/15 14:32:35,R32,Cooling,ON,OFF,OFF,OFF,OFF,OFF,OFF,OFF,Normal,00,OFF,0,OFF,0,OFF,0,OFF,0,OFF,0,OFF,0,100,79.9,90.9,103.3,51.6,91.2,79.2,285.9,145.1,91.2,49.8,---,4.3,2.8,95.0,32.0,4.8,0.5,73,7,327,OFF,OFF,ON,ON,73,770,770,0,Cooling,00,58.5,241.3,480,88,88,145.1,18.0
2026/06/15 14:32:40,R32,Cooling,ON,OFF,OFF,OFF,OFF,OFF,OFF,OFF,Normal,00,OFF,0,OFF,0,OFF,0,OFF,0,OFF,0,OFF,0,100,79.9,91.0,103.5,51.4,91.6,79.3,285.9,145.1,91.2,50.0,---,4.3,2.8,95.0,32.0,4.8,0.5,73,7,327,OFF,OFF,ON,ON,73,770,770,0,Cooling,00,58.6,241.3,480,88,88,145.1,18.0
2026/06/15 14:32:45,R32,Cooling,ON,OFF,OFF,OFF,OFF,OFF,OFF,OFF,Normal,00,OFF,0,OFF,0,OFF,0,OFF,0,OFF,0,OFF,0,100,80.1,91.0,103.5,51.4,91.6,79.5,287.3,145.1,91.6,49.8,---,4.4,2.8,95.0,32.0,4.9,0.5,73,7,327,OFF,OFF,ON,ON,73,770,770,0,Cooling,00,58.6,241.3,480,88,88,145.1,18.0
2026/06/15 14:32:50,R32,Cooling,ON,OFF,OFF,OFF,OFF,OFF,OFF,OFF,Normal,00,OFF,0,OFF,0,OFF,0,OFF,0,OFF,0,OFF,0,100,80.1,91.2,103.5,51.6,91.6,79.5,287.3,145.1,91.6,49.8,---,4.3,2.8,95.0,32.0,4.8,0.5,73,7,327,OFF,OFF,ON,ON,73,770,770,0,Cooling,00,58.6,241.3,480,88,88,145.1,18.0
2026/06/15 14:32:55,R32,Cooling,ON,OFF,OFF,OFF,OFF,OFF,OFF,OFF,Normal,00,OFF,0,OFF,0,OFF,0,OFF,0,OFF,0,OFF,0,100,80.1,91.2,103.5,51.6,91.8,79.5,287.3,145.1,91.6,49.8,---,4.5,2.8,95.0,32.0,5.0,0.5,73,7,327,OFF,OFF,ON,ON,73,770,770,0,Cooling,00,58.6,241.3,480,88,88,145.1,18.0
2026/06/15 14:33:00,R32,Cooling,ON,OFF,OFF,OFF,OFF,OFF,OFF,OFF,Normal,00,OFF,0,OFF,0,OFF,0,OFF,0,OFF,0,OFF,0,100,80.1,91.6,103.8,51.6,91.8,79.7,288.7,145.1,91.8,50.0,---,4.7,2.9,95.0,32.0,5.2,0.5,73,7,327,OFF,OFF,ON,ON,73,770,770,0,Cooling,00,58.8,241.3,480,88,88,145.1,18.0
2026/06/15 14:33:05,R32,Cooling,ON,OFF,OFF,OFF,OFF,OFF,OFF,OFF,Normal,00,OFF,0,OFF,0,OFF,0,OFF,0,OFF,0,OFF,0,100,80.2,91.8,103.8,51.6,91.9,79.9,288.7,145.1,91.8,50.0,---,4.7,2.9,95.0,32.0,5.2,0.5,73,7,327,OFF,OFF,ON,ON,73,770,770,0,Cooling,00,58.8,241.3,480,88,88,145.1,18.0
2026/06/15 14:33:10,R32,Cooling,ON,OFF,OFF,OFF,OFF,OFF,OFF,OFF,Normal,00,OFF,0,OFF,0,OFF,0,OFF,0,OFF,0,OFF,0,100,80.4,91.9,104.0,51.6,92.1,80.1,288.7,146.5,91.9,50.4,---,4.7,2.9,95.0,32.0,5.2,0.5,73,7,327,OFF,OFF,ON,ON,73,770,770,0,Cooling,00,58.8,241.3,480,88,88,145.1,18.0
2026/06/15 14:33:15,R32,Cooling,ON,OFF,OFF,OFF,OFF,OFF,OFF,OFF,Normal,00,OFF,0,OFF,0,OFF,0,OFF,0,OFF,0,OFF,0,100,80.6,92.1,104.2,51.6,92.3,80.2,290.1,146.5,92.1,50.5,---,4.7,2.9,95.4,32.0,5.2,0.5,73,7,327,OFF,OFF,ON,ON,73,770,770,0,Cooling,00,58.8,241.3,480,88,88,145.1,18.0
2026/06/15 14:33:20,R32,Cooling,ON,OFF,OFF,OFF,OFF,OFF,OFF,OFF,Normal,00,OFF,0,OFF,0,OFF,0,OFF,0,OFF,0,OFF,0,100,80.6,92.3,104.2,51.6,92.5,80.2,290.1,146.5,92.3,50.4,---,4.6,2.9,95.4,32.0,5.1,0.5,73,7,327,OFF,OFF,ON,ON,73,770,770,0,Cooling,00,58.8,241.3,480,88,88,145.1,18.0
2026/06/15 14:33:25,R32,Cooling,ON,OFF,OFF,OFF,OFF,OFF,OFF,OFF,Normal,00,OFF,0,OFF,0,OFF,0,OFF,0,OFF,0,OFF,0,100,80.8,92.3,104.2,51.8,92.5,80.4,291.6,146.5,92.5,50.4,---,4.7,2.9,95.9,32.0,5.2,0.5,73,7,327,OFF,OFF,ON,ON,73,770,770,0,Cooling,00,58.8,241.3,480,88,88,145.1,18.0
2026/06/15 14:33:30,R32,Cooling,ON,OFF,OFF,OFF,OFF,OFF,OFF,OFF,Normal,00,OFF,0,OFF,0,OFF,0,OFF,0,OFF,0,OFF,0,100,81.0,92.3,104.5,52.0,92.7,80.4,291.6,146.5,92.5,50.4,---,4.6,2.9,95.9,32.0,5.1,0.5,73,7,327,OFF,OFF,ON,ON,73,770,770,0,Cooling,00,58.8,241.3,480,88,88,145.1,18.0
