DateTime,1:Op mode,2:Defrost op.,3:Error code,4:Trgt. Dsch.Temp.(F),5:Max Hz(peak cut),6:Max Hz(frz prtc),7:Max Hz(Td),8:Max Hz(INV cur),10:Max Hz (rps),11:Min Hz (rps),12:Comp stop timer,13:OD fan dly timer,45:Outdoor air temp.(F),46:ODU hex temp.(F),47:Disch temp.(F),48:Rm_A gas temp.(F),49:Rm_B gas temp.(F),50:Rm_C gas temp.(F),55:Rm_A liquid temp.(F),56:Rm_B liquid temp.(F),57:Rm_C liquid temp.(F),62:Fin temp.(F),64:Operation cur(A),65:AC voltage (V),73:Compressor,74:Comp. (rps),75:Trgt comp. (rps),76:Trgt o_fan1 (rpm),77:O_fan1 (rpm),82:4way valve on/off,83:4way vlv op. mode,84:Port A EV (pls),85:Port B EV (pls),86:Port C EV (pls),97:IDU address,98:Operation mode,100:Error code,103:Delta-D(F),104:Return air temp.(F),105:Heat exchanger temp.(F),111:Fan frequency,113:Flap angle,115:Louver angle,116:R/C setpoint(F),120:Airflow (C),123:Airflow (H),124:In/out transmission,125:IDU address,126:Operation mode,128:Error code,131:Delta-D(F),132:Return air temp.(F),133:Heat exchanger temp.(F),139:Fan frequency,141:Flap angle,143:Louver angle,144:R/C setpoint(F),148:Airflow (C),151:Airflow (H),152:In/out transmission,153:IDU address,154:Operation mode,156:Error code,159:Delta-D(F),160:Return air temp.(F),161:Heat exchanger temp.(F),167:Fan frequency,169:Flap angle,171:Louver angle,172:R/C setpoint(F),176:Airflow (C),179:Airflow (H),180:In/out transmission
9/19/2026 10:19,Cooling,OFF,0,32,255,255,255,255,35,0,0,1,71.6,72.5,88.7,72.5,72.5,70.7,71.6,70.7,69.8,86.9,1.5,206.7,ON,10,10,560,558,OFF,Cooling,0,0,230,0,Cooling,0,0,68.9,70.7,440,P0,P0,71.6,Auto,Auto,Normal,1,Cooling,0,0,69.8,70.7,440,P0,P0,71.6,Auto,Auto,Normal,2,Cooling,0,4,68.9,70.7,810,P0,P0,69.8,Auto,Auto,Normal
9/19/2026 10:19,Cooling,OFF,0,32,255,255,255,255,35,0,0,1,71.6,79.7,90.5,72.5,69.8,64.4,72.5,69.8,64.4,87.8,2.25,206.9,ON,10,10,560,559,OFF,Cooling,0,0,230,0,Cooling,0,0,68.9,66.2,440,P0,P0,71.6,Auto,Auto,Normal,1,Cooling,0,0,69.8,68.9,440,P0,P0,71.6,Auto,Auto,Normal,2,Cooling,0,4,69.8,63.5,810,P0,P0,69.8,Auto,Auto,Normal
9/19/2026 10:20,Cooling,OFF,0,32,255,255,255,255,35,0,0,1,71.6,82.4,91.4,71.6,69.8,59.9,73.4,72.5,59,89.6,2.75,208.9,ON,11,11,560,559,OFF,Cooling,0,0,235,0,Cooling,0,0,68.9,64.4,440,P0,P0,71.6,Auto,Auto,Normal,1,Cooling,0,0,69.8,68,440,P0,P0,71.6,Auto,Auto,Normal,2,Cooling,0,5,69.8,62.6,810,P0,P0,69.8,Auto,Auto,Normal
9/19/2026 10:20,Cooling,OFF,0,32,255,255,255,255,65,0,0,1,77,83.3,92.3,71.6,69.8,61.7,74.3,73.4,55.4,90.5,3,207.1,ON,11,11,560,558,OFF,Cooling,0,0,235,0,Cooling,0,0,68.9,64.4,440,P0,P0,71.6,Auto,Auto,Normal,1,Cooling,0,0,69.8,68.9,440,P0,P0,71.6,Auto,Auto,Normal,2,Cooling,0,5,69.8,64.4,810,P0,P0,69.8,Auto,Auto,Normal
9/19/2026 10:21,Cooling,OFF,0,32,255,255,255,255,65,0,0,1,77,83.3,92.3,71.6,69.8,63.5,74.3,74.3,54.5,90.5,3,207.2,ON,11,11,560,559,OFF,Cooling,0,0,235,0,Cooling,0,0,68.9,64.4,440,P0,P0,71.6,Auto,Auto,Normal,1,Cooling,0,0,69.8,68.9,440,P0,P0,71.6,Auto,Auto,Normal,2,Cooling,0,5,68.9,64.4,810,P0,P0,69.8,Auto,Auto,Normal
9/19/2026 10:21,Cooling,OFF,0,32,255,255,255,255,65,0,0,1,77.9,83.3,92.3,71.6,69.8,65.3,74.3,74.3,53.6,92.3,3,207.2,ON,11,11,560,558,OFF,Cooling,0,0,235,0,Cooling,0,0,68.9,66.2,440,P0,P0,71.6,Auto,Auto,Normal,1,Cooling,0,0,69.8,69.8,440,P0,P0,71.6,Auto,Auto,Normal,2,Cooling,0,5,68.9,64.4,810,P0,P0,69.8,Auto,Auto,Normal
9/19/2026 10:22,Cooling,OFF,0,32,255,255,255,255,65,0,0,1,77.9,83.3,92.3,71.6,69.8,66.2,75.2,74.3,54.5,92.3,2.75,207.1,ON,10,10,560,558,OFF,Cooling,0,0,221,0,Cooling,0,0,68.9,67.1,440,P0,P0,71.6,Auto,Auto,Normal,1,Cooling,0,0,69.8,69.8,440,P0,P0,71.6,Auto,Auto,Normal,2,Cooling,0,5,68.9,63.5,810,P0,P0,69.8,Auto,Auto,Normal
9/19/2026 10:22,Cooling,OFF,0,32,255,255,255,255,65,0,0,1,77.9,83.3,92.3,72.5,70.7,68,75.2,74.3,55.4,92.3,2.75,207.1,ON,10,10,560,559,OFF,Cooling,0,0,221,0,Cooling,0,0,68.9,67.1,440,P0,P0,71.6,Auto,Auto,Normal,1,Cooling,0,0,69.8,69.8,440,P0,P0,71.6,Auto,Auto,Normal,2,Cooling,0,4,68.9,63.5,810,P0,P0,69.8,Auto,Auto,Normal
9/19/2026 10:23,Cooling,OFF,0,32,255,255,255,255,65,0,0,1,78.8,83.3,92.3,72.5,70.7,68,75.2,74.3,55.4,92.3,2.75,207.1,ON,10,10,560,559,OFF,Cooling,0,0,221,0,Cooling,0,0,68.9,68,440,P0,P0,71.6,Auto,Auto,Normal,1,Cooling,0,0,69.8,69.8,440,P0,P0,71.6,Auto,Auto,Normal,2,Cooling,0,4,68.9,62.6,810,P0,P0,69.8,Auto,Auto,Normal
9/19/2026 10:23,Cooling,OFF,0,32,255,255,255,255,65,0,0,1,78.8,83.3,92.3,72.5,71.6,68,76.1,75.2,56.3,93.2,2.75,205.2,ON,10,10,560,558,OFF,Cooling,0,0,221,0,Cooling,0,0,68.9,68.9,440,P0,P0,71.6,Auto,Auto,Normal,1,Cooling,0,0,69.8,69.8,440,P0,P0,71.6,Auto,Auto,Normal,2,Cooling,0,4,68.9,59,810,P0,P0,69.8,Auto,Auto,Normal
9/19/2026 10:24,Cooling,OFF,0,32,255,255,255,255,65,0,0,1,78.8,84.2,93.2,72.5,70.7,66.2,76.1,75.2,57.2,93.2,2.75,205.2,ON,10,10,560,559,OFF,Cooling,0,0,221,0,Cooling,0,0,68.9,68.9,440,P0,P0,71.6,Auto,Auto,Normal,1,Cooling,0,0,69.8,69.8,440,P0,P0,71.6,Auto,Auto,Normal,2,Cooling,0,4,68.9,57.2,810,P0,P0,69.8,Auto,Auto,Normal
9/19/2026 10:24,Cooling,OFF,0,32,255,255,255,255,65,0,0,1,78.8,84.2,93.2,72.5,70.7,57.2,76.1,75.2,57.2,93.2,2.75,205.2,ON,10,10,560,558,OFF,Cooling,0,0,221,0,Cooling,0,0,68.9,68.9,440,P0,P0,71.6,Auto,Auto,Normal,1,Cooling,0,0,69.8,69.8,440,P0,P0,71.6,Auto,Auto,Normal,2,Cooling,0,4,68.9,57.2,810,P0,P0,69.8,Auto,Auto,Normal
9/19/2026 10:25,Cooling,OFF,0,32,255,255,255,255,65,0,0,1,78.8,84.2,93.2,72.5,69.8,55.4,76.1,75.2,57.2,93.2,2.75,205.2,ON,10,10,560,559,OFF,Cooling,0,0,221,0,Cooling,0,0,68.9,68.9,440,P0,P0,71.6,Auto,Auto,Normal,1,Cooling,0,0,69.8,69.8,440,P0,P0,71.6,Auto,Auto,Normal,2,Cooling,0,4,68.9,57.2,810,P0,P0,69.8,Auto,Auto,Normal
9/19/2026 10:25,Cooling,OFF,0,32,255,255,255,255,65,0,0,1,78.8,84.2,93.2,71.6,68.9,55.4,76.1,75.2,57.2,93.2,2.75,205.2,ON,10,10,560,559,OFF,Cooling,0,0,221,0,Cooling,0,0,68.9,69.8,440,P0,P0,71.6,Auto,Auto,Normal,1,Cooling,0,0,69.8,69.8,440,P0,P0,71.6,Auto,Auto,Normal,2,Cooling,0,2,68.9,57.2,810,P0,P0,69.8,Auto,Auto,Normal
9/19/2026 10:26,Cooling,OFF,0,32,255,255,255,255,65,0,0,1,78.8,84.2,93.2,70.7,68,55.4,76.1,75.2,57.2,93.2,2.75,207,ON,10,10,560,559,OFF,Cooling,0,0,221,0,Cooling,0,0,68.9,69.8,440,P0,P0,71.6,Auto,Auto,Normal,1,Cooling,0,0,69.8,69.8,440,P0,P0,71.6,Auto,Auto,Normal,2,Cooling,0,2,68.9,57.2,810,P0,P0,69.8,Auto,Auto,Normal
9/19/2026 10:26,Cooling,OFF,0,32,255,255,255,255,65,0,0,1,78.8,84.2,93.2,70.7,68,55.4,76.1,75.2,57.2,93.2,2.75,207,ON,10,10,560,559,OFF,Cooling,0,0,221,0,Cooling,0,0,68.9,69.8,440,P0,P0,71.6,Auto,Auto,Normal,1,Cooling,0,0,69.8,69.8,440,P0,P0,71.6,Auto,Auto,Normal,2,Cooling,0,2,68.9,57.2,810,P0,P0,69.8,Auto,Auto,Normal
9/19/2026 10:27,Cooling,OFF,0,32,255,255,255,255,65,0,0,1,78.8,84.2,93.2,70.7,68.9,56.3,76.1,59.9,58.1,93.2,2.75,207.1,ON,11,11,560,559,OFF,Cooling,0,197,197,0,Cooling,0,0,68.9,69.8,440,P0,P0,71.6,Auto,Auto,Normal,1,Cooling,0,2,69.8,69.8,770,P0,P0,71.6,Auto,Auto,Normal,2,Cooling,0,2,68.9,57.2,810,P0,P0,69.8,Auto,Auto,Normal
9/19/2026 10:27,Cooling,OFF,0,32,255,255,255,255,65,0,0,1,78.8,84.2,93.2,70.7,69.8,58.1,76.1,60,59,93.2,2.75,207.1,ON,11,10,560,559,OFF,Cooling,0,193,193,0,Cooling,0,0,68.9,69.8,440,P0,P0,71.6,Auto,Auto,Normal,1,Cooling,0,2,69.8,67.1,770,P0,P0,71.6,Auto,Auto,Normal,2,Cooling,0,2,68.9,59,810,P0,P0,69.8,Auto,Auto,Normal
9/19/2026 10:28,Cooling,OFF,0,32,255,255,255,255,65,0,0,1,78.8,85.1,93.2,71.6,69.8,59.9,76.1,62.6,60,93.2,2.5,207,ON,10,10,560,559,OFF,Cooling,0,193,193,0,Cooling,0,0,68.9,69.8,440,P0,P0,71.6,Auto,Auto,Normal,1,Cooling,0,2,69.8,59.9,770,P0,P0,71.6,Auto,Auto,Normal,2,Cooling,0,2,68.9,62.6,810,P0,P0,69.8,Auto,Auto,Normal
9/19/2026 10:28,Cooling,OFF,0,32,255,255,255,255,65,0,0,1,78.8,84.2,93.2,71.6,69.8,60,76.1,62.6,60,93.2,2.5,207,ON,10,10,560,559,OFF,Cooling,0,197,197,0,Cooling,0,0,68.9,69.8,440,P0,P0,71.6,Auto,Auto,Normal,1,Cooling,0,2,69.8,60,770,P0,P0,71.6,Auto,Auto,Normal,2,Cooling,0,4,68.9,66.2,810,P0,P0,69.8,Auto,Auto,Normal
9/19/2026 10:29,Cooling,OFF,0,32,255,255,255,255,80,0,0,1,78.8,85.1,93.2,71.6,63.5,62.6,76.1,62.6,60,93.2,2.75,207.1,ON,11,11,560,559,OFF,Cooling,0,197,197,0,Cooling,0,0,68.9,69.8,440,P0,P0,71.6,Auto,Auto,Normal,1,Cooling,0,2,69.8,59.9,770,P0,P0,71.6,Auto,Auto,Normal,2,Cooling,0,4,68.9,67.1,810,P0,P0,69.8,Auto,Auto,Normal
9/19/2026 10:29,Cooling,OFF,0,32,255,255,255,255,80,0,0,1,78.8,85.1,94.1,70.7,59.9,62.6,76.1,61.7,59.9,93.2,2.75,203.4,ON,11,11,560,559,OFF,Cooling,0,197,197,0,Cooling,0,0,68.9,69.8,440,P0,P0,71.6,Auto,Auto,Normal,1,Cooling,0,2,69.8,59.9,770,P0,P0,71.6,Auto,Auto,Normal,2,Cooling,0,4,68.9,67.1,810,P0,P0,69.8,Auto,Auto,Normal
9/19/2026 10:30,Cooling,OFF,0,32,255,255,255,255,80,0,0,1,78.8,85.1,94.1,69.8,59,63.5,76.1,62.6,59,93.2,2.75,203.3,ON,10,10,560,559,OFF,Cooling,0,0,219,0,Cooling,0,0,68.9,69.8,440,P0,P0,71.6,Auto,Auto,Normal,1,Cooling,0,0,69.8,58.1,440,P0,P0,71.6,Auto,Auto,Normal,2,Cooling,0,4,68.9,67.1,810,P0,P0,69.8,Auto,Auto,Normal
9/19/2026 10:30,Cooling,OFF,0,32,255,255,255,255,80,0,0,1,78.8,85.1,94.1,68.9,59,64.4,76.1,66.2,59,93.2,2.75,203.4,ON,10,10,560,558,OFF,Cooling,0,0,224,0,Cooling,0,0,69.8,69.8,440,P0,P0,71.6,Auto,Auto,Normal,1,Cooling,0,0,69.8,59.9,440,P0,P0,71.6,Auto,Auto,Normal,2,Cooling,0,5,69.8,64.4,810,P0,P0,69.8,Auto,Auto,Normal
9/19/2026 10:31,Cooling,OFF,0,32,255,255,255,255,80,0,0,1,78.8,86,94.1,68.9,59,66.2,76.1,68.9,57.2,93.2,3,203.4,ON,11,11,560,559,OFF,Cooling,0,0,224,0,Cooling,0,0,69.8,69.8,440,P0,P0,71.6,Auto,Auto,Normal,1,Cooling,0,0,69.8,61.7,440,P0,P0,71.6,Auto,Auto,Normal,2,Cooling,0,5,69.8,58.1,810,P0,P0,69.8,Auto,Auto,Normal
9/19/2026 10:31,Cooling,OFF,0,32,255,255,255,255,80,0,0,1,78.8,86,94.1,68.9,59.9,66.2,76.1,69.8,57.2,93.2,3,203.4,ON,11,11,560,558,OFF,Cooling,0,0,224,0,Cooling,0,0,69.8,69.8,440,P0,P0,71.6,Auto,Auto,Normal,1,Cooling,0,0,69.8,62.6,440,P0,P0,71.6,Auto,Auto,Normal,2,Cooling,0,5,68.9,57.2,810,P0,P0,69.8,Auto,Auto,Normal
9/19/2026 10:32,Cooling,OFF,0,32,255,255,255,255,80,0,0,1,78.8,86,95,68.9,60,63.5,76.1,70.7,57.2,95,3,203.4,ON,11,11,560,559,OFF,Cooling,0,0,224,0,Cooling,0,0,69.8,69.8,440,P0,P0,71.6,Auto,Auto,Normal,1,Cooling,0,0,69.8,64.4,440,P0,P0,71.6,Auto,Auto,Normal,2,Cooling,0,5,68.9,57.2,810,P0,P0,69.8,Auto,Auto,Normal
9/19/2026 10:32,Cooling,OFF,0,32,255,255,255,255,84,0,0,1,78.8,86,95,68.9,61.7,55.4,76.1,72.5,57.2,95,3,203.4,ON,11,11,560,559,OFF,Cooling,0,0,224,0,Cooling,0,0,69.8,69.8,440,P0,P0,71.6,Auto,Auto,Normal,1,Cooling,0,0,69.8,65.3,440,P0,P0,71.6,Auto,Auto,Normal,2,Cooling,0,5,68.9,57.2,810,P0,P0,69.8,Auto,Auto,Normal
9/19/2026 10:33,Cooling,OFF,0,32,255,255,255,255,84,0,0,1,79.7,86,95,68.9,62.6,55.4,76.1,72.5,57.2,95,3,201.5,ON,10,10,560,558,OFF,Cooling,0,0,219,0,Cooling,0,0,69.8,69.8,440,P0,P0,71.6,Auto,Auto,Normal,1,Cooling,0,0,69.8,67.1,440,P0,P0,71.6,Auto,Auto,Normal,2,Cooling,0,5,68.9,57.2,810,P0,P0,69.8,Auto,Auto,Normal
9/19/2026 10:33,Cooling,OFF,0,32,255,255,255,255,84,0,0,1,78.8,86,95.9,68.9,64.4,56.3,76.1,72.5,57.2,95,2.75,205.2,ON,10,10,560,558,OFF,Cooling,0,0,219,0,Cooling,0,0,69.8,69.8,440,P0,P0,71.6,Auto,Auto,Normal,1,Cooling,0,0,69.8,67.1,440,P0,P0,71.6,Auto,Auto,Normal,2,Cooling,0,5,68.9,57.2,810,P0,P0,69.8,Auto,Auto,Normal
9/19/2026 10:34,Cooling,OFF,0,32,255,255,255,255,84,0,0,1,79.7,86,95.9,68.9,64.4,56.3,77,73.4,57.2,95,2.75,205.2,ON,10,10,560,559,OFF,Cooling,0,0,219,0,Cooling,0,0,69.8,69.8,440,P0,P0,71.6,Auto,Auto,Normal,1,Cooling,0,0,69.8,68,440,P0,P0,71.6,Auto,Auto,Normal,2,Cooling,0,5,68.9,57.2,810,P0,P0,69.8,Auto,Auto,Normal
9/19/2026 10:34,Cooling,OFF,0,32,255,255,255,255,84,0,0,1,79.7,86,96.8,68.9,65.3,56.3,77,73.4,57.2,95,3,203.4,ON,10,10,560,558,OFF,Cooling,0,0,219,0,Cooling,0,0,69.8,69.8,440,P0,P0,71.6,Auto,Auto,Normal,1,Cooling,0,0,69.8,68,440,P0,P0,71.6,Auto,Auto,Normal,2,Cooling,0,5,68.9,57.2,810,P0,P0,69.8,Auto,Auto,Normal
9/19/2026 10:35,Cooling,OFF,0,32,255,255,255,255,84,0,0,1,79.7,86.9,96.8,68.9,66.2,56.3,77,74.3,57.2,95,3,203.4,ON,10,10,560,558,OFF,Cooling,0,0,219,0,Cooling,0,0,69.8,69.8,440,P0,P0,71.6,Auto,Auto,Normal,1,Cooling,0,0,69.8,68.9,440,P0,P0,71.6,Auto,Auto,Normal,2,Cooling,0,5,68.9,57.2,810,P0,P0,69.8,Auto,Auto,Normal
9/19/2026 10:35,Cooling,OFF,0,32,255,255,255,255,84,0,0,1,79.7,86,96.8,69.8,66.2,56.3,77,74.3,57.2,95,2.75,203.4,ON,10,10,560,559,OFF,Cooling,0,0,219,0,Cooling,0,0,69.8,69.8,440,P0,P0,71.6,Auto,Auto,Normal,1,Cooling,0,0,69.8,68.9,440,P0,P0,71.6,Auto,Auto,Normal,2,Cooling,0,5,69.8,57.2,810,P0,P0,69.8,Auto,Auto,Normal
9/19/2026 10:36,Cooling,OFF,0,32,255,255,255,255,84,0,0,1,79.7,85.1,96.8,69.8,66.2,56.3,76.1,74.3,57.2,95,2.75,205.2,ON,10,10,560,559,OFF,Cooling,0,0,219,0,Cooling,0,0,69.8,69.8,440,P0,P0,71.6,Auto,Auto,Normal,1,Cooling,0,0,69.8,68.9,440,P0,P0,71.6,Auto,Auto,Normal,2,Cooling,0,5,69.8,57.2,810,P0,P0,69.8,Auto,Auto,Normal
9/19/2026 10:36,Cooling,OFF,0,32,255,255,255,255,84,0,0,1,79.7,86,97.7,69.8,66.2,56.3,76.1,74.3,57.2,95.9,2.75,205.2,ON,10,10,560,559,OFF,Cooling,0,0,219,0,Cooling,0,0,69.8,69.8,440,P0,P0,71.6,Auto,Auto,Normal,1,Cooling,0,0,69.8,68.9,440,P0,P0,71.6,Auto,Auto,Normal,2,Cooling,0,5,68.9,57.2,810,P0,P0,69.8,Auto,Auto,Normal
9/19/2026 10:37,Cooling,OFF,0,32,255,255,255,255,84,0,0,1,79.7,86,97.7,69.8,67.1,56.3,76.1,74.3,57.2,95.9,2.75,205.2,ON,10,10,560,559,OFF,Cooling,0,0,219,0,Cooling,0,0,69.8,69.8,440,P0,P0,71.6,Auto,Auto,Normal,1,Cooling,0,0,69.8,69.8,440,P0,P0,71.6,Auto,Auto,Normal,2,Cooling,0,5,68.9,57.2,810,P0,P0,69.8,Auto,Auto,Normal
9/19/2026 10:37,Cooling,OFF,0,32,255,255,255,255,84,0,0,1,79.7,86,97.7,69.8,67.1,56.3,76.1,74.3,58.1,95.9,2.75,205.2,ON,10,10,560,559,OFF,Cooling,0,0,219,0,Cooling,0,0,69.8,69.8,440,P0,P0,71.6,Auto,Auto,Normal,1,Cooling,0,0,69.8,69.8,440,P0,P0,71.6,Auto,Auto,Normal,2,Cooling,0,5,69.8,57.2,810,P0,P0,69.8,Auto,Auto,Normal
9/19/2026 10:38,Cooling,OFF,0,32,255,255,255,255,84,0,0,1,79.7,86,97.7,69.8,67.1,56.3,76.1,74.3,58.1,95.9,2.75,205.2,ON,10,10,560,559,OFF,Cooling,0,0,219,0,Cooling,0,0,69.8,69.8,440,P0,P0,71.6,Auto,Auto,Normal,1,Cooling,0,0,69.8,69.8,440,P0,P0,71.6,Auto,Auto,Normal,2,Cooling,0,5,68.9,57.2,810,P0,P0,69.8,Auto,Auto,Normal
9/19/2026 10:38,Cooling,OFF,0,32,255,255,255,255,84,0,0,1,79.7,86.9,97.7,69.8,67.1,56.3,76.1,74.3,58.1,95.9,2.75,207.1,ON,10,10,560,559,OFF,Cooling,0,0,219,0,Cooling,0,0,69.8,69.8,440,P0,P0,71.6,Auto,Auto,Normal,1,Cooling,0,0,69.8,69.8,440,P0,P0,71.6,Auto,Auto,Normal,2,Cooling,0,5,69.8,57.2,810,P0,P0,69.8,Auto,Auto,Normal
9/19/2026 10:39,Cooling,OFF,0,32,255,255,255,255,84,0,0,1,79.7,86.9,97.7,69.8,67.1,56.3,77,75.2,58.1,95.9,2.75,205.3,ON,10,10,560,559,OFF,Cooling,0,0,219,0,Cooling,0,0,69.8,69.8,440,P0,P0,71.6,Auto,Auto,Normal,1,Cooling,0,0,69.8,69.8,440,P0,P0,71.6,Auto,Auto,Normal,2,Cooling,0,5,69.8,57.2,810,P0,P0,69.8,Auto,Auto,Normal
9/19/2026 10:39,Cooling,OFF,0,32,255,255,255,255,84,0,0,1,79.7,86.9,98.6,69.8,67.1,56.3,76.1,74.3,58.1,95.9,3,205.3,ON,10,10,560,558,OFF,Cooling,0,0,219,0,Cooling,0,0,69.8,69.8,440,P0,P0,71.6,Auto,Auto,Normal,1,Cooling,0,0,69.8,69.8,440,P0,P0,71.6,Auto,Auto,Normal,2,Cooling,0,5,69.8,57.2,810,P0,P0,69.8,Auto,Auto,Normal
9/19/2026 10:40,Cooling,OFF,0,32,255,255,255,255,84,0,0,1,80.6,87.8,98.6,69.8,68,56.3,77,75.2,58.1,95.9,3,205.3,ON,10,10,560,559,OFF,Cooling,0,0,219,0,Cooling,0,0,69.8,69.8,440,P0,P0,71.6,Auto,Auto,Normal,1,Cooling,0,0,69.8,69.8,440,P0,P0,71.6,Auto,Auto,Normal,2,Cooling,0,5,69.8,57.2,810,P0,P0,69.8,Auto,Auto,Normal
9/19/2026 10:40,Cooling,OFF,0,32,255,255,255,255,84,0,0,1,80.6,86.9,98.6,69.8,68,56.3,76.1,75.2,58.1,95.9,2.75,205.2,ON,10,10,560,559,OFF,Cooling,0,0,219,0,Cooling,0,0,69.8,69.8,440,P0,P0,71.6,Auto,Auto,Normal,1,Cooling,0,0,69.8,69.8,440,P0,P0,71.6,Auto,Auto,Normal,2,Cooling,0,5,69.8,57.2,810,P0,P0,69.8,Auto,Auto,Normal
9/19/2026 10:41,Cooling,OFF,0,32,255,255,255,255,84,0,0,1,80.6,86.9,98.6,69.8,68,56.3,77,75.2,58.1,95.9,2.75,205.2,ON,10,10,560,559,OFF,Cooling,0,0,219,0,Cooling,0,0,69.8,69.8,440,P0,P0,71.6,Auto,Auto,Normal,1,Cooling,0,0,69.8,69.8,440,P0,P0,71.6,Auto,Auto,Normal,2,Cooling,0,5,69.8,57.2,810,P0,P0,69.8,Auto,Auto,Normal
9/19/2026 10:41,Cooling,OFF,0,32,255,255,255,255,84,0,0,1,80.6,86.9,98.6,69.8,68,56.3,77,75.2,58.1,95.9,3,205.2,ON,10,10,560,559,OFF,Cooling,0,0,219,0,Cooling,0,0,69.8,69.8,440,P0,P0,71.6,Auto,Auto,Normal,1,Cooling,0,0,69.8,69.8,440,P0,P0,71.6,Auto,Auto,Normal,2,Cooling,0,5,69.8,58.1,810,P0,P0,69.8,Auto,Auto,Normal
9/19/2026 10:42,Cooling,OFF,0,32,255,255,255,255,84,0,0,1,80.6,87.8,98.6,69.8,68,56.3,77,75.2,58.1,95.9,3,205.3,ON,10,10,560,559,OFF,Cooling,0,0,219,0,Cooling,0,0,69.8,69.8,440,P0,P0,71.6,Auto,Auto,Normal,1,Cooling,0,0,69.8,69.8,440,P0,P0,71.6,Auto,Auto,Normal,2,Cooling,0,5,69.8,57.2,810,P0,P0,69.8,Auto,Auto,Normal
9/19/2026 10:42,Cooling,OFF,0,32,255,255,255,255,84,0,0,1,80.6,87.8,98.6,69.8,68,56.3,76.1,75.2,58.1,95.9,2.75,207.1,ON,10,10,560,558,OFF,Cooling,0,0,219,0,Cooling,0,0,69.8,69.8,440,P0,P0,71.6,Auto,Auto,Normal,1,Cooling,0,0,69.8,69.8,440,P0,P0,71.6,Auto,Auto,Normal,2,Cooling,0,5,69.8,57.2,810,P0,P0,69.8,Auto,Auto,Normal
9/19/2026 10:43,Cooling,OFF,0,32,255,255,255,255,84,0,0,1,81.5,86.9,99.5,69.8,68,57.2,76.1,75.2,59,95.9,2.75,205.2,ON,10,10,560,558,OFF,Cooling,0,0,219,0,Cooling,0,0,69.8,69.8,440,P0,P0,71.6,Auto,Auto,Normal,1,Cooling,0,0,69.8,69.8,440,P0,P0,71.6,Auto,Auto,Normal,2,Cooling,0,5,69.8,57.2,810,P0,P0,69.8,Auto,Auto,Normal
9/19/2026 10:43,Cooling,OFF,0,32,255,255,255,255,84,0,0,1,81.5,86.9,99.5,69.8,68,56.3,76.1,75.2,58.1,95.9,2.75,207.1,ON,10,10,560,558,OFF,Cooling,0,0,219,0,Cooling,0,0,69.8,69.8,440,P0,P0,71.6,Auto,Auto,Normal,1,Cooling,0,0,69.8,69.8,440,P0,P0,71.6,Auto,Auto,Normal,2,Cooling,0,5,69.8,57.2,810,P0,P0,69.8,Auto,Auto,Normal
9/19/2026 10:44,Cooling,OFF,0,32,255,255,255,255,84,0,0,1,81.5,86.9,99.5,70.7,68,57.2,77,75.2,59,95.9,2.75,205.2,ON,10,10,560,559,OFF,Cooling,0,0,219,0,Cooling,0,0,69.8,69.8,440,P0,P0,71.6,Auto,Auto,Normal,1,Cooling,0,0,69.8,69.8,440,P0,P0,71.6,Auto,Auto,Normal,2,Cooling,0,5,69.8,58.1,810,P0,P0,69.8,Auto,Auto,Normal
9/19/2026 10:44,Cooling,OFF,0,32,255,255,255,255,84,0,0,1,80.6,86.9,98.6,69.8,68,56.3,76.1,75.2,58.1,95.9,2.75,207.1,ON,10,10,560,558,OFF,Cooling,0,0,219,0,Cooling,0,0,69.8,69.8,440,P0,P0,71.6,Auto,Auto,Normal,1,Cooling,0,0,69.8,69.8,440,P0,P0,71.6,Auto,Auto,Normal,2,Cooling,0,5,69.8,57.2,810,P0,P0,69.8,Auto,Auto,Normal
9/19/2026 10:45,Cooling,OFF,0,32,255,255,255,255,84,0,0,1,80.6,86,98.6,70.7,68,56.3,76.1,75.2,58.1,95.9,2.75,207.1,ON,10,10,560,559,OFF,Cooling,0,0,219,0,Cooling,0,0,69.8,69.8,440,P0,P0,71.6,Auto,Auto,Normal,1,Cooling,0,0,69.8,69.8,440,P0,P0,71.6,Auto,Auto,Normal,2,Cooling,0,5,68.9,57.2,810,P0,P0,69.8,Auto,Auto,Normal
9/19/2026 10:45,Cooling,OFF,0,116.6,255,255,255,255,84,0,0,1,80.6,86.9,98.6,70.7,68,56.3,76.1,75.2,58.1,97.7,2.75,205.2,ON,10,10,560,558,OFF,Cooling,0,0,218,0,Cooling,0,0,69.8,69.8,440,P0,P0,71.6,Auto,Auto,Normal,1,Cooling,0,0,69.8,69.8,440,P0,P0,71.6,Auto,Auto,Normal,2,Cooling,0,5,68.9,57.2,810,P0,P0,69.8,Auto,Auto,Normal
9/19/2026 10:46,Cooling,OFF,0,117.5,255,255,255,255,84,0,0,1,80.6,86.9,98.6,70.7,68,56.3,76.1,75.2,58.1,97.7,2.75,205.2,ON,10,10,560,559,OFF,Cooling,0,0,216,0,Cooling,0,0,69.8,69.8,440,P0,P0,71.6,Auto,Auto,Normal,1,Cooling,0,0,69.8,69.8,440,P0,P0,71.6,Auto,Auto,Normal,2,Cooling,0,5,68.9,57.2,810,P0,P0,69.8,Auto,Auto,Normal
9/19/2026 10:46,Cooling,OFF,0,118.4,255,255,255,255,84,0,0,1,80.6,86.9,98.6,70.7,68,56.3,76.1,60,58.1,95.9,3.25,207.2,ON,12,12,560,559,OFF,Cooling,0,197,197,0,Cooling,0,0,69.8,69.8,440,P0,P0,71.6,Auto,Auto,Normal,1,Cooling,0,2,69.8,69.8,770,P0,P0,71.6,Auto,Auto,Normal,2,Cooling,0,5,68.9,58.1,810,P0,P0,69.8,Auto,Auto,Normal
9/19/2026 10:47,Cooling,OFF,0,118.4,255,255,255,255,84,0,0,1,80.6,86.9,98.6,70.7,68.9,57.2,76.1,60,59,95.9,3,207.1,ON,11,11,560,559,OFF,Cooling,0,194,194,0,Cooling,0,0,69.8,69.8,440,P0,P0,71.6,Auto,Auto,Normal,1,Cooling,0,2,69.8,69.8,770,P0,P0,71.6,Auto,Auto,Normal,2,Cooling,0,5,68.9,59.9,810,P0,P0,69.8,Auto,Auto,Normal
9/19/2026 10:47,Cooling,OFF,0,118.4,255,255,255,255,84,0,0,1,80.6,86.9,98.6,71.6,68.9,59.9,76.1,62.6,60,95.9,2.75,207.1,ON,11,11,560,559,OFF,Cooling,0,194,194,0,Cooling,0,0,69.8,69.8,440,P0,P0,71.6,Auto,Auto,Normal,1,Cooling,0,2,69.8,59.9,770,P0,P0,71.6,Auto,Auto,Normal,2,Cooling,0,5,68.9,60,810,P0,P0,69.8,Auto,Auto,Normal
9/19/2026 10:48,Cooling,OFF,0,118.4,255,255,255,255,84,0,0,1,80.6,86.9,98.6,71.6,68,60,76.1,62.6,60,95.9,2.75,207.1,ON,11,11,560,559,OFF,Cooling,0,194,194,0,Cooling,0,0,69.8,69.8,440,P0,P0,71.6,Auto,Auto,Normal,1,Cooling,0,2,69.8,59.9,770,P0,P0,71.6,Auto,Auto,Normal,2,Cooling,0,5,68.9,62.6,810,P0,P0,69.8,Auto,Auto,Normal
9/19/2026 10:48,Cooling,OFF,0,118.4,255,255,255,255,84,0,0,1,80.6,86.9,98.6,70.7,59.9,60,76.1,62.6,60,95.9,2.75,207.1,ON,11,11,560,559,OFF,Cooling,0,194,194,0,Cooling,0,0,69.8,69.8,440,P0,P0,71.6,Auto,Auto,Normal,1,Cooling,0,2,69.8,59.9,770,P0,P0,71.6,Auto,Auto,Normal,2,Cooling,0,5,68.9,66.2,810,P0,P0,69.8,Auto,Auto,Normal
9/19/2026 10:49,Cooling,OFF,0,118.4,255,255,255,255,84,0,0,1,80.6,86,97.7,69.8,59.9,60,76.1,62.6,60,95.9,2.75,205.2,ON,10,10,560,558,OFF,Cooling,0,191,191,0,Cooling,0,0,69.8,69.8,440,P0,P0,71.6,Auto,Auto,Normal,1,Cooling,0,0,69.8,59.9,770,P0,P0,71.6,Auto,Auto,Normal,2,Cooling,0,5,68.9,67.1,810,P0,P0,69.8,Auto,Auto,Normal
9/19/2026 10:49,Cooling,OFF,0,118.4,255,255,255,255,84,0,0,1,80.6,86.9,97.7,69.8,59.9,60,76.1,63.5,59.9,95.9,2.75,205.2,ON,10,10,560,559,OFF,Cooling,0,0,217,0,Cooling,0,0,69.8,69.8,440,P0,P0,71.6,Auto,Auto,Normal,1,Cooling,0,0,69.8,59,440,P0,P0,71.6,Auto,Auto,Normal,2,Cooling,0,5,69.8,67.1,810,P0,P0,69.8,Auto,Auto,Normal
9/19/2026 10:50,Cooling,OFF,0,118.4,255,255,255,255,84,0,0,1,80.6,86.9,97.7,69.8,59.9,62.6,76.1,67.1,59,97.7,2.75,205.2,ON,10,10,560,559,OFF,Cooling,0,0,217,0,Cooling,0,0,69.8,69.8,440,P0,P0,71.6,Auto,Auto,Normal,1,Cooling,0,0,69.8,60,440,P0,P0,71.6,Auto,Auto,Normal,2,Cooling,0,5,69.8,64.4,810,P0,P0,69.8,Auto,Auto,Normal
9/19/2026 10:50,Cooling,OFF,0,118.4,255,255,255,255,84,0,0,1,80.6,86.9,97.7,68.9,59.9,63.5,76.1,69.8,59,97.7,3,205.2,ON,10,10,560,558,OFF,Cooling,0,0,217,0,Cooling,0,0,69.8,69.8,440,P0,P0,71.6,Auto,Auto,Normal,1,Cooling,0,0,69.8,62.6,440,P0,P0,71.6,Auto,Auto,Normal,2,Cooling,0,5,69.8,59,810,P0,P0,69.8,Auto,Auto,Normal
9/19/2026 10:51,Cooling,OFF,0,118.4,255,255,255,255,84,0,0,1,80.6,87.8,97.7,69.8,60,59.9,76.1,70.7,59,97.7,2.75,205.2,ON,10,10,560,558,OFF,Cooling,0,0,217,0,Cooling,0,0,69.8,69.8,440,P0,P0,71.6,Auto,Auto,Normal,1,Cooling,0,0,69.8,63.5,440,P0,P0,71.6,Auto,Auto,Normal,2,Cooling,0,5,69.8,58.1,810,P0,P0,69.8,Auto,Auto,Normal
9/19/2026 10:51,Cooling,OFF,0,118.4,255,255,255,255,84,0,0,1,81.5,87.8,98.6,69.8,60,57.2,76.1,72.5,59,97.7,2.75,205.2,ON,10,10,560,559,OFF,Cooling,0,0,217,0,Cooling,0,0,69.8,69.8,440,P0,P0,71.6,Auto,Auto,Normal,1,Cooling,0,0,69.8,65.3,440,P0,P0,71.6,Auto,Auto,Normal,2,Cooling,0,5,69.8,58.1,810,P0,P0,69.8,Auto,Auto,Normal
9/19/2026 10:52,Cooling,OFF,0,118.4,255,255,255,255,84,0,0,1,81.5,87.8,98.6,69.8,61.7,57.2,76.1,72.5,59,97.7,3,205.2,ON,10,10,560,559,OFF,Cooling,0,0,217,0,Cooling,0,0,69.8,69.8,440,P0,P0,71.6,Auto,Auto,Normal,1,Cooling,0,0,69.8,67.1,440,P0,P0,71.6,Auto,Auto,Normal,2,Cooling,0,5,69.8,58.1,810,P0,P0,69.8,Auto,Auto,Normal
9/19/2026 10:52,Cooling,OFF,0,118.4,255,255,255,255,84,0,0,1,80.6,86.9,98.6,69.8,62.6,57.2,76.1,72.5,58.1,97.7,2.75,205.2,ON,10,10,560,558,OFF,Cooling,0,0,217,0,Cooling,0,0,69.8,69.8,440,P0,P0,71.6,Auto,Auto,Normal,1,Cooling,0,0,69.8,67.1,440,P0,P0,71.6,Auto,Auto,Normal,2,Cooling,0,5,69.8,58.1,810,P0,P0,69.8,Auto,Auto,Normal
9/19/2026 10:53,Cooling,OFF,0,118.4,255,255,255,255,84,0,0,1,81.5,86.9,98.6,69.8,63.5,57.2,76.1,73.4,58.1,97.7,2.75,205.2,ON,10,10,560,559,OFF,Cooling,0,0,217,0,Cooling,0,0,69.8,69.8,440,P0,P0,71.6,Auto,Auto,Normal,1,Cooling,0,0,69.8,68,440,P0,P0,71.6,Auto,Auto,Normal,2,Cooling,0,5,69.8,58.1,810,P0,P0,69.8,Auto,Auto,Normal
9/19/2026 10:53,Cooling,OFF,0,118.4,255,255,255,255,84,0,0,1,80.6,86.9,98.6,69.8,64.4,57.2,76.1,74.3,58.1,97.7,2.75,205.2,ON,10,10,560,559,OFF,Cooling,0,0,217,0,Cooling,0,0,69.8,69.8,440,P0,P0,71.6,Auto,Auto,Normal,1,Cooling,0,0,69.8,68.9,440,P0,P0,71.6,Auto,Auto,Normal,2,Cooling,0,5,69.8,58.1,810,P0,P0,69.8,Auto,Auto,Normal
9/19/2026 10:54,Cooling,OFF,0,118.4,255,255,255,255,84,0,0,1,80.6,86.9,98.6,69.8,66.2,57.2,76.1,74.3,58.1,97.7,2.75,207.1,ON,10,10,560,559,OFF,Cooling,0,0,217,0,Cooling,0,0,69.8,70.7,440,P0,P0,71.6,Auto,Auto,Normal,1,Cooling,0,0,69.8,68.9,440,P0,P0,71.6,Auto,Auto,Normal,2,Cooling,0,5,69.8,58.1,810,P0,P0,69.8,Auto,Auto,Normal
9/19/2026 10:54,Cooling,OFF,0,118.4,255,255,255,255,84,0,0,1,80.6,86.9,98.6,69.8,66.2,57.2,76.1,74.3,59,97.7,3,207.1,ON,10,10,560,559,OFF,Cooling,0,0,217,0,Cooling,0,0,69.8,69.8,440,P0,P0,71.6,Auto,Auto,Normal,1,Cooling,0,0,69.8,68.9,440,P0,P0,71.6,Auto,Auto,Normal,2,Cooling,0,5,69.8,58.1,810,P0,P0,69.8,Auto,Auto,Normal
9/19/2026 10:55,Cooling,OFF,0,118.4,255,255,255,255,84,0,0,1,81.5,87.8,99.5,69.8,66.2,57.2,76.1,74.3,58.1,97.7,3,207.1,ON,10,10,560,558,OFF,Cooling,0,0,217,0,Cooling,0,0,69.8,69.8,440,P0,P0,71.6,Auto,Auto,Normal,1,Cooling,0,0,69.8,69.8,440,P0,P0,71.6,Auto,Auto,Normal,2,Cooling,0,5,69.8,58.1,810,P0,P0,69.8,Auto,Auto,Normal
9/19/2026 10:55,Cooling,OFF,0,118.4,255,255,255,255,84,0,0,1,81.5,87.8,99.5,69.8,67.1,57.2,76.1,74.3,59,97.7,3,207.1,ON,10,10,560,559,OFF,Cooling,0,0,217,0,Cooling,0,0,69.8,70.7,440,P0,P0,71.6,Auto,Auto,Normal,1,Cooling,0,0,69.8,69.8,440,P0,P0,71.6,Auto,Auto,Normal,2,Cooling,0,5,69.8,58.1,810,P0,P0,69.8,Auto,Auto,Normal
9/19/2026 10:56,Cooling,OFF,0,118.4,255,255,255,255,84,0,0,1,81.5,87.8,99.5,69.8,67.1,57.2,77,75.2,59,97.7,2.75,207.1,ON,10,10,560,559,OFF,Cooling,0,0,217,0,Cooling,0,0,69.8,70.7,440,P0,P0,71.6,Auto,Auto,Normal,1,Cooling,0,0,69.8,69.8,440,P0,P0,71.6,Auto,Auto,Normal,2,Cooling,0,5,69.8,58.1,810,P0,P0,69.8,Auto,Auto,Normal
9/19/2026 10:56,Cooling,OFF,0,118.4,255,255,255,255,84,0,0,1,81.5,87.8,99.5,69.8,68,57.2,77,75.2,59,97.7,2.75,207.1,ON,10,10,560,559,OFF,Cooling,0,0,217,0,Cooling,0,0,69.8,69.8,440,P0,P0,71.6,Auto,Auto,Normal,1,Cooling,0,0,69.8,69.8,440,P0,P0,71.6,Auto,Auto,Normal,2,Cooling,0,5,69.8,58.1,810,P0,P0,69.8,Auto,Auto,Normal
9/19/2026 10:57,Cooling,OFF,0,118.4,255,255,255,255,84,0,0,1,81.5,87.8,99.5,69.8,68,57.2,77,75.2,59,97.7,2.75,209,ON,10,10,560,559,OFF,Cooling,0,0,217,0,Cooling,0,0,69.8,70.7,440,P0,P0,71.6,Auto,Auto,Normal,1,Cooling,0,0,69.8,69.8,440,P0,P0,71.6,Auto,Auto,Normal,2,Cooling,0,5,69.8,58.1,810,P0,P0,69.8,Auto,Auto,Normal
9/19/2026 10:57,Cooling,OFF,0,118.4,255,255,255,255,84,0,0,1,81.5,87.8,99.5,69.8,68,57.2,77,75.2,59,97.7,2.75,207.1,ON,10,10,560,559,OFF,Cooling,0,0,217,0,Cooling,0,0,69.8,70.7,440,P0,P0,71.6,Auto,Auto,Normal,1,Cooling,0,0,69.8,69.8,440,P0,P0,71.6,Auto,Auto,Normal,2,Cooling,0,5,69.8,58.1,810,P0,P0,69.8,Auto,Auto,Normal
9/19/2026 10:58,Cooling,OFF,0,118.4,255,255,255,255,84,0,0,1,81.5,87.8,99.5,70.7,68,57.2,77,75.2,59,97.7,2.75,209,ON,10,10,560,559,OFF,Cooling,0,0,217,0,Cooling,0,0,69.8,70.7,440,P0,P0,71.6,Auto,Auto,Normal,1,Cooling,0,0,69.8,69.8,440,P0,P0,71.6,Auto,Auto,Normal,2,Cooling,0,5,69.8,58.1,810,P0,P0,69.8,Auto,Auto,Normal
9/19/2026 10:58,Cooling,OFF,0,118.4,255,255,255,255,84,0,0,1,81.5,87.8,99.5,70.7,68,57.2,77,75.2,59,97.7,3,207.1,ON,10,10,560,559,OFF,Cooling,0,0,217,0,Cooling,0,0,69.8,70.7,440,P0,P0,71.6,Auto,Auto,Normal,1,Cooling,0,0,69.8,69.8,440,P0,P0,71.6,Auto,Auto,Normal,2,Cooling,0,5,69.8,58.1,810,P0,P0,69.8,Auto,Auto,Normal
9/19/2026 10:59,Cooling,OFF,0,118.4,255,255,255,255,84,0,0,1,81.5,87.8,99.5,70.7,68,57.2,77,75.2,59,98.6,3,207.1,ON,10,10,560,558,OFF,Cooling,0,0,217,0,Cooling,0,0,69.8,70.7,440,P0,P0,71.6,Auto,Auto,Normal,1,Cooling,0,0,69.8,69.8,440,P0,P0,71.6,Auto,Auto,Normal,2,Cooling,0,5,69.8,58.1,810,P0,P0,69.8,Auto,Auto,Normal
9/19/2026 10:59,Cooling,OFF,0,118.4,255,255,255,255,84,0,0,1,81.5,87.8,99.5,70.7,68,57.2,77,76.1,59,98.6,3,207.1,ON,10,10,560,558,OFF,Cooling,0,0,217,0,Cooling,0,0,69.8,70.7,440,P0,P0,71.6,Auto,Auto,Normal,1,Cooling,0,0,69.8,69.8,440,P0,P0,71.6,Auto,Auto,Normal,2,Cooling,0,5,69.8,58.1,810,P0,P0,69.8,Auto,Auto,Normal
9/19/2026 11:00,Cooling,OFF,0,118.4,255,255,255,255,84,0,0,1,81.5,87.8,99.5,70.7,68,57.2,77,76.1,59,98.6,3,207.1,ON,10,10,560,559,OFF,Cooling,0,0,217,0,Cooling,0,0,69.8,70.7,440,P0,P0,71.6,Auto,Auto,Normal,1,Cooling,0,0,69.8,69.8,440,P0,P0,71.6,Auto,Auto,Normal,2,Cooling,0,5,69.8,58.1,810,P0,P0,69.8,Auto,Auto,Normal
9/19/2026 11:01,Cooling,OFF,0,118.4,255,255,255,255,84,0,0,1,81.5,87.8,99.5,70.7,68,57.2,77,76.1,59,98.6,3,207.1,ON,10,10,560,559,OFF,Cooling,0,0,217,0,Cooling,0,0,69.8,70.7,440,P0,P0,71.6,Auto,Auto,Normal,1,Cooling,0,0,69.8,69.8,440,P0,P0,71.6,Auto,Auto,Normal,2,Cooling,0,5,69.8,58.1,810,P0,P0,69.8,Auto,Auto,Normal
9/19/2026 11:01,Cooling,OFF,0,118.4,255,255,255,255,84,0,0,1,81.5,87.8,99.5,70.7,68,57.2,77,76.1,59,98.6,3,207.1,ON,10,10,560,558,OFF,Cooling,0,0,217,0,Cooling,0,0,69.8,70.7,440,P0,P0,71.6,Auto,Auto,Normal,1,Cooling,0,0,70.7,69.8,440,P0,P0,71.6,Auto,Auto,Normal,2,Cooling,0,5,69.8,58.1,810,P0,P0,69.8,Auto,Auto,Normal
9/19/2026 11:02,Cooling,OFF,0,118.4,255,255,255,255,84,0,0,1,82.4,87.8,99.5,70.7,68,57.2,77,76.1,59,98.6,2.75,207.1,ON,10,10,560,558,OFF,Cooling,0,0,217,0,Cooling,0,0,69.8,70.7,440,P0,P0,71.6,Auto,Auto,Normal,1,Cooling,0,0,70.7,69.8,440,P0,P0,71.6,Auto,Auto,Normal,2,Cooling,0,5,69.8,58.1,810,P0,P0,69.8,Auto,Auto,Normal
9/19/2026 11:02,Cooling,OFF,0,118.4,255,255,255,255,84,0,0,1,81.5,87.8,99.5,70.7,68,57.2,77,76.1,59,98.6,2.75,207.1,ON,10,10,560,558,OFF,Cooling,0,0,217,0,Cooling,0,0,69.8,70.7,440,P0,P0,71.6,Auto,Auto,Normal,1,Cooling,0,0,70.7,69.8,440,P0,P0,71.6,Auto,Auto,Normal,2,Cooling,0,5,69.8,58.1,810,P0,P0,69.8,Auto,Auto,Normal
9/19/2026 11:03,Cooling,OFF,0,118.4,255,255,255,255,84,0,0,1,81.5,86.9,99.5,70.7,68,57.2,77,76.1,59,98.6,2.75,208.9,ON,10,10,560,559,OFF,Cooling,0,0,217,0,Cooling,0,0,69.8,70.7,440,P0,P0,71.6,Auto,Auto,Normal,1,Cooling,0,0,70.7,69.8,440,P0,P0,71.6,Auto,Auto,Normal,2,Cooling,0,5,69.8,58.1,810,P0,P0,69.8,Auto,Auto,Normal
9/19/2026 11:03,Cooling,OFF,0,118.4,255,255,255,255,84,0,0,1,81.5,87.8,99.5,70.7,68,57.2,77,76.1,59,98.6,3,209,ON,10,10,560,558,OFF,Cooling,0,0,217,0,Cooling,0,0,69.8,70.7,440,P0,P0,71.6,Auto,Auto,Normal,1,Cooling,0,0,70.7,69.8,440,P0,P0,71.6,Auto,Auto,Normal,2,Cooling,0,5,69.8,58.1,810,P0,P0,69.8,Auto,Auto,Normal
9/19/2026 11:04,Cooling,OFF,0,118.4,255,255,255,255,84,0,0,1,81.5,87.8,99.5,71.6,68,57.2,77,76.1,59,98.6,3,209,ON,10,10,560,558,OFF,Cooling,0,0,217,0,Cooling,0,0,69.8,70.7,440,P0,P0,71.6,Auto,Auto,Normal,1,Cooling,0,0,70.7,70.7,440,P0,P0,71.6,Auto,Auto,Normal,2,Cooling,0,5,69.8,58.1,810,P0,P0,69.8,Auto,Auto,Normal
9/19/2026 11:04,Cooling,OFF,0,118.4,255,255,255,255,84,0,0,1,81.5,87.8,99.5,70.7,68,57.2,77,76.1,59,98.6,3,207.1,ON,10,10,560,559,OFF,Cooling,0,0,217,0,Cooling,0,0,69.8,70.7,440,P0,P0,71.6,Auto,Auto,Normal,1,Cooling,0,2,70.7,69.8,440,P0,P0,71.6,Auto,Auto,Normal,2,Cooling,0,5,69.8,58.1,810,P0,P0,69.8,Auto,Auto,Normal
9/19/2026 11:05,Cooling,OFF,0,118.4,255,255,255,255,84,0,0,1,81.5,87.8,99.5,71.6,68.9,58.1,77,61.7,59,98.6,3,207.1,ON,11,11,560,559,OFF,Cooling,0,194,194,0,Cooling,0,0,69.8,70.7,440,P0,P0,71.6,Auto,Auto,Normal,1,Cooling,0,2,70.7,69.8,770,P0,P0,71.6,Auto,Auto,Normal,2,Cooling,0,5,69.8,59,810,P0,P0,69.8,Auto,Auto,Normal
9/19/2026 11:05,Cooling,OFF,0,118.4,255,255,255,255,84,0,0,1,81.5,87.8,99.5,71.6,69.8,59,75.2,62.6,60,97.7,3,209,ON,16,16,560,559,OFF,Cooling,180,180,180,0,Cooling,0,2,69.8,70.7,440,P0,P0,71.6,Auto,Auto,Normal,1,Cooling,0,2,70.7,62.6,770,P0,P0,71.6,Auto,Auto,Normal,2,Cooling,0,5,69.8,60,810,P0,P0,69.8,Auto,Auto,Normal
9/19/2026 11:06,Cooling,OFF,0,118.4,255,255,255,255,84,0,0,1,81.5,88.7,99.5,72.5,68.9,59.9,61.7,61.7,59.9,97.7,4.25,211.3,ON,16,16,560,559,OFF,Cooling,180,180,180,0,Cooling,0,2,69.8,69.8,770,P0,P0,71.6,Auto,Auto,Normal,1,Cooling,0,2,70.7,59.9,770,P0,P0,71.6,Auto,Auto,Normal,2,Cooling,0,5,69.8,60,810,P0,P0,69.8,Auto,Auto,Normal
9/19/2026 11:06,Cooling,OFF,0,118.4,255,255,255,255,84,0,0,1,82.4,90.5,100.4,71.6,59.9,60,60,60,59.9,97.7,4.25,211.3,ON,16,16,560,559,OFF,Cooling,180,180,180,0,Cooling,0,2,69.8,59.9,770,P0,P0,71.6,Auto,Auto,Normal,1,Cooling,0,2,69.8,59.9,770,P0,P0,71.6,Auto,Auto,Normal,2,Cooling,0,5,69.8,67.1,810,P0,P0,69.8,Auto,Auto,Normal
9/19/2026 11:07,Cooling,OFF,0,118.4,255,255,255,255,84,0,0,1,82.4,90.5,101.3,59.9,58.1,61.7,59.9,60,59,97.7,4.25,211.3,ON,16,16,560,559,OFF,Cooling,180,180,180,0,Cooling,0,2,69.8,59,770,P0,P0,71.6,Auto,Auto,Normal,1,Cooling,0,2,69.8,59,770,P0,P0,71.6,Auto,Auto,Normal,2,Cooling,0,5,69.8,68.9,810,P0,P0,69.8,Auto,Auto,Normal
9/19/2026 11:07,Cooling,OFF,0,118.4,255,255,255,255,84,0,0,1,82.4,90.5,101.3,58.1,57.2,62.6,59,60,59,97.7,4.25,211.3,ON,14,13,560,558,OFF,Cooling,0,195,180,0,Cooling,0,0,69.8,58.1,440,P0,P0,71.6,Auto,Auto,Normal,1,Cooling,0,2,69.8,58.1,770,P0,P0,71.6,Auto,Auto,Normal,2,Cooling,0,5,69.8,69.8,810,P0,P0,69.8,Auto,Auto,Normal
9/19/2026 11:08,Cooling,OFF,0,118.4,255,255,255,255,84,0,0,1,82.4,89.6,101.3,58.1,57.2,62.6,62.6,59.9,59,97.7,3.5,209.2,ON,13,13,560,559,OFF,Cooling,0,198,198,0,Cooling,0,0,69.8,57.2,440,P0,P0,71.6,Auto,Auto,Normal,1,Cooling,0,0,69.8,57.2,770,P0,P0,71.6,Auto,Auto,Normal,2,Cooling,0,5,69.8,68.9,810,P0,P0,69.8,Auto,Auto,Normal
9/19/2026 11:08,Cooling,OFF,0,118.4,255,255,255,255,84,0,0,1,82.4,89.6,101.3,59,58.1,63.5,67.1,60,59.9,98.6,3,207.1,ON,10,10,560,559,OFF,Cooling,0,0,215,0,Cooling,0,0,69.8,59.9,440,P0,P0,71.6,Auto,Auto,Normal,1,Cooling,0,0,69.8,57.2,440,P0,P0,71.6,Auto,Auto,Normal,2,Cooling,0,5,69.8,64.4,810,P0,P0,69.8,Auto,Auto,Normal
9/19/2026 11:09,Cooling,OFF,0,118.4,255,255,255,255,84,0,0,1,82.4,88.7,101.3,59.9,59,64.4,68.9,65.3,59.9,98.6,3,205.3,ON,10,10,560,559,OFF,Cooling,0,0,215,0,Cooling,0,0,69.8,59.9,440,P0,P0,71.6,Auto,Auto,Normal,1,Cooling,0,0,69.8,58.1,440,P0,P0,71.6,Auto,Auto,Normal,2,Cooling,0,5,69.8,59.9,810,P0,P0,69.8,Auto,Auto,Normal
9/19/2026 11:09,Cooling,OFF,0,118.4,255,255,255,255,84,0,0,1,82.4,87.8,101.3,60,59,66.2,70.7,68,59,98.6,3,207.1,ON,10,10,560,558,OFF,Cooling,0,0,215,0,Cooling,0,0,69.8,60,440,P0,P0,71.6,Auto,Auto,Normal,1,Cooling,0,0,69.8,59.9,440,P0,P0,71.6,Auto,Auto,Normal,2,Cooling,0,5,69.8,59,810,P0,P0,69.8,Auto,Auto,Normal
9/19/2026 11:10,Cooling,OFF,0,118.4,255,255,255,255,84,0,0,1,82.4,87.8,101.3,60,59.9,66.2,71.6,68.9,59,98.6,3,207.1,ON,10,10,560,558,OFF,Cooling,0,0,215,0,Cooling,0,0,69.8,60,440,P0,P0,71.6,Auto,Auto,Normal,1,Cooling,0,0,69.8,62.6,440,P0,P0,71.6,Auto,Auto,Normal,2,Cooling,0,5,69.8,58.1,810,P0,P0,69.8,Auto,Auto,Normal
9/19/2026 11:10,Cooling,OFF,0,118.4,255,255,255,255,84,0,0,1,81.5,87.8,101.3,60,60,60,72.5,69.8,58.1,98.6,3,207.1,ON,10,10,560,558,OFF,Cooling,0,0,215,0,Cooling,0,0,69.8,62.6,440,P0,P0,71.6,Auto,Auto,Normal,1,Cooling,0,0,69.8,64.4,440,P0,P0,71.6,Auto,Auto,Normal,2,Cooling,0,5,69.8,57.2,810,P0,P0,69.8,Auto,Auto,Normal
9/19/2026 11:11,Cooling,OFF,0,118.4,255,255,255,255,84,0,0,1,82.4,87.8,101.3,61.7,60,57.2,73.4,70.7,58.1,98.6,3,207.1,ON,10,10,560,558,OFF,Cooling,0,0,215,0,Cooling,0,0,69.8,64.4,440,P0,P0,71.6,Auto,Auto,Normal,1,Cooling,0,0,69.8,66.2,440,P0,P0,71.6,Auto,Auto,Normal,2,Cooling,0,5,69.8,57.2,810,P0,P0,69.8,Auto,Auto,Normal
9/19/2026 11:11,Cooling,OFF,0,118.4,255,255,255,255,84,0,0,1,81.5,87.8,101.3,63.5,61.7,57.2,74.3,71.6,58.1,98.6,3,205.2,ON,10,10,560,559,OFF,Cooling,0,0,215,0,Cooling,0,0,69.8,65.3,440,P0,P0,71.6,Auto,Auto,Normal,1,Cooling,0,0,69.8,67.1,440,P0,P0,71.6,Auto,Auto,Normal,2,Cooling,0,5,69.8,57.2,810,P0,P0,69.8,Auto,Auto,Normal
9/19/2026 11:12,Cooling,OFF,0,118.4,255,255,255,255,84,0,0,1,81.5,87.8,101.3,64.4,62.6,57.2,74.3,72.5,58.1,98.6,2.75,207.1,ON,10,10,560,559,OFF,Cooling,0,0,215,0,Cooling,0,0,69.8,67.1,440,P0,P0,71.6,Auto,Auto,Normal,1,Cooling,0,0,69.8,68,440,P0,P0,71.6,Auto,Auto,Normal,2,Cooling,0,5,69.8,58.1,810,P0,P0,69.8,Auto,Auto,Normal
9/19/2026 11:12,Cooling,OFF,0,118.4,255,255,255,255,84,0,0,1,81.5,87.8,101.3,66.2,64.4,57.2,74.3,72.5,58.1,98.6,2.75,207.1,ON,10,10,560,558,OFF,Cooling,0,0,215,0,Cooling,0,0,69.8,67.1,440,P0,P0,71.6,Auto,Auto,Normal,1,Cooling,0,0,69.8,68.9,440,P0,P0,71.6,Auto,Auto,Normal,2,Cooling,0,5,69.8,57.2,810,P0,P0,69.8,Auto,Auto,Normal
9/19/2026 11:13,Cooling,OFF,0,118.4,255,255,255,255,84,0,0,1,81.5,86.9,101.3,67.1,65.3,57.2,74.3,73.4,58.1,98.6,3,207.1,ON,10,10,560,558,OFF,Cooling,0,0,215,0,Cooling,0,0,69.8,68,440,P0,P0,71.6,Auto,Auto,Normal,1,Cooling,0,0,69.8,68.9,440,P0,P0,71.6,Auto,Auto,Normal,2,Cooling,0,5,69.8,57.2,810,P0,P0,69.8,Auto,Auto,Normal
9/19/2026 11:13,Cooling,OFF,0,118.4,255,255,255,255,84,0,0,1,81.5,87.8,102.2,68,66.2,57.2,75.2,73.4,58.1,98.6,3,205.3,ON,10,10,560,559,OFF,Cooling,0,0,215,0,Cooling,0,0,69.8,68,440,P0,P0,71.6,Auto,Auto,Normal,1,Cooling,0,0,69.8,69.8,440,P0,P0,71.6,Auto,Auto,Normal,2,Cooling,0,5,69.8,58.1,810,P0,P0,69.8,Auto,Auto,Normal
9/19/2026 11:14,Cooling,OFF,0,118.4,255,255,255,255,84,0,0,1,82.4,87.8,102.2,68,66.2,57.2,75.2,74.3,58.1,98.6,3,205.3,ON,10,10,560,559,OFF,Cooling,0,0,215,0,Cooling,0,0,69.8,68.9,440,P0,P0,71.6,Auto,Auto,Normal,1,Cooling,0,0,69.8,69.8,440,P0,P0,71.6,Auto,Auto,Normal,2,Cooling,0,5,69.8,58.1,810,P0,P0,69.8,Auto,Auto,Normal
9/19/2026 11:14,Cooling,OFF,0,118.4,255,255,255,255,84,0,0,1,82.4,87.8,102.2,68,66.2,57.2,76.1,74.3,58.1,99.5,3,207.1,ON,10,10,560,559,OFF,Cooling,0,0,215,0,Cooling,0,0,69.8,68.9,440,P0,P0,71.6,Auto,Auto,Normal,1,Cooling,0,0,69.8,69.8,440,P0,P0,71.6,Auto,Auto,Normal,2,Cooling,0,5,69.8,58.1,810,P0,P0,69.8,Auto,Auto,Normal
9/19/2026 11:15,Cooling,OFF,0,118.4,255,255,255,255,84,0,0,1,82.4,87.8,102.2,68.9,67.1,57.2,76.1,74.3,58.1,98.6,3,207.1,ON,10,10,560,558,OFF,Cooling,0,0,215,0,Cooling,0,0,69.8,68.9,440,P0,P0,71.6,Auto,Auto,Normal,1,Cooling,0,0,69.8,69.8,440,P0,P0,71.6,Auto,Auto,Normal,2,Cooling,0,5,69.8,58.1,810,P0,P0,69.8,Auto,Auto,Normal
9/19/2026 11:15,Cooling,OFF,0,118.4,255,255,255,255,84,0,0,1,82.4,87.8,102.2,68.9,67.1,57.2,76.1,74.3,59,99.5,3,207.1,ON,10,10,560,558,OFF,Cooling,0,0,215,0,Cooling,0,0,69.8,68.9,440,P0,P0,71.6,Auto,Auto,Normal,1,Cooling,0,0,69.8,69.8,440,P0,P0,71.6,Auto,Auto,Normal,2,Cooling,0,5,69.8,58.1,810,P0,P0,69.8,Auto,Auto,Normal
9/19/2026 11:16,Cooling,OFF,0,118.4,255,255,255,255,84,0,0,1,82.4,88.7,103.1,68.9,67.1,57.2,76.1,74.3,59,99.5,3,207.2,ON,10,10,560,559,OFF,Cooling,0,0,215,0,Cooling,0,0,69.8,68.9,440,P0,P0,71.6,Auto,Auto,Normal,1,Cooling,0,0,69.8,69.8,440,P0,P0,71.6,Auto,Auto,Normal,2,Cooling,0,5,69.8,58.1,810,P0,P0,69.8,Auto,Auto,Normal
9/19/2026 11:16,Cooling,OFF,0,118.4,255,255,255,255,84,0,0,1,82.4,89.6,103.1,69.8,68,57.2,77,75.2,59,99.5,3,207.2,ON,10,10,560,559,OFF,Cooling,0,0,215,0,Cooling,0,0,69.8,68.9,440,P0,P0,71.6,Auto,Auto,Normal,1,Cooling,0,0,69.8,69.8,440,P0,P0,71.6,Auto,Auto,Normal,2,Cooling,0,5,69.8,58.1,810,P0,P0,69.8,Auto,Auto,Normal
9/19/2026 11:17,Cooling,OFF,0,118.4,255,255,255,255,84,0,0,1,82.4,88.7,103.1,69.8,68,57.2,77,75.2,59,99.5,3,207.1,ON,10,10,560,558,OFF,Cooling,0,0,215,0,Cooling,0,0,69.8,69.8,440,P0,P0,71.6,Auto,Auto,Normal,1,Cooling,0,0,69.8,69.8,440,P0,P0,71.6,Auto,Auto,Normal,2,Cooling,0,5,69.8,58.1,810,P0,P0,69.8,Auto,Auto,Normal
9/19/2026 11:17,Cooling,OFF,0,118.4,255,255,255,255,84,0,0,1,82.4,88.7,103.1,69.8,68,57.2,77,75.2,59,99.5,3,207.1,ON,10,10,560,558,OFF,Cooling,0,0,215,0,Cooling,0,0,69.8,69.8,440,P0,P0,71.6,Auto,Auto,Normal,1,Cooling,0,0,69.8,69.8,440,P0,P0,71.6,Auto,Auto,Normal,2,Cooling,0,5,69.8,58.1,810,P0,P0,69.8,Auto,Auto,Normal
9/19/2026 11:18,Cooling,OFF,0,118.4,255,255,255,255,84,0,0,1,82.4,87.8,103.1,69.8,68,57.2,77,75.2,59,99.5,3,207.1,ON,10,10,560,558,OFF,Cooling,0,0,215,0,Cooling,0,0,69.8,69.8,440,P0,P0,71.6,Auto,Auto,Normal,1,Cooling,0,0,69.8,69.8,440,P0,P0,71.6,Auto,Auto,Normal,2,Cooling,0,5,69.8,58.1,810,P0,P0,69.8,Auto,Auto,Normal
9/19/2026 11:18,Cooling,OFF,0,118.4,255,255,255,255,84,0,0,1,82.4,87.8,103.1,69.8,68,57.2,77,75.2,59,99.5,3,207.1,ON,10,10,560,559,OFF,Cooling,0,0,215,0,Cooling,0,0,69.8,69.8,440,P0,P0,71.6,Auto,Auto,Normal,1,Cooling,0,0,69.8,69.8,440,P0,P0,71.6,Auto,Auto,Normal,2,Cooling,0,5,69.8,58.1,810,P0,P0,69.8,Auto,Auto,Normal
9/19/2026 11:19,Cooling,OFF,0,118.4,255,255,255,255,84,0,0,1,82.4,87.8,103.1,69.8,68,57.2,77,75.2,59,99.5,3,207.1,ON,10,10,560,558,OFF,Cooling,0,0,215,0,Cooling,0,0,69.8,69.8,440,P0,P0,71.6,Auto,Auto,Normal,1,Cooling,0,0,70.7,69.8,440,P0,P0,71.6,Auto,Auto,Normal,2,Cooling,0,5,69.8,58.1,810,P0,P0,69.8,Auto,Auto,Normal
9/19/2026 11:19,Cooling,OFF,0,118.4,255,255,255,255,84,0,0,1,82.4,87.8,103.1,69.8,68,57.2,77,76.1,59,99.5,3,207.1,ON,10,10,560,558,OFF,Cooling,0,0,215,0,Cooling,0,0,69.8,69.8,440,P0,P0,71.6,Auto,Auto,Normal,1,Cooling,0,0,70.7,69.8,440,P0,P0,71.6,Auto,Auto,Normal,2,Cooling,0,5,69.8,58.1,810,P0,P0,69.8,Auto,Auto,Normal
9/19/2026 11:20,Cooling,OFF,0,118.4,255,255,255,255,84,0,0,1,82.4,87.8,103.1,69.8,68,57.2,77,76.1,59,99.5,3,207.1,ON,10,10,560,558,OFF,Cooling,0,0,215,0,Cooling,0,0,69.8,69.8,440,P0,P0,71.6,Auto,Auto,Normal,1,Cooling,0,0,70.7,69.8,440,P0,P0,71.6,Auto,Auto,Normal,2,Cooling,0,5,69.8,58.1,810,P0,P0,69.8,Auto,Auto,Normal
9/19/2026 11:20,Cooling,OFF,0,118.4,255,255,255,255,84,0,0,1,82.4,87.8,103.1,70.7,68,57.2,77,76.1,59,99.5,3,205.3,ON,10,10,560,559,OFF,Cooling,0,0,215,0,Cooling,0,0,69.8,69.8,440,P0,P0,71.6,Auto,Auto,Normal,1,Cooling,0,0,70.7,70.7,440,P0,P0,71.6,Auto,Auto,Normal,2,Cooling,0,5,69.8,58.1,810,P0,P0,69.8,Auto,Auto,Normal
9/19/2026 11:21,Cooling,OFF,0,118.4,255,255,255,255,84,0,0,1,82.4,87.8,103.1,70.7,68,57.2,77,76.1,59,99.5,3,205.3,ON,10,10,560,559,OFF,Cooling,0,0,215,0,Cooling,0,0,69.8,69.8,440,P0,P0,71.6,Auto,Auto,Normal,1,Cooling,0,0,70.7,70.7,440,P0,P0,71.6,Auto,Auto,Normal,2,Cooling,0,5,69.8,58.1,810,P0,P0,69.8,Auto,Auto,Normal
9/19/2026 11:21,Cooling,OFF,0,118.4,255,255,255,255,84,0,0,1,82.4,87.8,103.1,70.7,68,57.2,77,76.1,59,99.5,3,205.3,ON,10,10,560,558,OFF,Cooling,0,0,215,0,Cooling,0,0,69.8,69.8,440,P0,P0,71.6,Auto,Auto,Normal,1,Cooling,0,0,70.7,70.7,440,P0,P0,71.6,Auto,Auto,Normal,2,Cooling,0,5,69.8,58.1,810,P0,P0,69.8,Auto,Auto,Normal
9/19/2026 11:22,Cooling,OFF,0,118.4,255,255,255,255,84,0,0,1,82.4,87.8,103.1,70.7,68,57.2,77,76.1,59,99.5,3,205.3,ON,10,10,560,558,OFF,Cooling,0,0,215,0,Cooling,0,0,69.8,69.8,440,P0,P0,71.6,Auto,Auto,Normal,1,Cooling,0,0,70.7,70.7,440,P0,P0,71.6,Auto,Auto,Normal,2,Cooling,0,5,69.8,58.1,810,P0,P0,69.8,Auto,Auto,Normal
9/19/2026 11:22,Cooling,OFF,0,118.4,255,255,255,255,84,0,0,1,82.4,87.8,103.1,70.7,68,57.2,77,76.1,59,99.5,3,207.1,ON,10,10,560,559,OFF,Cooling,80,28,215,0,Cooling,0,0,69.8,69.8,440,P0,P0,71.6,Auto,Auto,Normal,1,Cooling,0,0,70.7,70.7,440,P0,P0,71.6,Auto,Auto,Normal,2,Cooling,0,5,69.8,58.1,810,P0,P0,69.8,Auto,Auto,Normal
9/19/2026 11:23,Cooling,OFF,0,118.4,255,255,255,255,84,0,0,1,82.4,87.8,103.1,69.8,68.9,58.1,64.4,62.6,59.9,99.5,2.75,207.1,ON,10,10,560,558,OFF,Cooling,0,0,215,0,Cooling,0,0,69.8,69.8,440,P0,P0,71.6,Auto,Auto,Normal,1,Cooling,0,0,70.7,69.8,440,P0,P0,71.6,Auto,Auto,Normal,2,Cooling,0,5,69.8,59.9,810,P0,P0,69.8,Auto,Auto,Normal
9/19/2026 11:23,Cooling,OFF,0,118.4,255,255,255,255,84,0,0,1,82.4,87.8,102.2,69.8,68.9,57.2,69.8,68,59,99.5,3,207.1,ON,10,10,560,559,OFF,Cooling,0,0,215,0,Cooling,0,0,69.8,68.9,440,P0,P0,71.6,Auto,Auto,Normal,1,Cooling,0,2,70.7,69.8,440,P0,P0,71.6,Auto,Auto,Normal,2,Cooling,0,5,69.8,59,810,P0,P0,69.8,Auto,Auto,Normal
9/19/2026 11:24,Cooling,OFF,0,118.4,255,255,255,255,84,0,0,1,82.4,87.8,102.2,70.7,68.9,57.2,72.5,60,59,99.5,3.5,209.2,ON,13,13,560,559,OFF,Cooling,0,198,198,0,Cooling,0,0,69.8,68.9,440,P0,P0,71.6,Auto,Auto,Normal,1,Cooling,0,2,70.7,69.8,770,P0,P0,71.6,Auto,Auto,Normal,2,Cooling,0,5,69.8,58.1,810,P0,P0,69.8,Auto,Auto,Normal
9/19/2026 11:24,Cooling,OFF,0,118.4,255,255,255,255,84,0,0,1,82.4,89.6,103.1,70.7,69.8,59,73.4,61.7,59.9,98.6,3.5,207.3,ON,13,13,560,559,OFF,Cooling,0,198,198,0,Cooling,0,0,69.8,68.9,440,P0,P0,71.6,Auto,Auto,Normal,1,Cooling,0,2,70.7,59.9,770,P0,P0,71.6,Auto,Auto,Normal,2,Cooling,0,5,69.8,59.9,810,P0,P0,69.8,Auto,Auto,Normal
9/19/2026 11:25,Cooling,OFF,0,118.4,255,255,255,255,84,0,0,1,82.4,89.6,102.2,71.6,68,59.9,74.3,62.6,60,98.6,3.25,207.2,ON,12,12,560,559,OFF,Cooling,0,196,196,0,Cooling,0,0,69.8,68.9,440,P0,P0,71.6,Auto,Auto,Normal,1,Cooling,0,2,70.7,59.9,770,P0,P0,71.6,Auto,Auto,Normal,2,Cooling,0,5,69.8,62.6,810,P0,P0,69.8,Auto,Auto,Normal
9/19/2026 11:25,Cooling,OFF,0,118.4,255,255,255,255,84,0,0,1,82.4,89.6,103.1,70.7,59.9,60,74.3,62.6,60,98.6,3.25,207.3,ON,12,12,560,558,OFF,Cooling,0,196,196,0,Cooling,0,0,69.8,69.8,440,P0,P0,71.6,Auto,Auto,Normal,1,Cooling,0,2,70.7,59.9,770,P0,P0,71.6,Auto,Auto,Normal,2,Cooling,0,5,69.8,66.2,810,P0,P0,69.8,Auto,Auto,Normal
9/19/2026 11:26,Cooling,OFF,0,118.4,255,255,255,255,84,0,0,1,82.4,89.6,102.2,69.8,59,62.6,75.2,61.7,59.9,98.6,3.25,207.2,ON,12,12,560,558,OFF,Cooling,0,196,196,0,Cooling,0,0,69.8,69.8,440,P0,P0,71.6,Auto,Auto,Normal,1,Cooling,0,2,69.8,59.9,770,P0,P0,71.6,Auto,Auto,Normal,2,Cooling,0,5,69.8,67.1,810,P0,P0,69.8,Auto,Auto,Normal
9/19/2026 11:26,Cooling,OFF,0,118.4,255,255,255,255,84,0,0,1,82.4,88.7,102.2,68.9,59,62.6,76.1,61.7,59.9,98.6,3.25,207.2,ON,12,12,560,558,OFF,Cooling,0,196,196,0,Cooling,0,0,69.8,69.8,440,P0,P0,71.6,Auto,Auto,Normal,1,Cooling,0,2,69.8,59,770,P0,P0,71.6,Auto,Auto,Normal,2,Cooling,0,5,69.8,68,810,P0,P0,69.8,Auto,Auto,Normal
9/19/2026 11:27,Cooling,OFF,0,118.4,255,255,255,255,84,0,0,1,82.4,88.7,102.2,68.9,59,64.4,76.1,61.7,59.9,98.6,3,207.2,ON,11,11,560,558,OFF,Cooling,0,193,193,0,Cooling,0,0,69.8,69.8,440,P0,P0,71.6,Auto,Auto,Normal,1,Cooling,0,2,69.8,59,770,P0,P0,71.6,Auto,Auto,Normal,2,Cooling,0,5,69.8,68,810,P0,P0,69.8,Auto,Auto,Normal
9/19/2026 11:27,Cooling,OFF,0,118.4,255,255,255,255,84,0,0,1,82.4,87.8,102.2,68,59,64.4,76.1,62.6,59.9,98.6,3,205.3,ON,10,10,560,559,OFF,Cooling,0,0,215,0,Cooling,0,0,69.8,69.8,440,P0,P0,71.6,Auto,Auto,Normal,1,Cooling,0,0,69.8,59,440,P0,P0,71.6,Auto,Auto,Normal,2,Cooling,0,5,69.8,68,810,P0,P0,69.8,Auto,Auto,Normal
9/19/2026 11:28,Cooling,OFF,0,118.4,255,255,255,255,84,0,0,1,82.4,87.8,102.2,68,59,65.3,77,66.2,59,99.5,3,205.3,ON,10,10,560,559,OFF,Cooling,0,0,215,0,Cooling,0,0,69.8,69.8,440,P0,P0,71.6,Auto,Auto,Normal,1,Cooling,0,0,69.8,59.9,440,P0,P0,71.6,Auto,Auto,Normal,2,Cooling,0,5,69.8,67.1,810,P0,P0,69.8,Auto,Auto,Normal
9/19/2026 11:28,Cooling,OFF,0,118.4,255,255,255,255,84,0,0,1,82.4,88.7,102.2,68.9,59.9,67.1,77,68.9,59,99.5,3,205.3,ON,10,10,560,559,OFF,Cooling,0,0,215,0,Cooling,0,0,69.8,69.8,440,P0,P0,71.6,Auto,Auto,Normal,1,Cooling,0,0,69.8,61.7,440,P0,P0,71.6,Auto,Auto,Normal,2,Cooling,0,5,69.8,62.6,810,P0,P0,69.8,Auto,Auto,Normal
9/19/2026 11:29,Cooling,OFF,0,118.4,255,255,255,255,84,0,0,1,82.4,89.6,102.2,68.9,60,68,77,70.7,59,99.5,3,207.1,ON,10,10,560,558,OFF,Cooling,0,0,215,0,Cooling,0,0,69.8,69.8,440,P0,P0,71.6,Auto,Auto,Normal,1,Cooling,0,0,69.8,62.6,440,P0,P0,71.6,Auto,Auto,Normal,2,Cooling,0,5,69.8,58.1,810,P0,P0,69.8,Auto,Auto,Normal
9/19/2026 11:29,Cooling,OFF,0,118.4,255,255,255,255,84,0,0,1,82.4,88.7,102.2,69.8,61.7,67.1,77,72.5,59,99.5,3,205.3,ON,10,10,560,559,OFF,Cooling,0,0,215,0,Cooling,0,0,69.8,69.8,440,P0,P0,71.6,Auto,Auto,Normal,1,Cooling,0,0,69.8,64.4,440,P0,P0,71.6,Auto,Auto,Normal,2,Cooling,0,5,69.8,58.1,810,P0,P0,69.8,Auto,Auto,Normal
9/19/2026 11:30,Cooling,OFF,0,118.4,255,255,255,255,84,0,0,1,82.4,88.7,102.2,69.8,62.6,59,77,72.5,59,99.5,3,205.3,ON,10,10,560,559,OFF,Cooling,0,0,215,0,Cooling,0,0,69.8,69.8,440,P0,P0,71.6,Auto,Auto,Normal,1,Cooling,0,0,69.8,66.2,440,P0,P0,71.6,Auto,Auto,Normal,2,Cooling,0,5,69.8,59,810,P0,P0,69.8,Auto,Auto,Normal
9/19/2026 11:30,Cooling,OFF,0,118.4,255,255,255,255,84,0,0,1,83.3,89.6,102.2,---,---,---,77,73.4,59,99.5,3,205.3,ON,10,10,560,558,OFF,Cooling,0,0,215,0,Cooling,0,0,69.8,69.8,440,P0,P0,71.6,Auto,Auto,Normal,1,Cooling,0,0,69.8,67.1,440,P0,P0,71.6,Auto,Auto,Normal,2,Cooling,0,5,69.8,58.1,810,P0,P0,69.8,Auto,Auto,Normal
9/19/2026 11:31,Cooling,OFF,0,118.4,255,255,255,255,84,0,0,1,83.3,89.6,102.2,69.8,65.3,57.2,77,74.3,59,99.5,3,205.3,ON,10,10,560,558,OFF,Cooling,0,0,215,0,Cooling,0,0,69.8,69.8,440,P0,P0,71.6,Auto,Auto,Normal,1,Cooling,0,0,69.8,68,440,P0,P0,71.6,Auto,Auto,Normal,2,Cooling,0,5,69.8,58.1,810,P0,P0,69.8,Auto,Auto,Normal
9/19/2026 11:31,Cooling,OFF,0,118.4,255,255,255,255,84,0,0,1,83.3,88.7,102.2,69.8,66.2,57.2,77,74.3,59,99.5,3,207.1,ON,10,10,560,558,OFF,Cooling,0,0,215,0,Cooling,0,0,69.8,69.8,440,P0,P0,71.6,Auto,Auto,Normal,1,Cooling,0,0,69.8,68.9,440,P0,P0,71.6,Auto,Auto,Normal,2,Cooling,0,5,69.8,58.1,810,P0,P0,69.8,Auto,Auto,Normal
9/19/2026 11:32,Cooling,OFF,0,118.4,255,255,255,255,84,0,0,1,82.4,88.7,102.2,69.8,66.2,57.2,77,74.3,59,99.5,3,207.1,ON,10,10,560,559,OFF,Cooling,0,0,215,0,Cooling,0,0,69.8,69.8,440,P0,P0,71.6,Auto,Auto,Normal,1,Cooling,0,0,69.8,68.9,440,P0,P0,71.6,Auto,Auto,Normal,2,Cooling,0,5,69.8,58.1,810,P0,P0,69.8,Auto,Auto,Normal
9/19/2026 11:32,Cooling,OFF,0,118.4,255,255,255,255,84,0,0,1,83.3,88.7,103.1,69.8,67.1,56.3,77,75.2,58.1,99.5,3,207.1,ON,10,10,560,559,OFF,Cooling,0,0,215,0,Cooling,0,0,69.8,69.8,440,P0,P0,71.6,Auto,Auto,Normal,1,Cooling,0,0,69.8,69.8,440,P0,P0,71.6,Auto,Auto,Normal,2,Cooling,0,5,69.8,58.1,810,P0,P0,69.8,Auto,Auto,Normal
9/19/2026 11:33,Cooling,OFF,0,118.4,255,255,255,255,84,0,0,1,82.4,88.7,103.1,70.7,67.1,56.3,77,75.2,58.1,99.5,3,207.1,ON,10,10,560,559,OFF,Cooling,0,0,215,0,Cooling,0,0,69.8,69.8,440,P0,P0,71.6,Auto,Auto,Normal,1,Cooling,0,0,69.8,69.8,440,P0,P0,71.6,Auto,Auto,Normal,2,Cooling,0,5,69.8,57.2,810,P0,P0,69.8,Auto,Auto,Normal
9/19/2026 11:33,Cooling,OFF,0,118.4,255,255,255,255,84,0,0,1,82.4,87.8,103.1,70.7,68,56.3,77,75.2,58.1,99.5,3,207.1,ON,10,10,560,559,OFF,Cooling,0,0,215,0,Cooling,0,0,69.8,69.8,440,P0,P0,71.6,Auto,Auto,Normal,1,Cooling,0,0,69.8,69.8,440,P0,P0,71.6,Auto,Auto,Normal,2,Cooling,0,5,69.8,57.2,810,P0,P0,69.8,Auto,Auto,Normal
9/19/2026 11:34,Cooling,OFF,0,118.4,255,255,255,255,84,0,0,1,82.4,88.7,103.1,70.7,68,57.2,60,76.1,59,99.5,3.5,209.2,ON,13,13,560,559,OFF,Cooling,198,0,198,0,Cooling,0,2,69.8,69.8,770,P0,P0,71.6,Auto,Auto,Normal,1,Cooling,0,0,69.8,69.8,440,P0,P0,71.6,Auto,Auto,Normal,2,Cooling,0,5,69.8,58.1,810,P0,P0,69.8,Auto,Auto,Normal
9/19/2026 11:34,Cooling,OFF,0,118.4,255,255,255,255,84,0,0,1,82.4,88.7,103.1,68.9,68.9,58.1,60,76.1,59.9,99.5,3.5,209.2,ON,13,13,560,559,OFF,Cooling,198,0,198,0,Cooling,0,2,69.8,59.9,770,P0,P0,71.6,Auto,Auto,Normal,1,Cooling,0,0,69.8,69.8,440,P0,P0,71.6,Auto,Auto,Normal,2,Cooling,0,5,69.8,59.9,810,P0,P0,69.8,Auto,Auto,Normal
9/19/2026 11:35,Cooling,OFF,0,118.4,255,255,255,255,84,0,0,1,82.4,89.6,103.1,59,66.2,59,60,75.2,59.9,99.5,3.25,209.1,ON,12,12,560,559,OFF,Cooling,196,0,196,0,Cooling,0,2,69.8,59.9,770,P0,P0,71.6,Auto,Auto,Normal,1,Cooling,0,0,69.8,69.8,440,P0,P0,71.6,Auto,Auto,Normal,2,Cooling,0,5,69.8,59.9,810,P0,P0,69.8,Auto,Auto,Normal
9/19/2026 11:35,Cooling,OFF,0,118.4,255,255,255,255,84,0,0,1,82.4,89.6,103.1,59,65.3,59,60,75.2,60,99.5,3.25,209.1,ON,12,12,560,558,OFF,Cooling,196,0,196,0,Cooling,0,0,69.8,59.9,770,P0,P0,71.6,Auto,Auto,Normal,1,Cooling,0,0,69.8,69.8,440,P0,P0,71.6,Auto,Auto,Normal,2,Cooling,0,5,69.8,62.6,810,P0,P0,69.8,Auto,Auto,Normal
9/19/2026 11:36,Cooling,OFF,0,118.4,255,255,255,255,84,0,0,1,82.4,89.6,103.1,59,64.4,59.9,60,74.3,59.9,99.5,3,207.1,ON,10,10,560,559,OFF,Cooling,0,0,215,0,Cooling,0,0,69.8,59,440,P0,P0,71.6,Auto,Auto,Normal,1,Cooling,0,0,69.8,69.8,440,P0,P0,71.6,Auto,Auto,Normal,2,Cooling,0,5,69.8,67.1,810,P0,P0,69.8,Auto,Auto,Normal
9/19/2026 11:36,Cooling,OFF,0,118.4,255,255,255,255,84,0,0,1,82.4,88.7,102.2,59,63.5,60,66.2,74.3,59,99.5,3,207.1,ON,10,10,560,559,OFF,Cooling,0,0,215,0,Cooling,0,0,69.8,59,440,P0,P0,71.6,Auto,Auto,Normal,1,Cooling,0,0,69.8,69.8,440,P0,P0,71.6,Auto,Auto,Normal,2,Cooling,0,5,69.8,65.3,810,P0,P0,69.8,Auto,Auto,Normal
9/19/2026 11:37,Cooling,OFF,0,118.4,255,255,255,255,84,0,0,1,82.4,88.7,102.2,59.9,64.4,63.5,68.9,74.3,59,99.5,3,209,ON,10,10,560,559,OFF,Cooling,0,0,215,0,Cooling,0,0,69.8,59.9,440,P0,P0,71.6,Auto,Auto,Normal,1,Cooling,0,0,70.7,69.8,440,P0,P0,71.6,Auto,Auto,Normal,2,Cooling,0,5,69.8,59,810,P0,P0,69.8,Auto,Auto,Normal
9/19/2026 11:37,Cooling,OFF,0,118.4,255,255,255,255,84,0,0,1,82.4,87.8,102.2,60,66.2,63.5,70.7,74.3,59,99.5,3,207.1,ON,10,10,560,558,OFF,Cooling,0,0,215,0,Cooling,0,0,69.8,59.9,440,P0,P0,71.6,Auto,Auto,Normal,1,Cooling,0,0,70.7,69.8,440,P0,P0,71.6,Auto,Auto,Normal,2,Cooling,0,5,69.8,58.1,810,P0,P0,69.8,Auto,Auto,Normal
9/19/2026 11:38,Cooling,OFF,0,118.4,255,255,255,255,84,0,0,1,82.4,87.8,102.2,60,66.2,58.1,72.5,74.3,59,99.5,3,207.1,ON,10,10,560,558,OFF,Cooling,0,0,215,0,Cooling,0,0,69.8,60,440,P0,P0,71.6,Auto,Auto,Normal,1,Cooling,0,0,70.7,69.8,440,P0,P0,71.6,Auto,Auto,Normal,2,Cooling,0,5,69.8,58.1,810,P0,P0,69.8,Auto,Auto,Normal
9/19/2026 11:38,Cooling,OFF,0,118.4,255,255,255,255,84,0,0,1,82.4,87.8,102.2,61.7,66.2,57.2,72.5,74.3,59,99.5,3,207.1,ON,10,10,560,559,OFF,Cooling,0,0,215,0,Cooling,0,0,69.8,61.7,440,P0,P0,71.6,Auto,Auto,Normal,1,Cooling,0,0,70.7,69.8,440,P0,P0,71.6,Auto,Auto,Normal,2,Cooling,0,5,69.8,58.1,810,P0,P0,69.8,Auto,Auto,Normal
9/19/2026 11:39,Cooling,OFF,0,118.4,255,255,255,255,84,0,0,1,82.4,87.8,102.2,62.6,66.2,57.2,74.3,74.3,59,99.5,3,207.1,ON,10,10,560,559,OFF,Cooling,0,0,215,0,Cooling,0,0,69.8,63.5,440,P0,P0,71.6,Auto,Auto,Normal,1,Cooling,0,0,70.7,70.7,440,P0,P0,71.6,Auto,Auto,Normal,2,Cooling,0,5,69.8,58.1,810,P0,P0,69.8,Auto,Auto,Normal
9/19/2026 11:39,Cooling,OFF,0,118.4,255,255,255,255,84,0,0,1,82.4,88.7,102.2,64.4,66.2,57.2,74.3,74.3,59,99.5,3,205.3,ON,10,10,560,558,OFF,Cooling,0,0,215,0,Cooling,0,0,69.8,65.3,440,P0,P0,71.6,Auto,Auto,Normal,1,Cooling,0,0,70.7,70.7,440,P0,P0,71.6,Auto,Auto,Normal,2,Cooling,0,5,69.8,58.1,810,P0,P0,69.8,Auto,Auto,Normal
9/19/2026 11:40,Cooling,OFF,0,118.4,255,255,255,255,84,0,0,1,82.4,89.6,102.2,66.2,66.2,57.2,75.2,74.3,59,101.3,3,205.3,ON,10,10,560,558,OFF,Cooling,0,0,215,0,Cooling,0,0,69.8,67.1,440,P0,P0,71.6,Auto,Auto,Normal,1,Cooling,0,0,70.7,70.7,440,P0,P0,71.6,Auto,Auto,Normal,2,Cooling,0,5,69.8,58.1,810,P0,P0,69.8,Auto,Auto,Normal
9/19/2026 11:40,Cooling,OFF,0,118.4,255,255,255,255,84,0,0,1,82.4,89.6,102.2,67.1,67.1,57.2,75.2,74.3,59,101.3,3,207.2,ON,10,10,560,558,OFF,Cooling,0,0,215,0,Cooling,0,0,69.8,67.1,440,P0,P0,71.6,Auto,Auto,Normal,1,Cooling,0,0,70.7,70.7,440,P0,P0,71.6,Auto,Auto,Normal,2,Cooling,0,5,69.8,58.1,810,P0,P0,69.8,Auto,Auto,Normal
9/19/2026 11:41,Cooling,OFF,0,118.4,255,255,255,255,84,0,0,1,82.4,89.6,102.2,68,67.1,57.2,76.1,75.2,59,101.3,3,207.1,ON,10,10,560,559,OFF,Cooling,0,0,215,0,Cooling,0,0,69.8,68,440,P0,P0,71.6,Auto,Auto,Normal,1,Cooling,0,0,70.7,70.7,440,P0,P0,71.6,Auto,Auto,Normal,2,Cooling,0,5,69.8,58.1,810,P0,P0,69.8,Auto,Auto,Normal
9/19/2026 11:41,Cooling,OFF,0,118.4,255,255,255,255,84,0,0,1,83.3,88.7,102.2,68,68,57.2,76.1,75.2,59,101.3,3,207.1,ON,10,10,560,558,OFF,Cooling,0,0,215,0,Cooling,0,0,69.8,68,440,P0,P0,71.6,Auto,Auto,Normal,1,Cooling,0,0,70.7,70.7,440,P0,P0,71.6,Auto,Auto,Normal,2,Cooling,0,5,69.8,58.1,810,P0,P0,69.8,Auto,Auto,Normal
9/19/2026 11:42,Cooling,OFF,0,118.4,255,255,255,255,84,0,0,1,82.4,88.7,102.2,68.9,68,57.2,77,61.7,59,99.5,3.5,207.3,ON,13,13,560,559,OFF,Cooling,0,197,197,0,Cooling,0,0,69.8,68.9,440,P0,P0,71.6,Auto,Auto,Normal,1,Cooling,0,2,70.7,70.7,770,P0,P0,71.6,Auto,Auto,Normal,2,Cooling,0,5,69.8,59,810,P0,P0,69.8,Auto,Auto,Normal
9/19/2026 11:42,Cooling,OFF,0,118.4,255,255,255,255,84,0,0,1,82.4,89.6,102.2,69.8,68.9,58.1,77,61.7,59,99.5,3.5,207.3,ON,13,13,560,559,OFF,Cooling,0,197,197,0,Cooling,0,0,69.8,68.9,440,P0,P0,71.6,Auto,Auto,Normal,1,Cooling,0,2,70.7,68,770,P0,P0,71.6,Auto,Auto,Normal,2,Cooling,0,5,69.8,59,810,P0,P0,69.8,Auto,Auto,Normal
9/19/2026 11:43,Cooling,OFF,0,118.4,255,255,255,255,84,0,0,1,82.4,89.6,102.2,69.8,68.9,59,77,62.6,60,99.5,3.25,207.2,ON,12,12,560,559,OFF,Cooling,0,196,196,0,Cooling,0,0,69.8,68.9,440,P0,P0,71.6,Auto,Auto,Normal,1,Cooling,0,2,70.7,59.9,770,P0,P0,71.6,Auto,Auto,Normal,2,Cooling,0,5,69.8,59.9,810,P0,P0,69.8,Auto,Auto,Normal
9/19/2026 11:43,Cooling,OFF,0,118.4,255,255,255,255,84,0,0,1,82.4,89.6,102.2,70.7,62.6,60,77,62.6,60,99.5,3.25,207.3,ON,12,12,560,559,OFF,Cooling,0,196,196,0,Cooling,0,0,69.8,68.9,440,P0,P0,71.6,Auto,Auto,Normal,1,Cooling,0,2,70.7,59.9,770,P0,P0,71.6,Auto,Auto,Normal,2,Cooling,0,5,69.8,64.4,810,P0,P0,69.8,Auto,Auto,Normal
9/19/2026 11:44,Cooling,OFF,0,118.4,255,255,255,255,84,0,0,1,83.3,90.5,102.2,69.8,59.9,61.7,77,62.6,60,99.5,3.5,205.4,ON,12,12,560,559,OFF,Cooling,0,196,196,0,Cooling,0,0,69.8,69.8,440,P0,P0,71.6,Auto,Auto,Normal,1,Cooling,0,2,70.7,59.9,770,P0,P0,71.6,Auto,Auto,Normal,2,Cooling,0,5,69.8,67.1,810,P0,P0,69.8,Auto,Auto,Normal
9/19/2026 11:44,Cooling,OFF,0,118.4,255,255,255,255,84,0,0,1,83.3,91.4,103.1,68.9,59,62.6,77,62.6,60,99.5,3.5,207.3,ON,12,12,560,559,OFF,Cooling,0,196,196,0,Cooling,0,0,69.8,69.8,440,P0,P0,71.6,Auto,Auto,Normal,1,Cooling,0,2,69.8,59.9,770,P0,P0,71.6,Auto,Auto,Normal,2,Cooling,0,5,69.8,68,810,P0,P0,69.8,Auto,Auto,Normal
9/19/2026 11:45,Cooling,OFF,0,118.4,255,255,255,255,84,0,0,1,83.3,90.5,103.1,68.9,59,64.4,77,62.6,59.9,99.5,3.25,205.3,ON,11,11,560,559,OFF,Cooling,0,192,192,0,Cooling,0,0,69.8,69.8,440,P0,P0,71.6,Auto,Auto,Normal,1,Cooling,0,2,69.8,59.9,770,P0,P0,71.6,Auto,Auto,Normal,2,Cooling,0,5,69.8,68,810,P0,P0,69.8,Auto,Auto,Normal
9/19/2026 11:45,Cooling,OFF,0,118.4,255,255,255,255,84,0,0,1,83.3,89.6,102.2,68.9,59,64.4,77,62.6,60,99.5,3.25,205.3,ON,11,11,560,559,OFF,Cooling,0,192,192,0,Cooling,0,0,69.8,69.8,440,P0,P0,71.6,Auto,Auto,Normal,1,Cooling,0,2,69.8,59.9,770,P0,P0,71.6,Auto,Auto,Normal,2,Cooling,0,5,69.8,68.9,810,P0,P0,69.8,Auto,Auto,Normal
9/19/2026 11:46,Cooling,OFF,0,118.4,255,255,255,255,84,0,0,1,83.3,89.6,102.2,68,59,65.3,77,61.7,60,99.5,3,205.3,ON,10,10,560,559,OFF,Cooling,0,0,214,0,Cooling,0,0,69.8,69.8,440,P0,P0,71.6,Auto,Auto,Normal,1,Cooling,0,0,69.8,59.9,440,P0,P0,71.6,Auto,Auto,Normal,2,Cooling,0,5,69.8,68.9,810,P0,P0,69.8,Auto,Auto,Normal
9/19/2026 11:46,Cooling,OFF,0,118.4,255,255,255,255,84,0,0,1,83.3,89.6,102.2,68,59.9,66.2,77.9,66.2,59.9,99.5,3,207.1,ON,10,10,560,559,OFF,Cooling,0,0,214,0,Cooling,0,0,69.8,69.8,440,P0,P0,71.6,Auto,Auto,Normal,1,Cooling,0,0,69.8,59.9,440,P0,P0,71.6,Auto,Auto,Normal,2,Cooling,0,7,70.7,67.1,810,P0,P0,69.8,Auto,Auto,Normal
9/19/2026 11:47,Cooling,OFF,0,118.4,255,255,255,255,84,0,0,1,84.2,89.6,102.2,68.9,59.9,67.1,77,69.8,59,101.3,3.25,207.2,ON,11,11,560,559,OFF,Cooling,0,0,217,0,Cooling,0,0,69.8,69.8,440,P0,P0,71.6,Auto,Auto,Normal,1,Cooling,0,0,69.8,61.7,440,P0,P0,71.6,Auto,Auto,Normal,2,Cooling,0,7,70.7,63.5,810,P0,P0,69.8,Auto,Auto,Normal
9/19/2026 11:47,Cooling,OFF,0,118.4,255,255,255,255,84,0,0,1,84.2,90.5,102.2,68.9,60,68,77.9,70.7,58.1,101.3,3.25,209.1,ON,11,11,560,559,OFF,Cooling,0,0,217,0,Cooling,0,0,69.8,69.8,440,P0,P0,71.6,Auto,Auto,Normal,1,Cooling,0,0,69.8,62.6,440,P0,P0,71.6,Auto,Auto,Normal,2,Cooling,0,7,70.7,57.2,810,P0,P0,69.8,Auto,Auto,Normal
9/19/2026 11:48,Cooling,OFF,0,118.4,255,255,255,255,84,0,0,1,84.2,90.5,102.2,68.9,60,68,77.9,72.5,58.1,101.3,3.25,207.3,ON,11,11,560,559,OFF,Cooling,0,0,217,0,Cooling,0,0,69.8,69.8,440,P0,P0,71.6,Auto,Auto,Normal,1,Cooling,0,0,69.8,64.4,440,P0,P0,71.6,Auto,Auto,Normal,2,Cooling,0,7,70.7,57.2,810,P0,P0,69.8,Auto,Auto,Normal
9/19/2026 11:48,Cooling,OFF,0,118.4,255,255,255,255,84,0,0,1,84.2,90.5,103.1,69.8,62.6,60,77.9,73.4,58.1,101.3,3.25,207.3,ON,11,11,560,558,OFF,Cooling,0,0,217,0,Cooling,0,0,69.8,69.8,440,P0,P0,71.6,Auto,Auto,Normal,1,Cooling,0,0,69.8,66.2,440,P0,P0,71.6,Auto,Auto,Normal,2,Cooling,0,7,70.7,57.2,810,P0,P0,69.8,Auto,Auto,Normal
9/19/2026 11:49,Cooling,OFF,0,118.4,255,255,255,255,84,0,0,1,84.2,90.5,103.1,69.8,64.4,56.3,77.9,74.3,58.1,101.3,3.25,207.2,ON,11,11,560,559,OFF,Cooling,0,0,217,0,Cooling,0,0,69.8,69.8,440,P0,P0,71.6,Auto,Auto,Normal,1,Cooling,0,0,69.8,67.1,440,P0,P0,71.6,Auto,Auto,Normal,2,Cooling,0,7,69.8,57.2,810,P0,P0,69.8,Auto,Auto,Normal
9/19/2026 11:49,Cooling,OFF,0,118.4,255,255,255,255,84,0,0,1,84.2,90.5,103.1,69.8,65.3,56.3,77.9,74.3,58.1,101.3,3.25,207.2,ON,11,11,560,559,OFF,Cooling,0,0,217,0,Cooling,0,0,69.8,69.8,440,P0,P0,71.6,Auto,Auto,Normal,1,Cooling,0,0,69.8,68,440,P0,P0,71.6,Auto,Auto,Normal,2,Cooling,0,7,69.8,57.2,810,P0,P0,69.8,Auto,Auto,Normal
9/19/2026 11:50,Cooling,OFF,0,118.4,255,255,255,255,84,0,0,1,84.2,90.5,104,69.8,66.2,55.4,77.9,74.3,57.2,101.3,3.25,207.3,ON,11,11,560,558,OFF,Cooling,0,0,217,0,Cooling,0,0,69.8,69.8,440,P0,P0,71.6,Auto,Auto,Normal,1,Cooling,0,0,69.8,68.9,440,P0,P0,71.6,Auto,Auto,Normal,2,Cooling,0,7,69.8,57.2,810,P0,P0,69.8,Auto,Auto,Normal
9/19/2026 11:50,Cooling,OFF,0,118.4,255,255,255,255,84,0,0,1,84.2,90.5,104,69.8,66.2,55.4,77.9,75.2,57.2,101.3,3.25,207.2,ON,11,11,560,558,OFF,Cooling,0,0,217,0,Cooling,0,0,69.8,69.8,440,P0,P0,71.6,Auto,Auto,Normal,1,Cooling,0,0,69.8,68.9,440,P0,P0,71.6,Auto,Auto,Normal,2,Cooling,0,7,69.8,57.2,810,P0,P0,69.8,Auto,Auto,Normal
9/19/2026 11:51,Cooling,OFF,0,118.4,255,255,255,255,84,0,0,1,83.3,89.6,104,69.8,67.1,55.4,77.9,75.2,57.2,101.3,3.25,207.3,ON,11,11,560,559,OFF,Cooling,0,0,217,0,Cooling,0,0,69.8,69.8,440,P0,P0,71.6,Auto,Auto,Normal,1,Cooling,0,0,69.8,69.8,440,P0,P0,71.6,Auto,Auto,Normal,2,Cooling,0,7,69.8,57.2,810,P0,P0,69.8,Auto,Auto,Normal
9/19/2026 11:51,Cooling,OFF,0,118.4,255,255,255,255,84,0,0,1,84.2,90.5,104,69.8,67.1,55.4,77.9,76.1,57.2,101.3,3.25,207.2,ON,11,11,560,559,OFF,Cooling,0,0,217,0,Cooling,0,0,69.8,69.8,440,P0,P0,71.6,Auto,Auto,Normal,1,Cooling,0,0,69.8,69.8,440,P0,P0,71.6,Auto,Auto,Normal,2,Cooling,0,7,69.8,57.2,810,P0,P0,69.8,Auto,Auto,Normal
9/19/2026 11:52,Cooling,OFF,0,118.4,255,255,255,255,84,0,0,1,84.2,90.5,104,70.7,67.1,55.4,77.9,76.1,57.2,101.3,3.25,209.1,ON,11,11,560,559,OFF,Cooling,0,0,217,0,Cooling,0,0,69.8,69.8,440,P0,P0,71.6,Auto,Auto,Normal,1,Cooling,0,0,69.8,69.8,440,P0,P0,71.6,Auto,Auto,Normal,2,Cooling,0,7,69.8,57.2,810,P0,P0,69.8,Auto,Auto,Normal
9/19/2026 11:52,Cooling,OFF,0,118.4,255,255,255,255,84,0,0,1,83.3,89.6,104,70.7,68,55.4,77.9,76.1,57.2,101.3,3.25,209.1,ON,11,11,560,559,OFF,Cooling,0,0,217,0,Cooling,0,0,69.8,69.8,440,P0,P0,71.6,Auto,Auto,Normal,1,Cooling,0,0,69.8,69.8,440,P0,P0,71.6,Auto,Auto,Normal,2,Cooling,0,7,69.8,57.2,810,P0,P0,69.8,Auto,Auto,Normal
9/19/2026 11:53,Cooling,OFF,0,118.4,255,255,255,255,84,0,0,1,84.2,90.5,104,70.7,68,55.4,77.9,77,57.2,101.3,3.25,207.3,ON,11,11,560,558,OFF,Cooling,0,0,217,0,Cooling,0,0,69.8,69.8,440,P0,P0,71.6,Auto,Auto,Normal,1,Cooling,0,0,69.8,69.8,440,P0,P0,71.6,Auto,Auto,Normal,2,Cooling,0,7,69.8,57.2,810,P0,P0,69.8,Auto,Auto,Normal
9/19/2026 11:53,Cooling,OFF,0,118.4,255,255,255,255,84,0,0,1,84.2,90.5,104,70.7,68,55.4,77.9,77,57.2,101.3,3.5,207.3,ON,11,11,560,558,OFF,Cooling,0,0,217,0,Cooling,0,0,69.8,69.8,440,P0,P0,71.6,Auto,Auto,Normal,1,Cooling,0,0,69.8,69.8,440,P0,P0,71.6,Auto,Auto,Normal,2,Cooling,0,7,69.8,57.2,810,P0,P0,69.8,Auto,Auto,Normal
9/19/2026 11:54,Cooling,OFF,0,118.4,255,255,255,255,84,0,0,1,84.2,91.4,104.9,70.7,68,55.4,78.8,77,58.1,101.3,3.5,207.3,ON,11,11,560,558,OFF,Cooling,0,0,217,0,Cooling,0,0,69.8,70.7,440,P0,P0,71.6,Auto,Auto,Normal,1,Cooling,0,0,69.8,69.8,440,P0,P0,71.6,Auto,Auto,Normal,2,Cooling,0,7,69.8,57.2,810,P0,P0,69.8,Auto,Auto,Normal
9/19/2026 11:54,Cooling,OFF,0,118.4,255,255,255,255,84,0,0,1,85.1,92.3,104.9,70.7,68,55.4,78.8,77,58.1,102.2,3.5,207.3,ON,11,11,560,559,OFF,Cooling,0,0,217,0,Cooling,0,0,69.8,69.8,440,P0,P0,71.6,Auto,Auto,Normal,1,Cooling,0,0,70.7,69.8,440,P0,P0,71.6,Auto,Auto,Normal,2,Cooling,0,7,69.8,57.2,810,P0,P0,69.8,Auto,Auto,Normal
9/19/2026 11:55,Cooling,OFF,0,118.4,255,255,255,255,84,0,0,1,85.1,91.4,104.9,71.6,68,55.4,78.8,77,58.1,102.2,3.5,207.3,ON,11,11,560,559,OFF,Cooling,0,0,217,0,Cooling,0,0,69.8,69.8,440,P0,P0,71.6,Auto,Auto,Normal,1,Cooling,0,0,70.7,69.8,440,P0,P0,71.6,Auto,Auto,Normal,2,Cooling,0,7,69.8,57.2,810,P0,P0,69.8,Auto,Auto,Normal
9/19/2026 11:55,Cooling,OFF,0,118.4,255,255,255,255,84,0,0,1,85.1,91.4,104.9,71.6,68,55.4,78.8,77,58.1,102.2,3.25,207.3,ON,13,29,560,558,OFF,Cooling,150,0,217,0,Cooling,0,2,69.8,70.7,770,P0,P0,71.6,Auto,Auto,Normal,1,Cooling,0,0,70.7,69.8,440,P0,P0,71.6,Auto,Auto,Normal,2,Cooling,0,7,69.8,57.2,810,P0,P0,69.8,Auto,Auto,Normal
9/19/2026 11:56,Cooling,OFF,0,118.4,255,255,255,255,84,0,0,1,85.1,94.1,107.6,68,68.9,51.8,57.2,77,54.5,102.2,4.5,244.5,ON,29,29,560,559,OFF,Cooling,242,0,242,0,Cooling,0,2,69.8,56.3,770,P0,P0,71.6,Auto,Auto,Normal,1,Cooling,0,0,70.7,69.8,440,P0,P0,71.6,Auto,Auto,Normal,2,Cooling,0,7,69.8,53.6,810,P0,P0,69.8,Auto,Auto,Normal
9/19/2026 11:56,Cooling,OFF,0,118.4,255,255,255,255,84,0,0,1,85.1,97.7,110.3,50.9,57.2,51.8,55.4,77,52.7,103.1,4.5,244.6,ON,29,29,560,559,OFF,Cooling,242,0,242,0,Cooling,0,2,69.8,50,770,P0,P0,71.6,Auto,Auto,Normal,1,Cooling,0,0,70.7,69.8,440,P0,P0,71.6,Auto,Auto,Normal,2,Cooling,0,7,69.8,50.9,810,P0,P0,69.8,Auto,Auto,Normal
9/19/2026 11:57,Cooling,OFF,0,153.5,255,255,255,255,84,0,0,1,85.1,98.6,112.1,49.1,53.6,55.4,54.5,76.1,52.7,104.9,4.5,244.6,ON,29,29,560,559,OFF,Cooling,240,0,240,0,Cooling,0,2,69.8,50,770,P0,P0,71.6,Auto,Auto,Normal,1,Cooling,0,0,70.7,69.8,440,P0,P0,71.6,Auto,Auto,Normal,2,Cooling,0,7,69.8,54.5,810,P0,P0,69.8,Auto,Auto,Normal
9/19/2026 11:57,Cooling,OFF,0,154.4,255,255,255,255,84,0,0,1,86,99.5,113.9,48.2,51.8,57.2,53.6,76.1,51.8,105.8,4.5,244.6,ON,25,20,560,558,OFF,Cooling,59,0,235,0,Cooling,0,0,69.8,50,770,P0,P0,71.6,Auto,Auto,Normal,1,Cooling,0,0,70.7,69.8,440,P0,P0,71.6,Auto,Auto,Normal,2,Cooling,0,7,69.8,56.3,810,P0,P0,69.8,Auto,Auto,Normal
9/19/2026 11:58,Cooling,OFF,0,148.1,255,255,255,255,84,0,0,1,86,98.6,113.9,49.1,51.8,59,57.2,75.2,52.7,105.8,3.25,246.5,ON,20,20,560,559,OFF,Cooling,0,0,243,0,Cooling,0,0,68.9,49.1,440,P0,P0,71.6,Auto,Auto,Normal,1,Cooling,0,0,70.7,69.8,440,P0,P0,71.6,Auto,Auto,Normal,2,Cooling,0,7,69.8,53.6,810,P0,P0,69.8,Auto,Auto,Normal
9/19/2026 11:58,Cooling,OFF,0,148.1,255,255,255,255,84,0,0,1,86,96.8,113.9,49.1,51.8,61.7,64.4,74.3,51.8,105.8,3.25,246.5,ON,20,20,560,558,OFF,Cooling,0,0,239,0,Cooling,0,0,68.9,52.7,440,P0,P0,71.6,Auto,Auto,Normal,1,Cooling,0,0,70.7,69.8,440,P0,P0,71.6,Auto,Auto,Normal,2,Cooling,0,7,69.8,50,810,P0,P0,69.8,Auto,Auto,Normal
9/19/2026 11:59,Cooling,OFF,0,148.1,255,255,255,255,84,0,0,1,86.9,96.8,114.8,50.9,57.2,53.6,67.1,74.3,51.8,105.8,3.25,244.2,ON,20,20,560,558,OFF,Cooling,0,0,232,0,Cooling,0,0,68.9,55.4,440,P0,P0,71.6,Auto,Auto,Normal,1,Cooling,0,0,70.7,69.8,440,P0,P0,71.6,Auto,Auto,Normal,2,Cooling,0,7,69.8,50,810,P0,P0,69.8,Auto,Auto,Normal
9/19/2026 11:59,Cooling,OFF,0,148.1,255,255,255,255,84,0,0,1,86.9,96.8,115.7,53.6,59,49.1,68.9,74.3,51.8,105.8,3.25,246.5,ON,20,20,560,559,OFF,Cooling,0,0,229,0,Cooling,0,0,68.9,58.1,440,P0,P0,71.6,Auto,Auto,Normal,1,Cooling,0,0,70.7,69.8,440,P0,P0,71.6,Auto,Auto,Normal,2,Cooling,0,7,69.8,50,810,P0,P0,69.8,Auto,Auto,Normal
9/19/2026 12:00,Cooling,OFF,0,151.7,255,255,255,255,84,0,0,1,86.9,97.7,118.4,60,65.3,54.5,72.5,60,51.8,107.6,4.75,244.6,ON,31,31,760,759,OFF,Cooling,0,248,248,0,Cooling,0,0,68.9,63.5,440,P0,P0,71.6,Auto,Auto,Normal,1,Cooling,0,4,70.7,50.9,770,P0,P0,71.6,Auto,Auto,Normal,2,Cooling,0,7,69.8,50,810,P0,P0,69.8,Auto,Auto,Normal
9/19/2026 12:01,Cooling,OFF,0,149.9,255,255,255,255,84,0,0,1,86.9,97.7,120.2,61.7,48.2,55.4,72.5,59.9,50.9,107.6,4.75,244.7,ON,31,31,760,759,OFF,Cooling,0,242,242,0,Cooling,0,0,68.9,65.3,440,P0,P0,71.6,Auto,Auto,Normal,1,Cooling,0,4,70.7,50.9,770,P0,P0,71.6,Auto,Auto,Normal,2,Cooling,0,5,68.9,54.5,810,P0,P0,69.8,Auto,Auto,Normal
9/19/2026 12:01,Cooling,OFF,0,149,255,255,255,255,84,0,0,1,86,96.8,121.1,59.9,46.4,57.2,73.4,59,50,108.5,4.5,244.6,ON,30,30,760,759,OFF,Cooling,0,241,244,0,Cooling,0,0,68.9,66.2,440,P0,P0,71.6,Auto,Auto,Normal,1,Cooling,0,4,70.7,50,770,P0,P0,71.6,Auto,Auto,Normal,2,Cooling,0,5,68.9,59.9,810,P0,P0,69.8,Auto,Auto,Normal
9/19/2026 12:02,Cooling,OFF,0,149.9,255,255,255,255,84,0,0,1,86,96.8,122,59,45.5,59,74.3,57.2,49.1,108.5,4.5,244.6,ON,30,30,760,759,OFF,Cooling,0,235,242,0,Cooling,0,0,68.9,67.1,440,P0,P0,71.6,Auto,Auto,Normal,1,Cooling,0,2,69.8,49.1,770,P0,P0,71.6,Auto,Auto,Normal,2,Cooling,0,5,68.9,62.6,810,P0,P0,69.8,Auto,Auto,Normal
9/19/2026 12:02,Cooling,OFF,0,149.9,255,255,255,255,84,0,0,1,86,96.8,122.9,59,45.5,60,74.3,54.5,49.1,108.5,2.75,246.2,ON,12,10,560,559,OFF,Cooling,0,0,213,0,Cooling,0,0,68.9,67.1,440,P0,P0,71.6,Auto,Auto,Normal,1,Cooling,0,0,69.8,48.2,440,P0,P0,71.6,Auto,Auto,Normal,2,Cooling,0,5,68.9,64.4,810,P0,P0,69.8,Auto,Auto,Normal
9/19/2026 12:03,Cooling,OFF,0,149.9,255,255,255,255,84,0,0,1,86,94.1,122,59,51.8,62.6,75.2,62.6,54.5,108.5,2,246,ON,10,10,560,559,OFF,Cooling,0,0,213,0,Cooling,0,0,68.9,68,440,P0,P0,71.6,Auto,Auto,Normal,1,Cooling,0,0,69.8,51.8,440,P0,P0,71.6,Auto,Auto,Normal,2,Cooling,0,5,68.9,64.4,810,P0,P0,69.8,Auto,Auto,Normal
9/19/2026 12:03,Cooling,OFF,0,149.9,255,255,255,255,84,0,0,1,86,92.3,121.1,60,54.5,64.4,75.2,66.2,55.4,107.6,3.25,207.2,ON,10,10,560,559,OFF,Cooling,0,0,213,0,Cooling,0,0,69.8,68.9,440,P0,P0,71.6,Auto,Auto,Normal,1,Cooling,0,0,69.8,55.4,440,P0,P0,71.6,Auto,Auto,Normal,2,Cooling,0,5,68.9,63.5,810,P0,P0,69.8,Auto,Auto,Normal
9/19/2026 12:04,Cooling,OFF,0,149.9,255,255,255,255,84,0,0,1,86,91.4,121.1,62.6,56.3,66.2,76.1,68,56.3,107.6,3.25,207.2,ON,10,10,560,558,OFF,Cooling,0,0,213,0,Cooling,0,0,69.8,68.9,440,P0,P0,71.6,Auto,Auto,Normal,1,Cooling,0,0,69.8,58.1,440,P0,P0,71.6,Auto,Auto,Normal,2,Cooling,0,5,68.9,61.7,810,P0,P0,69.8,Auto,Auto,Normal
9/19/2026 12:04,Cooling,OFF,0,149.9,255,255,255,255,84,0,0,1,86,91.4,120.2,64.4,58.1,66.2,76.1,69.8,57.2,107.6,3.25,207.2,ON,10,10,560,558,OFF,Cooling,0,0,213,0,Cooling,0,0,69.8,69.8,440,P0,P0,71.6,Auto,Auto,Normal,1,Cooling,0,0,69.8,60,440,P0,P0,71.6,Auto,Auto,Normal,2,Cooling,0,5,69.8,57.2,810,P0,P0,69.8,Auto,Auto,Normal
9/19/2026 12:05,Cooling,OFF,0,149.9,255,255,255,255,84,0,0,1,85.1,90.5,119.3,65.3,59,57.2,76.1,69.8,57.2,107.6,3.25,207.2,ON,10,10,560,558,OFF,Cooling,0,0,213,0,Cooling,0,0,69.8,69.8,440,P0,P0,71.6,Auto,Auto,Normal,1,Cooling,0,0,69.8,62.6,440,P0,P0,71.6,Auto,Auto,Normal,2,Cooling,0,5,69.8,57.2,810,P0,P0,69.8,Auto,Auto,Normal
9/19/2026 12:05,Cooling,OFF,0,149.9,255,255,255,255,84,0,0,1,85.1,90.5,118.4,66.2,59.9,57.2,77,71.6,57.2,107.6,3,207.2,ON,10,10,560,558,OFF,Cooling,0,0,213,0,Cooling,0,0,69.8,69.8,440,P0,P0,71.6,Auto,Auto,Normal,1,Cooling,0,0,69.8,64.4,440,P0,P0,71.6,Auto,Auto,Normal,2,Cooling,0,5,69.8,57.2,810,P0,P0,69.8,Auto,Auto,Normal
9/19/2026 12:06,Cooling,OFF,0,149.9,255,255,255,255,84,0,0,1,85.1,90.5,117.5,67.1,60,57.2,77,72.5,58.1,107.6,3,207.2,ON,10,10,560,559,OFF,Cooling,0,0,213,0,Cooling,0,0,69.8,69.8,440,P0,P0,71.6,Auto,Auto,Normal,1,Cooling,0,0,69.8,67.1,440,P0,P0,71.6,Auto,Auto,Normal,2,Cooling,0,5,69.8,58.1,810,P0,P0,69.8,Auto,Auto,Normal
9/19/2026 12:06,Cooling,OFF,0,149.9,255,255,255,255,84,0,0,1,85.1,89.6,116.6,68,61.7,57.2,77,72.5,59,105.8,3,207.2,ON,10,10,560,559,OFF,Cooling,0,0,213,0,Cooling,0,0,69.8,69.8,440,P0,P0,71.6,Auto,Auto,Normal,1,Cooling,0,0,69.8,67.1,440,P0,P0,71.6,Auto,Auto,Normal,2,Cooling,0,5,69.8,58.1,810,P0,P0,69.8,Auto,Auto,Normal
9/19/2026 12:07,Cooling,OFF,0,149.9,255,255,255,255,84,0,0,1,85.1,90.5,115.7,68,63.5,57.2,77,73.4,59,105.8,3.25,207.2,ON,10,10,560,559,OFF,Cooling,0,0,213,0,Cooling,0,0,69.8,69.8,440,P0,P0,71.6,Auto,Auto,Normal,1,Cooling,0,0,69.8,68.9,440,P0,P0,71.6,Auto,Auto,Normal,2,Cooling,0,5,69.8,58.1,810,P0,P0,69.8,Auto,Auto,Normal
9/19/2026 12:07,Cooling,OFF,0,149.9,255,255,255,255,84,0,0,1,85.1,91.4,115.7,68,64.4,57.2,77,73.4,59,105.8,3.25,207.2,ON,10,10,560,558,OFF,Cooling,0,0,213,0,Cooling,0,0,69.8,69.8,440,P0,P0,71.6,Auto,Auto,Normal,1,Cooling,0,0,69.8,68.9,440,P0,P0,71.6,Auto,Auto,Normal,2,Cooling,0,5,69.8,58.1,810,P0,P0,69.8,Auto,Auto,Normal
9/19/2026 12:08,Cooling,OFF,0,149.9,255,255,255,255,84,0,0,1,86,92.3,114.8,68.9,66.2,57.2,77,74.3,59,105.8,3.25,207.2,ON,10,10,560,558,OFF,Cooling,0,0,213,0,Cooling,0,0,69.8,69.8,440,P0,P0,71.6,Auto,Auto,Normal,1,Cooling,0,0,69.8,69.8,440,P0,P0,71.6,Auto,Auto,Normal,2,Cooling,0,5,69.8,58.1,810,P0,P0,69.8,Auto,Auto,Normal
9/19/2026 12:08,Cooling,OFF,0,149.9,255,255,255,255,84,0,0,1,86,92.3,114.8,68.9,66.2,57.2,77,74.3,59,105.8,3.25,207.2,ON,10,10,560,559,OFF,Cooling,0,0,213,0,Cooling,0,0,69.8,69.8,440,P0,P0,71.6,Auto,Auto,Normal,1,Cooling,0,0,69.8,69.8,440,P0,P0,71.6,Auto,Auto,Normal,2,Cooling,0,5,69.8,58.1,810,P0,P0,69.8,Auto,Auto,Normal
9/19/2026 12:09,Cooling,OFF,0,149.9,255,255,255,255,84,0,0,1,85.1,91.4,113.9,69.8,67.1,57.2,77,74.3,59,105.8,3.25,207.2,ON,10,10,560,559,OFF,Cooling,0,0,213,0,Cooling,0,0,69.8,69.8,440,P0,P0,71.6,Auto,Auto,Normal,1,Cooling,0,0,69.8,69.8,440,P0,P0,71.6,Auto,Auto,Normal,2,Cooling,0,5,69.8,59,810,P0,P0,69.8,Auto,Auto,Normal
9/19/2026 12:09,Cooling,OFF,0,149.9,255,255,255,255,84,0,0,1,86,92.3,113.9,69.8,67.1,57.2,77,74.3,59,105.8,3.25,207.2,ON,10,10,560,559,OFF,Cooling,0,0,213,0,Cooling,0,0,69.8,69.8,440,P0,P0,71.6,Auto,Auto,Normal,1,Cooling,0,0,69.8,69.8,440,P0,P0,71.6,Auto,Auto,Normal,2,Cooling,0,5,69.8,59,810,P0,P0,69.8,Auto,Auto,Normal
9/19/2026 12:10,Cooling,OFF,0,149.9,255,255,255,255,84,0,0,1,86.9,92.3,113.9,69.8,68,57.2,77,75.2,59,105.8,3.25,207.2,ON,10,10,560,559,OFF,Cooling,0,0,213,0,Cooling,0,0,69.8,69.8,440,P0,P0,71.6,Auto,Auto,Normal,1,Cooling,0,0,69.8,69.8,440,P0,P0,71.6,Auto,Auto,Normal,2,Cooling,0,5,69.8,59,810,P0,P0,69.8,Auto,Auto,Normal
9/19/2026 12:10,Cooling,OFF,0,149.9,255,255,255,255,84,0,0,1,86.9,92.3,113.9,69.8,68,57.2,77,75.2,59,105.8,3.25,207.2,ON,10,10,560,559,OFF,Cooling,0,0,213,0,Cooling,0,0,69.8,69.8,440,P0,P0,71.6,Auto,Auto,Normal,1,Cooling,0,0,69.8,69.8,440,P0,P0,71.6,Auto,Auto,Normal,2,Cooling,0,5,69.8,58.1,810,P0,P0,69.8,Auto,Auto,Normal
9/19/2026 12:11,Cooling,OFF,0,149.9,255,255,255,255,84,0,0,1,86.9,92.3,113,70.7,68,57.2,77,75.2,59,105.8,3.25,207.2,ON,10,10,560,559,OFF,Cooling,0,0,213,0,Cooling,0,0,69.8,69.8,440,P0,P0,71.6,Auto,Auto,Normal,1,Cooling,0,0,69.8,69.8,440,P0,P0,71.6,Auto,Auto,Normal,2,Cooling,0,5,69.8,59,810,P0,P0,69.8,Auto,Auto,Normal
9/19/2026 12:11,Cooling,OFF,0,149.9,255,255,255,255,84,0,0,1,86.9,92.3,113,70.7,68,57.2,77.9,75.2,59,105.8,3.25,207.2,ON,10,10,560,559,OFF,Cooling,0,0,213,0,Cooling,0,0,69.8,69.8,440,P0,P0,71.6,Auto,Auto,Normal,1,Cooling,0,0,69.8,69.8,440,P0,P0,71.6,Auto,Auto,Normal,2,Cooling,0,5,69.8,59,810,P0,P0,69.8,Auto,Auto,Normal
9/19/2026 12:12,Cooling,OFF,0,149.9,255,255,255,255,84,0,0,1,86.9,93.2,113,70.7,68,57.2,77.9,76.1,59,105.8,3.25,207.2,ON,10,10,560,558,OFF,Cooling,0,0,213,0,Cooling,0,0,69.8,69.8,440,P0,P0,71.6,Auto,Auto,Normal,1,Cooling,0,0,70.7,69.8,440,P0,P0,71.6,Auto,Auto,Normal,2,Cooling,0,5,69.8,59,810,P0,P0,69.8,Auto,Auto,Normal
9/19/2026 12:12,Cooling,OFF,0,149.9,255,255,255,255,84,0,0,1,86.9,93.2,112.1,70.7,68.9,57.2,77.9,76.1,59,105.8,3.25,205.4,ON,10,10,560,558,OFF,Cooling,0,0,213,0,Cooling,0,0,69.8,69.8,440,P0,P0,71.6,Auto,Auto,Normal,1,Cooling,0,0,70.7,69.8,440,P0,P0,71.6,Auto,Auto,Normal,2,Cooling,0,5,69.8,59,810,P0,P0,69.8,Auto,Auto,Normal
9/19/2026 12:13,Cooling,OFF,0,149.9,255,255,255,255,84,0,0,1,86.9,93.2,112.1,70.7,68.9,57.2,77.9,76.1,59,105.8,3.25,205.4,ON,10,10,560,559,OFF,Cooling,0,0,213,0,Cooling,0,0,69.8,70.7,440,P0,P0,71.6,Auto,Auto,Normal,1,Cooling,0,0,70.7,69.8,440,P0,P0,71.6,Auto,Auto,Normal,2,Cooling,0,5,69.8,59,810,P0,P0,69.8,Auto,Auto,Normal
9/19/2026 12:13,Cooling,OFF,0,149.9,255,255,255,255,84,0,0,1,86.9,92.3,112.1,71.6,68.9,57.2,77.9,76.1,59,105.8,3.25,205.4,ON,10,10,560,559,OFF,Cooling,0,0,213,0,Cooling,0,0,69.8,69.8,440,P0,P0,71.6,Auto,Auto,Normal,1,Cooling,0,0,70.7,69.8,440,P0,P0,71.6,Auto,Auto,Normal,2,Cooling,0,5,69.8,59,810,P0,P0,69.8,Auto,Auto,Normal
9/19/2026 12:14,Cooling,OFF,0,149.9,255,255,255,255,84,0,0,1,86.9,92.3,111.2,71.6,68.9,57.2,77.9,76.1,59,105.8,3.25,205.4,ON,10,10,560,558,OFF,Cooling,0,0,213,0,Cooling,0,0,69.8,70.7,440,P0,P0,71.6,Auto,Auto,Normal,1,Cooling,0,0,70.7,69.8,440,P0,P0,71.6,Auto,Auto,Normal,2,Cooling,0,5,69.8,59,810,P0,P0,69.8,Auto,Auto,Normal
9/19/2026 12:14,Cooling,OFF,0,149.9,255,255,255,255,84,0,0,1,86.9,93.2,111.2,71.6,68.9,58.1,77.9,76.1,59.9,105.8,3.25,203.5,ON,10,10,560,559,OFF,Cooling,0,0,213,0,Cooling,0,0,69.8,70.7,440,P0,P0,71.6,Auto,Auto,Normal,1,Cooling,0,0,70.7,70.7,440,P0,P0,71.6,Auto,Auto,Normal,2,Cooling,0,5,69.8,59,810,P0,P0,69.8,Auto,Auto,Normal
9/19/2026 12:15,Cooling,OFF,0,149.9,255,255,255,255,84,0,0,1,86.9,93.2,111.2,71.6,69.8,58.1,77.9,77,59,105.8,3.5,203.6,ON,11,11,560,559,OFF,Cooling,0,0,216,0,Cooling,0,0,69.8,70.7,440,P0,P0,71.6,Auto,Auto,Normal,1,Cooling,0,0,70.7,70.7,440,P0,P0,71.6,Auto,Auto,Normal,2,Cooling,0,7,70.7,59,810,P0,P0,69.8,Auto,Auto,Normal
9/19/2026 12:15,Cooling,OFF,0,149.9,255,255,255,255,84,0,0,1,86.9,93.2,111.2,71.6,69.8,57.2,77.9,77,59,105.8,3.5,203.6,ON,11,11,560,559,OFF,Cooling,0,0,216,0,Cooling,0,0,69.8,70.7,440,P0,P0,71.6,Auto,Auto,Normal,1,Cooling,0,0,70.7,70.7,440,P0,P0,71.6,Auto,Auto,Normal,2,Cooling,0,7,70.7,58.1,810,P0,P0,69.8,Auto,Auto,Normal
9/19/2026 12:16,Cooling,OFF,0,149.9,255,255,255,255,84,0,0,1,86.9,94.1,111.2,71.6,68.9,57.2,77.9,77,59,105.8,3.5,203.6,ON,11,11,560,559,OFF,Cooling,0,0,216,0,Cooling,0,0,69.8,70.7,440,P0,P0,71.6,Auto,Auto,Normal,1,Cooling,0,0,70.7,70.7,440,P0,P0,71.6,Auto,Auto,Normal,2,Cooling,0,7,70.7,58.1,810,P0,P0,69.8,Auto,Auto,Normal
9/19/2026 12:16,Cooling,OFF,0,149.9,255,255,255,255,84,0,0,1,86.9,94.1,111.2,71.6,68.9,57.2,78.8,67.1,59,105.8,2.75,253.2,ON,23,31,560,559,OFF,Cooling,0,248,248,0,Cooling,0,0,69.8,70.7,440,P0,P0,71.6,Auto,Auto,Normal,1,Cooling,0,4,70.7,70.7,770,P0,P0,71.6,Auto,Auto,Normal,2,Cooling,0,7,69.8,58.1,810,P0,P0,69.8,Auto,Auto,Normal
9/19/2026 12:17,Cooling,OFF,0,149.9,255,255,255,255,84,0,0,1,86.9,96.8,113,71.6,68,50.9,77.9,62.6,53.6,107.6,4.75,242.4,ON,31,31,760,759,OFF,Cooling,0,248,248,0,Cooling,0,0,69.8,69.8,440,P0,P0,71.6,Auto,Auto,Normal,1,Cooling,0,4,70.7,59.9,770,P0,P0,71.6,Auto,Auto,Normal,2,Cooling,0,7,69.8,51.8,810,P0,P0,69.8,Auto,Auto,Normal
9/19/2026 12:17,Cooling,OFF,0,153.5,255,255,255,255,84,0,0,1,86.9,98.6,114.8,70.7,52.7,53.6,78.8,61.7,52.7,107.6,4.75,242.4,ON,31,31,760,759,OFF,Cooling,0,243,243,0,Cooling,0,0,69.8,69.8,440,P0,P0,71.6,Auto,Auto,Normal,1,Cooling,0,4,70.7,51.8,770,P0,P0,71.6,Auto,Auto,Normal,2,Cooling,0,7,69.8,50,810,P0,P0,69.8,Auto,Auto,Normal
9/19/2026 12:18,Cooling,OFF,0,152.6,255,255,255,255,84,0,0,1,86.9,98.6,116.6,67.1,47.3,56.3,78.8,60,50.9,107.6,4.75,242.4,ON,31,31,760,759,OFF,Cooling,0,242,243,0,Cooling,0,0,69.8,70.7,440,P0,P0,71.6,Auto,Auto,Normal,1,Cooling,0,4,70.7,50.9,770,P0,P0,71.6,Auto,Auto,Normal,2,Cooling,0,7,69.8,55.4,810,P0,P0,69.8,Auto,Auto,Normal
9/19/2026 12:18,Cooling,OFF,0,152.6,255,255,255,255,84,0,0,1,86.9,98.6,118.4,64.4,46.4,58.1,78.8,59,50,108.5,4.75,242.4,ON,31,31,760,759,OFF,Cooling,0,236,241,0,Cooling,0,0,69.8,70.7,440,P0,P0,71.6,Auto,Auto,Normal,1,Cooling,0,2,69.8,50,770,P0,P0,71.6,Auto,Auto,Normal,2,Cooling,0,7,69.8,62.6,810,P0,P0,69.8,Auto,Auto,Normal
9/19/2026 12:19,Cooling,OFF,0,153.5,255,255,255,255,84,0,0,1,86.9,98.6,119.3,63.5,45.5,59.9,78.8,58.1,49.1,108.5,5,240.1,ON,31,31,760,759,OFF,Cooling,0,231,236,0,Cooling,0,0,69.8,70.7,440,P0,P0,71.6,Auto,Auto,Normal,1,Cooling,0,2,69.8,49.1,770,P0,P0,71.6,Auto,Auto,Normal,2,Cooling,0,7,69.8,64.4,810,P0,P0,69.8,Auto,Auto,Normal
9/19/2026 12:19,Cooling,OFF,0,155.3,255,255,255,255,84,0,0,1,86.9,98.6,120.2,62.6,45.5,60,78.8,56.3,51.8,108.5,3.25,244.2,ON,20,20,560,559,OFF,Cooling,0,0,246,0,Cooling,0,0,69.8,70.7,440,P0,P0,71.6,Auto,Auto,Normal,1,Cooling,0,0,69.8,48.2,440,P0,P0,71.6,Auto,Auto,Normal,2,Cooling,0,7,69.8,64.4,810,P0,P0,69.8,Auto,Auto,Normal
9/19/2026 12:20,Cooling,OFF,0,136.4,255,255,255,255,84,0,0,1,86.9,97.7,120.2,62.6,50,62.6,78.8,64.4,52.7,108.5,3.25,244.2,ON,20,20,560,559,OFF,Cooling,0,0,246,0,Cooling,0,0,69.8,70.7,440,P0,P0,71.6,Auto,Auto,Normal,1,Cooling,0,0,69.8,51.8,440,P0,P0,71.6,Auto,Auto,Normal,2,Cooling,0,7,69.8,50.9,810,P0,P0,69.8,Auto,Auto,Normal
9/19/2026 12:20,Cooling,OFF,0,148.1,255,255,255,255,84,0,0,1,86.9,96.8,120.2,63.5,51.8,64.4,77,68,51.8,108.5,3.25,244.2,ON,24,31,560,558,OFF,Cooling,202,0,240,0,Cooling,0,2,69.8,70.7,770,P0,P0,71.6,Auto,Auto,Normal,1,Cooling,0,0,69.8,56.3,440,P0,P0,71.6,Auto,Auto,Normal,2,Cooling,0,7,69.8,50,810,P0,P0,69.8,Auto,Auto,Normal
9/19/2026 12:21,Cooling,OFF,0,148.1,255,255,255,255,84,0,0,1,86.9,98.6,122,62.6,53.6,60,57.2,69.8,52.7,109.4,4.75,244.7,ON,31,31,760,759,OFF,Cooling,248,0,248,0,Cooling,0,2,69.8,53.6,770,P0,P0,71.6,Auto,Auto,Normal,1,Cooling,0,0,69.8,58.1,440,P0,P0,71.6,Auto,Auto,Normal,2,Cooling,0,7,69.8,50.9,810,P0,P0,69.8,Auto,Auto,Normal
9/19/2026 12:21,Cooling,OFF,0,154.4,255,255,255,255,84,0,0,1,86.9,99.5,122.9,49.1,51.8,57.2,55.4,70.7,51.8,110.3,4.75,244.7,ON,31,31,760,759,OFF,Cooling,243,0,244,0,Cooling,0,2,69.8,50,770,P0,P0,71.6,Auto,Auto,Normal,1,Cooling,0,0,69.8,61.7,440,P0,P0,71.6,Auto,Auto,Normal,2,Cooling,0,7,69.8,50,810,P0,P0,69.8,Auto,Auto,Normal
9/19/2026 12:22,Cooling,OFF,0,155.3,255,255,255,255,84,0,0,1,86.9,98.6,123.8,47.3,50.9,57.2,53.6,70.7,50.9,110.3,4.75,244.7,ON,31,31,760,759,OFF,Cooling,240,0,241,0,Cooling,0,2,69.8,49.1,770,P0,P0,71.6,Auto,Auto,Normal,1,Cooling,0,0,69.8,64.4,440,P0,P0,71.6,Auto,Auto,Normal,2,Cooling,0,7,69.8,56.3,810,P0,P0,69.8,Auto,Auto,Normal
9/19/2026 12:22,Cooling,OFF,0,157.1,255,255,255,255,84,0,0,1,86.9,99.5,124.7,46.4,50,59,51.8,71.6,50,110.3,5,244.7,ON,26,21,560,759,OFF,Cooling,30,0,237,0,Cooling,0,0,69.8,47.3,440,P0,P0,71.6,Auto,Auto,Normal,1,Cooling,0,0,69.8,66.2,440,P0,P0,71.6,Auto,Auto,Normal,2,Cooling,0,7,69.8,61.7,810,P0,P0,69.8,Auto,Auto,Normal
9/19/2026 12:23,Cooling,OFF,0,147.2,255,255,255,255,84,0,0,1,87.8,99.5,124.7,47.3,50.9,60,57.2,71.6,51.8,110.3,3.5,244.2,ON,21,21,560,558,OFF,Cooling,0,0,247,0,Cooling,0,0,69.8,49.1,440,P0,P0,71.6,Auto,Auto,Normal,1,Cooling,0,0,69.8,67.1,440,P0,P0,71.6,Auto,Auto,Normal,2,Cooling,0,7,69.8,52.7,810,P0,P0,69.8,Auto,Auto,Normal
9/19/2026 12:23,Cooling,OFF,0,149.9,255,255,255,255,84,0,0,1,87.8,97.7,124.7,50,51.8,64.4,62.6,71.6,50.9,110.3,3.5,244.2,ON,21,21,560,559,OFF,Cooling,0,0,245,0,Cooling,0,0,68.9,52.7,440,P0,P0,71.6,Auto,Auto,Normal,1,Cooling,0,0,69.8,68,440,P0,P0,71.6,Auto,Auto,Normal,2,Cooling,0,7,69.8,49.1,810,P0,P0,69.8,Auto,Auto,Normal
9/19/2026 12:24,Cooling,OFF,0,152.6,255,255,255,255,84,0,0,1,86.9,97.7,124.7,51.8,54.5,64.4,66.2,71.6,51.8,110.3,3.5,244.2,ON,21,21,560,558,OFF,Cooling,0,0,239,0,Cooling,0,0,68.9,55.4,440,P0,P0,71.6,Auto,Auto,Normal,1,Cooling,0,0,69.8,68.9,440,P0,P0,71.6,Auto,Auto,Normal,2,Cooling,0,7,69.8,49.1,810,P0,P0,69.8,Auto,Auto,Normal
9/19/2026 12:24,Cooling,OFF,0,152.6,255,255,255,255,84,0,0,1,87.8,97.7,125.6,53.6,59,62.6,68,72.5,51.8,112.1,3.5,244.2,ON,21,21,560,559,OFF,Cooling,0,0,238,0,Cooling,0,0,68.9,57.2,440,P0,P0,71.6,Auto,Auto,Normal,1,Cooling,0,0,69.8,68.9,440,P0,P0,71.6,Auto,Auto,Normal,2,Cooling,0,7,69.8,49.1,810,P0,P0,69.8,Auto,Auto,Normal
9/19/2026 12:25,Cooling,OFF,0,152.6,255,255,255,255,84,0,0,1,86.9,97.7,125.6,55.4,61.7,60,69.8,72.5,51.8,112.1,3.5,244.2,ON,21,21,560,558,OFF,Cooling,0,0,233,0,Cooling,0,0,68.9,59.9,440,P0,P0,71.6,Auto,Auto,Normal,1,Cooling,0,0,69.8,69.8,440,P0,P0,71.6,Auto,Auto,Normal,2,Cooling,0,7,69.8,49.1,810,P0,P0,69.8,Auto,Auto,Normal
9/19/2026 12:25,Cooling,OFF,0,153.5,255,255,255,255,84,0,0,1,87.8,98.6,126.5,59,62.6,58.1,70.7,72.5,51.8,112.1,3.5,244.2,ON,21,21,560,559,OFF,Cooling,0,0,232,0,Cooling,0,0,68.9,61.7,440,P0,P0,71.6,Auto,Auto,Normal,1,Cooling,0,0,69.8,69.8,440,P0,P0,71.6,Auto,Auto,Normal,2,Cooling,0,7,69.8,49.1,810,P0,P0,69.8,Auto,Auto,Normal
9/19/2026 12:26,Cooling,OFF,0,152.6,255,255,255,255,84,0,0,1,86.9,97.7,127.4,55.4,62.6,56.3,52.7,51.8,52.7,112.1,3.5,248.8,ON,21,21,560,559,OFF,Cooling,0,0,229,0,Cooling,0,0,68.9,64.4,440,P0,P0,71.6,Auto,Auto,Normal,1,Cooling,0,0,69.8,69.8,440,P0,P0,71.6,Auto,Auto,Normal,2,Cooling,0,7,69.8,50.9,810,P0,P0,69.8,Auto,Auto,Normal
9/19/2026 12:26,Cooling,OFF,0,152.6,255,255,255,255,84,0,0,1,86.9,97.7,128.3,55.4,62.6,51.8,61.7,60,51.8,112.1,3.5,248.8,ON,21,21,560,558,OFF,Cooling,0,0,227,0,Cooling,0,0,68.9,64.4,440,P0,P0,71.6,Auto,Auto,Normal,1,Cooling,0,0,69.8,68.9,440,P0,P0,71.6,Auto,Auto,Normal,2,Cooling,0,5,68.9,50,810,P0,P0,69.8,Auto,Auto,Normal
9/19/2026 12:27,Cooling,OFF,0,152.6,255,255,255,255,84,0,0,1,87.8,98.6,128.3,59,62.6,48.2,66.2,65.3,51.8,113,3.25,244.2,ON,20,20,560,559,OFF,Cooling,0,0,224,0,Cooling,0,0,68.9,64.4,440,P0,P0,71.6,Auto,Auto,Normal,1,Cooling,0,0,69.8,68.9,440,P0,P0,71.6,Auto,Auto,Normal,2,Cooling,0,5,69.8,50,810,P0,P0,69.8,Auto,Auto,Normal
9/19/2026 12:27,Cooling,OFF,0,152.6,255,255,255,255,84,0,0,1,87.8,97.7,128.3,61.7,62.6,49.1,68,68,50.9,113,3.25,244.2,ON,20,20,560,559,OFF,Cooling,0,0,221,0,Cooling,0,0,69.8,64.4,440,P0,P0,71.6,Auto,Auto,Normal,1,Cooling,0,0,69.8,69.8,440,P0,P0,71.6,Auto,Auto,Normal,2,Cooling,0,5,69.8,50,810,P0,P0,69.8,Auto,Auto,Normal
9/19/2026 12:28,Cooling,OFF,0,151.7,255,255,255,255,84,0,0,1,86.9,97.7,128.3,63.5,62.6,51.8,69.8,68.9,50.9,113,3.25,244.2,ON,20,20,560,559,OFF,Cooling,0,0,217,0,Cooling,0,0,69.8,66.2,440,P0,P0,71.6,Auto,Auto,Normal,1,Cooling,0,0,69.8,69.8,440,P0,P0,71.6,Auto,Auto,Normal,2,Cooling,0,5,69.8,49.1,810,P0,P0,69.8,Auto,Auto,Normal
9/19/2026 12:28,Cooling,OFF,0,152.6,255,255,255,255,84,0,0,1,86.9,97.7,129.2,64.4,63.5,54.5,70.7,69.8,50.9,113,3.5,244.2,ON,20,20,560,559,OFF,Cooling,0,0,217,0,Cooling,0,0,69.8,67.1,440,P0,P0,71.6,Auto,Auto,Normal,1,Cooling,0,0,69.8,69.8,440,P0,P0,71.6,Auto,Auto,Normal,2,Cooling,0,5,69.8,49.1,810,P0,P0,69.8,Auto,Auto,Normal
9/19/2026 12:29,Cooling,OFF,0,151.7,255,255,255,255,84,0,0,1,86.9,96.8,130.1,65.3,64.4,57.2,72.5,69.8,50.9,113,3.25,244.1,ON,19,19,560,559,OFF,Cooling,0,0,214,0,Cooling,0,0,69.8,67.1,440,P0,P0,71.6,Auto,Auto,Normal,1,Cooling,0,0,70.7,69.8,440,P0,P0,71.6,Auto,Auto,Normal,2,Cooling,0,5,69.8,50,810,P0,P0,69.8,Auto,Auto,Normal
9/19/2026 12:29,Cooling,OFF,0,149.9,255,255,255,255,84,0,0,1,86.9,96.8,130.1,66.2,66.2,59.9,72.5,71.6,50.9,113,3.25,244.1,ON,19,19,560,559,OFF,Cooling,0,0,212,0,Cooling,0,0,69.8,68,440,P0,P0,71.6,Auto,Auto,Normal,1,Cooling,0,0,70.7,69.8,440,P0,P0,71.6,Auto,Auto,Normal,2,Cooling,0,5,69.8,50,810,P0,P0,69.8,Auto,Auto,Normal
9/19/2026 12:30,Cooling,OFF,0,149,255,255,255,255,84,0,0,1,86.9,96.8,131,68,67.1,61.7,73.4,71.6,50.9,113,3.25,244.2,ON,19,19,560,558,OFF,Cooling,0,0,210,0,Cooling,0,0,69.8,68,440,P0,P0,71.6,Auto,Auto,Normal,1,Cooling,0,0,70.7,70.7,440,P0,P0,71.6,Auto,Auto,Normal,2,Cooling,0,5,69.8,50,810,P0,P0,69.8,Auto,Auto,Normal
9/19/2026 12:30,Cooling,OFF,0,149.9,255,255,255,255,84,0,0,1,86.9,97.7,131.9,68,68,62.6,74.3,72.5,50.9,113,3.25,244.2,ON,19,19,560,559,OFF,Cooling,0,0,210,0,Cooling,0,0,69.8,68.9,440,P0,P0,71.6,Auto,Auto,Normal,1,Cooling,0,0,70.7,70.7,440,P0,P0,71.6,Auto,Auto,Normal,2,Cooling,0,5,69.8,50,810,P0,P0,69.8,Auto,Auto,Normal
9/19/2026 12:31,Cooling,OFF,0,150.8,255,255,255,255,84,0,0,1,86.9,97.7,132.8,68.9,68,63.5,74.3,72.5,50.9,113,3,244.1,ON,18,18,560,559,OFF,Cooling,0,0,209,0,Cooling,0,0,69.8,68.9,440,P0,P0,71.6,Auto,Auto,Normal,1,Cooling,0,0,70.7,70.7,440,P0,P0,71.6,Auto,Auto,Normal,2,Cooling,0,5,69.8,50,810,P0,P0,69.8,Auto,Auto,Normal
9/19/2026 12:31,Cooling,OFF,0,150.8,255,255,255,255,84,0,0,1,86.9,97.7,133.7,69.8,68,62.6,74.3,72.5,51.8,113,3,244.1,ON,18,18,560,559,OFF,Cooling,0,0,207,0,Cooling,0,0,69.8,68.9,440,P0,P0,71.6,Auto,Auto,Normal,1,Cooling,0,0,70.7,70.7,440,P0,P0,71.6,Auto,Auto,Normal,2,Cooling,0,5,69.8,50,810,P0,P0,69.8,Auto,Auto,Normal
9/19/2026 12:32,Cooling,OFF,0,150.8,255,255,255,255,84,0,0,1,87.8,97.7,134.6,69.8,68.9,61.7,75.2,73.4,51.8,113.9,3,244.1,ON,18,18,560,558,OFF,Cooling,0,0,207,0,Cooling,0,0,69.8,69.8,440,P0,P0,71.6,Auto,Auto,Normal,1,Cooling,0,0,70.7,70.7,440,P0,P0,71.6,Auto,Auto,Normal,2,Cooling,0,5,69.8,50,810,P0,P0,69.8,Auto,Auto,Normal
9/19/2026 12:32,Cooling,OFF,0,150.8,255,255,255,255,84,0,0,1,86.9,97.7,135.5,69.8,68,59.9,75.2,73.4,51.8,113.9,3,244.1,ON,18,18,560,559,OFF,Cooling,0,0,207,0,Cooling,0,0,69.8,69.8,440,P0,P0,71.6,Auto,Auto,Normal,1,Cooling,0,0,70.7,70.7,440,P0,P0,71.6,Auto,Auto,Normal,2,Cooling,0,5,68.9,50,810,P0,P0,69.8,Auto,Auto,Normal
9/19/2026 12:33,Cooling,OFF,0,150.8,255,255,255,255,84,0,0,1,87.8,97.7,137.3,69.8,68,59,76.1,74.3,51.8,113.9,3,241.8,ON,17,17,560,558,OFF,Cooling,0,0,207,0,Cooling,0,0,69.8,69.8,440,P0,P0,71.6,Auto,Auto,Normal,1,Cooling,0,0,70.7,70.7,440,P0,P0,71.6,Auto,Auto,Normal,2,Cooling,0,5,69.8,50,810,P0,P0,69.8,Auto,Auto,Normal
9/19/2026 12:33,Cooling,OFF,0,150.8,255,255,255,255,84,0,0,1,87.8,97.7,138.2,70.7,68,57.2,76.1,74.3,52.7,113.9,3,244.1,ON,17,17,560,559,OFF,Cooling,0,0,207,0,Cooling,0,0,69.8,69.8,440,P0,P0,71.6,Auto,Auto,Normal,1,Cooling,0,0,70.7,70.7,440,P0,P0,71.6,Auto,Auto,Normal,2,Cooling,0,5,69.8,50.9,810,P0,P0,69.8,Auto,Auto,Normal
9/19/2026 12:34,Cooling,OFF,0,150.8,255,255,255,255,84,0,0,1,87.8,98.6,139.1,70.7,68,51.8,77,59,53.6,113.9,3,241.8,ON,17,17,560,558,OFF,Cooling,0,208,208,0,Cooling,0,0,69.8,69.8,440,P0,P0,71.6,Auto,Auto,Normal,1,Cooling,0,4,70.7,70.7,770,P0,P0,71.6,Auto,Auto,Normal,2,Cooling,0,5,69.8,51.8,810,P0,P0,69.8,Auto,Auto,Normal
9/19/2026 12:34,Cooling,OFF,0,151.7,255,255,255,255,84,0,0,1,88.7,98.6,140,70.7,68,54.5,77,61.7,57.2,113.9,3,241.7,ON,17,17,560,558,OFF,Cooling,0,209,206,0,Cooling,0,0,69.8,69.8,440,P0,P0,71.6,Auto,Auto,Normal,1,Cooling,0,4,70.7,58.1,770,P0,P0,71.6,Auto,Auto,Normal,2,Cooling,0,5,69.8,56.3,810,P0,P0,69.8,Auto,Auto,Normal
9/19/2026 12:35,Cooling,OFF,0,143.6,255,255,255,255,84,0,0,1,88.7,97.7,140,71.6,63.5,56.3,77,62.6,57.2,113.9,2.75,244,ON,16,16,560,559,OFF,Cooling,0,209,206,0,Cooling,0,0,69.8,69.8,440,P0,P0,71.6,Auto,Auto,Normal,1,Cooling,0,4,70.7,57.2,770,P0,P0,71.6,Auto,Auto,Normal,2,Cooling,0,5,69.8,57.2,810,P0,P0,69.8,Auto,Auto,Normal
9/19/2026 12:35,Cooling,OFF,0,141.8,255,255,255,255,84,0,0,1,88.7,96.8,140,69.8,56.3,56.3,77,61.7,57.2,113,2.75,244,ON,16,16,560,559,OFF,Cooling,0,209,206,0,Cooling,0,0,69.8,69.8,440,P0,P0,71.6,Auto,Auto,Normal,1,Cooling,0,4,70.7,57.2,770,P0,P0,71.6,Auto,Auto,Normal,2,Cooling,0,5,69.8,57.2,810,P0,P0,69.8,Auto,Auto,Normal
9/19/2026 12:36,Cooling,OFF,0,140,255,255,255,255,84,0,0,1,87.8,95.9,139.1,68.9,56.3,56.3,77,60,57.2,113,2.75,241.7,ON,16,16,560,558,OFF,Cooling,0,207,204,0,Cooling,0,0,69.8,69.8,440,P0,P0,71.6,Auto,Auto,Normal,1,Cooling,0,4,70.7,57.2,770,P0,P0,71.6,Auto,Auto,Normal,2,Cooling,0,5,69.8,57.2,810,P0,P0,69.8,Auto,Auto,Normal
9/19/2026 12:36,Cooling,OFF,0,140,255,255,255,255,84,0,0,1,87.8,96.8,139.1,68,55.4,56.3,77,60,57.2,113,2.75,241.7,ON,16,16,560,559,OFF,Cooling,0,207,204,0,Cooling,0,0,69.8,69.8,440,P0,P0,71.6,Auto,Auto,Normal,1,Cooling,0,4,70.7,57.2,770,P0,P0,71.6,Auto,Auto,Normal,2,Cooling,0,5,69.8,57.2,810,P0,P0,69.8,Auto,Auto,Normal
9/19/2026 12:37,Cooling,OFF,0,138.2,255,255,255,255,84,0,0,1,87.8,95.9,138.2,68,56.3,56.3,77.9,60,57.2,113,2.5,243.9,ON,15,15,560,559,OFF,Cooling,0,207,204,0,Cooling,0,0,69.8,69.8,440,P0,P0,71.6,Auto,Auto,Normal,1,Cooling,0,2,69.8,57.2,770,P0,P0,71.6,Auto,Auto,Normal,2,Cooling,0,5,69.8,58.1,810,P0,P0,69.8,Auto,Auto,Normal
9/19/2026 12:37,Cooling,OFF,0,137.3,255,255,255,255,84,0,0,1,87.8,95.9,137.3,67.1,55.4,57.2,77.9,60,57.2,113,2.5,243.9,ON,15,15,560,559,OFF,Cooling,0,204,201,0,Cooling,0,0,69.8,69.8,440,P0,P0,71.6,Auto,Auto,Normal,1,Cooling,0,2,69.8,57.2,770,P0,P0,71.6,Auto,Auto,Normal,2,Cooling,0,5,69.8,61.7,810,P0,P0,69.8,Auto,Auto,Normal
9/19/2026 12:38,Cooling,OFF,0,136.4,255,255,255,255,84,0,0,1,87.8,95.9,136.4,67.1,55.4,56.3,77.9,59.9,57.2,113,2.5,243.9,ON,15,15,560,558,OFF,Cooling,0,202,199,0,Cooling,0,0,69.8,69.8,440,P0,P0,71.6,Auto,Auto,Normal,1,Cooling,0,2,69.8,56.3,770,P0,P0,71.6,Auto,Auto,Normal,2,Cooling,0,5,69.8,64.4,810,P0,P0,69.8,Auto,Auto,Normal
9/19/2026 12:38,Cooling,OFF,0,136.4,255,255,255,255,84,0,0,1,87.8,95.9,134.6,67.1,55.4,57.2,78.8,59.9,57.2,113,2.5,243.9,ON,15,15,560,559,OFF,Cooling,0,198,195,0,Cooling,0,0,69.8,69.8,440,P0,P0,71.6,Auto,Auto,Normal,1,Cooling,0,2,69.8,56.3,770,P0,P0,71.6,Auto,Auto,Normal,2,Cooling,0,5,69.8,67.1,810,P0,P0,69.8,Auto,Auto,Normal
9/19/2026 12:39,Cooling,OFF,0,138.2,255,255,255,255,84,0,0,1,87.8,95.9,133.7,67.1,55.4,59,78.8,59.9,57.2,113,2,243.7,ON,10,10,560,558,OFF,Cooling,0,0,213,0,Cooling,0,0,69.8,70.7,440,P0,P0,71.6,Auto,Auto,Normal,1,Cooling,0,0,69.8,56.3,440,P0,P0,71.6,Auto,Auto,Normal,2,Cooling,0,5,69.8,68,810,P0,P0,69.8,Auto,Auto,Normal
9/19/2026 12:39,Cooling,OFF,0,138.2,255,255,255,255,84,0,0,1,87.8,94.1,132.8,67.1,57.2,60,78.8,66.2,58.1,113,2,243.7,ON,10,10,560,559,OFF,Cooling,0,0,213,0,Cooling,0,0,69.8,70.7,440,P0,P0,71.6,Auto,Auto,Normal,1,Cooling,0,0,69.8,58.1,440,P0,P0,71.6,Auto,Auto,Normal,2,Cooling,0,5,69.8,67.1,810,P0,P0,69.8,Auto,Auto,Normal
9/19/2026 12:40,Cooling,OFF,0,138.2,255,255,255,255,84,0,0,1,87.8,94.1,132.8,68,59,62.6,78.8,68.9,58.1,113,2,243.7,ON,10,10,560,559,OFF,Cooling,0,0,213,0,Cooling,0,0,69.8,70.7,440,P0,P0,71.6,Auto,Auto,Normal,1,Cooling,0,0,69.8,61.7,440,P0,P0,71.6,Auto,Auto,Normal,2,Cooling,0,5,69.8,66.2,810,P0,P0,69.8,Auto,Auto,Normal
9/19/2026 12:40,Cooling,OFF,0,138.2,255,255,255,255,84,0,0,1,87.8,94.1,131,68.9,59.9,58.1,78.8,70.7,58.1,113,2,243.7,ON,10,10,560,559,OFF,Cooling,0,0,213,0,Cooling,0,0,69.8,70.7,440,P0,P0,71.6,Auto,Auto,Normal,1,Cooling,0,0,69.8,62.6,440,P0,P0,71.6,Auto,Auto,Normal,2,Cooling,0,5,69.8,62.6,810,P0,P0,69.8,Auto,Auto,Normal
9/19/2026 12:41,Cooling,OFF,0,138.2,255,255,255,255,84,0,0,1,86.9,93.2,130.1,68.9,60,57.2,78.8,72.5,59,113,2,243.7,ON,10,10,560,558,OFF,Cooling,0,0,213,0,Cooling,0,0,69.8,70.7,440,P0,P0,71.6,Auto,Auto,Normal,1,Cooling,0,0,69.8,64.4,440,P0,P0,71.6,Auto,Auto,Normal,2,Cooling,0,5,69.8,58.1,810,P0,P0,69.8,Auto,Auto,Normal
9/19/2026 12:41,Cooling,OFF,0,138.2,255,255,255,255,84,0,0,1,87.8,94.1,129.2,69.8,61.7,57.2,78.8,73.4,59,113,2,243.7,ON,10,10,560,559,OFF,Cooling,0,0,213,0,Cooling,0,0,69.8,70.7,440,P0,P0,71.6,Auto,Auto,Normal,1,Cooling,0,0,69.8,66.2,440,P0,P0,71.6,Auto,Auto,Normal,2,Cooling,0,5,69.8,58.1,810,P0,P0,69.8,Auto,Auto,Normal
9/19/2026 12:42,Cooling,OFF,0,138.2,255,255,255,255,84,0,0,1,87.8,94.1,128.3,69.8,62.6,57.2,79.7,74.3,59,113,2,243.7,ON,10,10,560,559,OFF,Cooling,0,0,213,0,Cooling,0,0,69.8,70.7,440,P0,P0,71.6,Auto,Auto,Normal,1,Cooling,0,0,69.8,67.1,440,P0,P0,71.6,Auto,Auto,Normal,2,Cooling,0,5,69.8,59,810,P0,P0,69.8,Auto,Auto,Normal
9/19/2026 12:42,Cooling,OFF,0,138.2,255,255,255,255,84,0,0,1,87.8,94.1,128.3,69.8,64.4,57.2,68.9,74.3,59,112.1,2.5,243.9,ON,15,15,560,558,OFF,Cooling,202,0,202,0,Cooling,0,2,70.7,70.7,770,P0,P0,71.6,Auto,Auto,Normal,1,Cooling,0,0,69.8,68,440,P0,P0,71.6,Auto,Auto,Normal,2,Cooling,0,5,69.8,59,810,P0,P0,69.8,Auto,Auto,Normal
9/19/2026 12:43,Cooling,OFF,0,138.2,255,255,255,255,84,0,0,1,87.8,94.1,127.4,69.8,66.2,58.1,61.7,74.3,59.9,112.1,2.25,246.1,ON,14,14,560,558,OFF,Cooling,199,0,199,0,Cooling,0,2,70.7,60,770,P0,P0,71.6,Auto,Auto,Normal,1,Cooling,0,0,69.8,68.9,440,P0,P0,71.6,Auto,Auto,Normal,2,Cooling,0,5,69.8,59.9,810,P0,P0,69.8,Auto,Auto,Normal
9/19/2026 12:43,Cooling,OFF,0,138.2,255,255,255,255,84,0,0,1,87.8,95,125.6,59.9,66.2,59,60,74.3,59.9,112.1,2.5,243.9,ON,14,14,560,559,OFF,Cooling,199,0,199,0,Cooling,0,2,70.7,59.9,770,P0,P0,71.6,Auto,Auto,Normal,1,Cooling,0,0,69.8,69.8,440,P0,P0,71.6,Auto,Auto,Normal,2,Cooling,0,7,69.8,59.9,810,P0,P0,69.8,Auto,Auto,Normal
9/19/2026 12:44,Cooling,OFF,0,138.2,255,255,255,255,84,0,0,1,87.8,95.9,124.7,59,64.4,59,60,74.3,59.9,112.1,2.5,243.9,ON,15,15,560,558,OFF,Cooling,202,0,202,0,Cooling,0,2,69.8,59,770,P0,P0,71.6,Auto,Auto,Normal,1,Cooling,0,0,70.7,69.8,440,P0,P0,71.6,Auto,Auto,Normal,2,Cooling,0,7,70.7,59.9,810,P0,P0,69.8,Auto,Auto,Normal
9/19/2026 12:44,Cooling,OFF,0,138.2,255,255,255,255,84,0,0,1,87.8,95.9,123.8,57.2,64.4,59.9,59,74.3,59,112.1,2.5,243.9,ON,15,15,560,559,OFF,Cooling,202,0,202,0,Cooling,0,2,69.8,58.1,770,P0,P0,71.6,Auto,Auto,Normal,1,Cooling,0,0,70.7,69.8,440,P0,P0,71.6,Auto,Auto,Normal,2,Cooling,0,7,70.7,65.3,810,P0,P0,69.8,Auto,Auto,Normal
9/19/2026 12:45,Cooling,OFF,0,138.2,255,255,255,255,84,0,0,1,87.8,95.9,122.9,56.3,63.5,61.7,59,74.3,57.2,112.1,2.5,243.9,ON,15,15,560,558,OFF,Cooling,202,0,202,0,Cooling,0,2,69.8,57.2,770,P0,P0,71.6,Auto,Auto,Normal,1,Cooling,0,0,70.7,69.8,440,P0,P0,71.6,Auto,Auto,Normal,2,Cooling,0,7,70.7,67.1,810,P0,P0,69.8,Auto,Auto,Normal
9/19/2026 12:45,Cooling,OFF,0,138.2,255,255,255,255,84,0,0,1,86.9,95,122.9,55.4,63.5,62.6,58.1,74.3,57.2,112.1,2.5,243.9,ON,15,15,560,558,OFF,Cooling,202,0,202,0,Cooling,0,2,69.8,56.3,770,P0,P0,71.6,Auto,Auto,Normal,1,Cooling,0,0,70.7,69.8,440,P0,P0,71.6,Auto,Auto,Normal,2,Cooling,0,7,70.7,68,810,P0,P0,69.8,Auto,Auto,Normal
9/19/2026 12:46,Cooling,OFF,0,138.2,255,255,255,255,84,0,0,1,87.8,95,122.9,55.4,62.6,63.5,57.2,74.3,56.3,112.1,3.25,244.1,ON,20,20,560,558,OFF,Cooling,0,0,246,0,Cooling,0,0,69.8,54.5,440,P0,P0,71.6,Auto,Auto,Normal,1,Cooling,0,0,70.7,69.8,440,P0,P0,71.6,Auto,Auto,Normal,2,Cooling,0,7,70.7,68,810,P0,P0,69.8,Auto,Auto,Normal
9/19/2026 12:46,Cooling,OFF,0,138.2,255,255,255,255,84,0,0,1,86.9,96.8,122,52.7,61.7,64.4,63.5,74.3,53.6,112.1,3.25,244.2,ON,20,20,560,558,OFF,Cooling,0,0,246,0,Cooling,0,0,69.8,52.7,440,P0,P0,71.6,Auto,Auto,Normal,1,Cooling,0,0,70.7,69.8,440,P0,P0,71.6,Auto,Auto,Normal,2,Cooling,0,7,70.7,62.6,810,P0,P0,69.8,Auto,Auto,Normal
9/19/2026 12:47,Cooling,OFF,0,151.7,255,255,255,255,84,0,0,1,87.8,97.7,122.9,53.6,63.5,68,68,74.3,52.7,113,3.25,244.2,ON,20,20,560,559,OFF,Cooling,0,0,245,0,Cooling,0,0,69.8,55.4,440,P0,P0,71.6,Auto,Auto,Normal,1,Cooling,0,0,70.7,69.8,440,P0,P0,71.6,Auto,Auto,Normal,2,Cooling,0,7,70.7,50,810,P0,P0,69.8,Auto,Auto,Normal
9/19/2026 12:47,Cooling,OFF,0,151.7,255,255,255,255,84,0,0,1,87.8,97.7,122.9,53.6,66.2,67.1,69.8,74.3,52.7,113,3.25,241.9,ON,20,20,560,558,OFF,Cooling,0,0,242,0,Cooling,0,0,69.8,59,440,P0,P0,71.6,Auto,Auto,Normal,1,Cooling,0,0,70.7,69.8,440,P0,P0,71.6,Auto,Auto,Normal,2,Cooling,0,7,70.7,50,810,P0,P0,69.8,Auto,Auto,Normal
9/19/2026 12:48,Cooling,OFF,0,151.7,255,255,255,255,84,0,0,1,87.8,97.7,122.9,58.1,66.2,63.5,72.5,74.3,52.7,113,3.25,244.2,ON,20,20,560,559,OFF,Cooling,0,0,236,0,Cooling,0,0,69.8,61.7,440,P0,P0,71.6,Auto,Auto,Normal,1,Cooling,0,0,70.7,69.8,440,P0,P0,71.6,Auto,Auto,Normal,2,Cooling,0,7,70.7,50,810,P0,P0,69.8,Auto,Auto,Normal
9/19/2026 12:48,Cooling,OFF,0,151.7,255,255,255,255,84,0,0,1,87.8,97.7,123.8,61.7,66.2,58.1,73.4,74.3,52.7,113,3.25,241.9,ON,20,20,560,558,OFF,Cooling,0,0,234,0,Cooling,0,0,69.8,64.4,440,P0,P0,71.6,Auto,Auto,Normal,1,Cooling,0,0,70.7,69.8,440,P0,P0,71.6,Auto,Auto,Normal,2,Cooling,0,7,70.7,50,810,P0,P0,69.8,Auto,Auto,Normal
9/19/2026 12:49,Cooling,OFF,0,151.7,255,255,255,255,84,0,0,1,87.8,97.7,124.7,64.4,66.2,50,74.3,59,51.8,113,5,242.5,ON,32,32,760,759,OFF,Cooling,0,250,250,0,Cooling,0,0,69.8,65.3,440,P0,P0,71.6,Auto,Auto,Normal,1,Cooling,0,4,70.7,69.8,770,P0,P0,71.6,Auto,Auto,Normal,2,Cooling,0,7,69.8,50,810,P0,P0,69.8,Auto,Auto,Normal
9/19/2026 12:49,Cooling,OFF,0,156.2,255,255,255,255,84,0,0,1,87.8,99.5,127.4,66.2,66.2,49.1,74.3,62.6,52.7,113.9,5,242.5,ON,32,32,760,758,OFF,Cooling,0,250,250,0,Cooling,0,0,69.8,67.1,440,P0,P0,71.6,Auto,Auto,Normal,1,Cooling,0,4,70.7,52.7,770,P0,P0,71.6,Auto,Auto,Normal,2,Cooling,0,7,69.8,50,810,P0,P0,69.8,Auto,Auto,Normal
9/19/2026 12:50,Cooling,OFF,0,157.1,255,255,255,255,84,0,0,1,87.8,99.5,128.3,64.4,49.1,51.8,75.2,61.7,51.8,113.9,5,242.5,ON,32,32,760,759,OFF,Cooling,0,250,245,0,Cooling,0,0,69.8,67.1,440,P0,P0,71.6,Auto,Auto,Normal,1,Cooling,0,4,70.7,51.8,770,P0,P0,71.6,Auto,Auto,Normal,2,Cooling,0,7,69.8,50,810,P0,P0,69.8,Auto,Auto,Normal
9/19/2026 12:50,Cooling,OFF,0,157.1,255,255,255,255,84,0,0,1,87.8,100.4,129.2,62.6,47.3,55.4,75.2,60,50.9,113.9,5.25,242.5,ON,32,32,760,759,OFF,Cooling,0,249,245,0,Cooling,0,0,69.8,68,440,P0,P0,71.6,Auto,Auto,Normal,1,Cooling,0,4,70.7,50.9,770,P0,P0,71.6,Auto,Auto,Normal,2,Cooling,0,7,69.8,56.3,810,P0,P0,69.8,Auto,Auto,Normal
9/19/2026 12:51,Cooling,OFF,0,157.1,255,255,255,255,84,0,0,1,88.7,101.3,131,60,45.5,57.2,76.1,59,49.1,113.9,5.25,242.5,ON,32,32,760,759,OFF,Cooling,0,244,244,0,Cooling,0,0,69.8,68.9,440,P0,P0,71.6,Auto,Auto,Normal,1,Cooling,0,2,69.8,50,770,P0,P0,71.6,Auto,Auto,Normal,2,Cooling,0,7,69.8,59,810,P0,P0,69.8,Auto,Auto,Normal
9/19/2026 12:51,Cooling,OFF,0,158.9,255,255,255,255,84,0,0,1,88.7,100.4,131.9,59.9,45.5,59,77,59,49.1,115.7,5.25,242.5,ON,32,32,760,759,OFF,Cooling,0,242,242,0,Cooling,0,0,69.8,68.9,440,P0,P0,71.6,Auto,Auto,Normal,1,Cooling,0,2,69.8,49.1,770,P0,P0,71.6,Auto,Auto,Normal,2,Cooling,0,7,69.8,63.5,810,P0,P0,69.8,Auto,Auto,Normal
9/19/2026 12:52,Cooling,OFF,0,158.9,255,255,255,255,84,0,0,1,88.7,100.4,132.8,59,44.6,60,77,58.1,49.1,115.7,5,242.5,ON,32,32,760,759,OFF,Cooling,0,239,249,0,Cooling,0,0,69.8,69.8,440,P0,P0,71.6,Auto,Auto,Normal,1,Cooling,0,2,69.8,48.2,770,P0,P0,71.6,Auto,Auto,Normal,2,Cooling,0,7,69.8,64.4,810,P0,P0,69.8,Auto,Auto,Normal
9/19/2026 12:52,Cooling,OFF,0,158.9,255,255,255,255,84,0,0,1,88.7,99.5,132.8,59,47.3,62.6,77,59,51.8,115.7,3.5,242,ON,21,21,560,559,OFF,Cooling,0,0,250,0,Cooling,0,0,69.8,69.8,440,P0,P0,71.6,Auto,Auto,Normal,1,Cooling,0,0,69.8,48.2,440,P0,P0,71.6,Auto,Auto,Normal,2,Cooling,0,7,69.8,58.1,810,P0,P0,69.8,Auto,Auto,Normal
9/19/2026 12:53,Cooling,OFF,0,149,255,255,255,255,84,0,0,1,88.7,99.5,132.8,60,50,63.5,77,65.3,51.8,115.7,3.5,242,ON,21,21,560,559,OFF,Cooling,0,0,248,0,Cooling,0,0,69.8,69.8,440,P0,P0,71.6,Auto,Auto,Normal,1,Cooling,0,0,69.8,53.6,440,P0,P0,71.6,Auto,Auto,Normal,2,Cooling,0,7,69.8,50,810,P0,P0,69.8,Auto,Auto,Normal
9/19/2026 12:53,Cooling,OFF,0,154.4,255,255,255,255,84,0,0,1,88.7,98.6,132.8,62.6,51.8,64.4,77.9,68,51.8,115.7,3.5,242,ON,21,21,560,559,OFF,Cooling,0,0,246,0,Cooling,0,0,69.8,69.8,440,P0,P0,71.6,Auto,Auto,Normal,1,Cooling,0,0,69.8,56.3,440,P0,P0,71.6,Auto,Auto,Normal,2,Cooling,0,7,69.8,50,810,P0,P0,69.8,Auto,Auto,Normal
9/19/2026 12:54,Cooling,OFF,0,154.4,255,255,255,255,84,0,0,1,88.7,99.5,132.8,63.5,52.7,60,77.9,69.8,51.8,115.7,3.5,244.3,ON,21,21,560,558,OFF,Cooling,0,0,241,0,Cooling,0,0,69.8,69.8,440,P0,P0,71.6,Auto,Auto,Normal,1,Cooling,0,0,69.8,58.1,440,P0,P0,71.6,Auto,Auto,Normal,2,Cooling,0,7,69.8,50,810,P0,P0,69.8,Auto,Auto,Normal
9/19/2026 12:54,Cooling,OFF,0,155.3,255,255,255,255,84,0,0,1,88.7,99.5,132.8,64.4,54.5,54.5,77.9,71.6,51.8,115.7,3.5,244.3,ON,21,21,560,558,OFF,Cooling,0,0,239,0,Cooling,0,0,69.8,69.8,440,P0,P0,71.6,Auto,Auto,Normal,1,Cooling,0,0,69.8,61.7,440,P0,P0,71.6,Auto,Auto,Normal,2,Cooling,0,7,69.8,50,810,P0,P0,69.8,Auto,Auto,Normal
9/19/2026 12:55,Cooling,OFF,0,155.3,255,255,255,255,84,0,0,1,88.7,99.5,132.8,65.3,58.1,50,78.8,72.5,51.8,115.7,3.5,244.2,ON,21,21,560,559,OFF,Cooling,0,0,235,0,Cooling,0,0,69.8,69.8,440,P0,P0,71.6,Auto,Auto,Normal,1,Cooling,0,0,69.8,63.5,440,P0,P0,71.6,Auto,Auto,Normal,2,Cooling,0,7,69.8,50,810,P0,P0,69.8,Auto,Auto,Normal
9/19/2026 12:55,Cooling,OFF,0,154.4,255,255,255,255,84,0,0,1,88.7,98.6,132.8,66.2,59.9,49.1,78.8,72.5,51.8,115.7,3.5,242,ON,21,21,560,559,OFF,Cooling,0,0,233,0,Cooling,0,0,69.8,69.8,440,P0,P0,71.6,Auto,Auto,Normal,1,Cooling,0,0,69.8,65.3,440,P0,P0,71.6,Auto,Auto,Normal,2,Cooling,0,7,69.8,50,810,P0,P0,69.8,Auto,Auto,Normal
9/19/2026 12:56,Cooling,OFF,0,154.4,255,255,255,255,84,0,0,1,88.7,99.5,132.8,66.2,60,50.9,78.8,73.4,51.8,115.7,3.5,242,ON,20,20,560,558,OFF,Cooling,0,0,229,0,Cooling,0,0,69.8,69.8,440,P0,P0,71.6,Auto,Auto,Normal,1,Cooling,0,0,69.8,67.1,440,P0,P0,71.6,Auto,Auto,Normal,2,Cooling,0,5,69.8,50,810,P0,P0,69.8,Auto,Auto,Normal
9/19/2026 12:56,Cooling,OFF,0,155.3,255,255,255,255,84,0,0,1,88.7,98.6,132.8,66.2,61.7,50.9,79.7,74.3,51.8,115.7,3.5,241.9,ON,20,20,560,559,OFF,Cooling,0,0,226,0,Cooling,0,0,69.8,69.8,440,P0,P0,71.6,Auto,Auto,Normal,1,Cooling,0,0,69.8,68,440,P0,P0,71.6,Auto,Auto,Normal,2,Cooling,0,5,69.8,50,810,P0,P0,69.8,Auto,Auto,Normal
9/19/2026 12:57,Cooling,OFF,0,154.4,255,255,255,255,84,0,0,1,88.7,99.5,132.8,67.1,62.6,51.8,79.7,74.3,51.8,115.7,3.5,241.9,ON,20,20,560,559,OFF,Cooling,0,0,222,0,Cooling,0,0,69.8,69.8,440,P0,P0,71.6,Auto,Auto,Normal,1,Cooling,0,0,69.8,68.9,440,P0,P0,71.6,Auto,Auto,Normal,2,Cooling,0,5,69.8,50,810,P0,P0,69.8,Auto,Auto,Normal
9/19/2026 12:57,Cooling,OFF,0,155.3,255,255,255,255,84,0,0,1,88.7,99.5,133.7,68,63.5,51.8,79.7,74.3,51.8,116.6,3.5,241.9,ON,20,20,560,559,OFF,Cooling,0,0,220,0,Cooling,0,0,69.8,69.8,440,P0,P0,71.6,Auto,Auto,Normal,1,Cooling,0,0,69.8,68.9,440,P0,P0,71.6,Auto,Auto,Normal,2,Cooling,0,5,69.8,50,810,P0,P0,69.8,Auto,Auto,Normal
9/19/2026 12:58,Cooling,OFF,0,156.2,255,255,255,255,84,0,0,1,88.7,100.4,133.7,68,64.4,52.7,79.7,74.3,51.8,116.6,3.5,241.9,ON,19,19,560,559,OFF,Cooling,0,0,218,0,Cooling,0,0,69.8,70.7,440,P0,P0,71.6,Auto,Auto,Normal,1,Cooling,0,0,69.8,69.8,440,P0,P0,71.6,Auto,Auto,Normal,2,Cooling,0,5,69.8,50,810,P0,P0,69.8,Auto,Auto,Normal
9/19/2026 12:58,Cooling,OFF,0,157.1,255,255,255,255,84,0,0,1,89.6,100.4,134.6,68,65.3,53.6,79.7,75.2,51.8,116.6,3.25,241.9,ON,19,19,560,559,OFF,Cooling,0,0,215,0,Cooling,0,0,70.7,70.7,440,P0,P0,71.6,Auto,Auto,Normal,1,Cooling,0,0,69.8,69.8,440,P0,P0,71.6,Auto,Auto,Normal,2,Cooling,0,5,69.8,50,810,P0,P0,69.8,Auto,Auto,Normal
9/19/2026 12:59,Cooling,OFF,0,157.1,255,255,255,255,84,0,0,1,89.6,101.3,134.6,68.9,66.2,54.5,79.7,75.2,51.8,116.6,3.25,241.9,ON,19,19,560,559,OFF,Cooling,0,0,213,0,Cooling,0,0,70.7,70.7,440,P0,P0,71.6,Auto,Auto,Normal,1,Cooling,0,0,70.7,69.8,440,P0,P0,71.6,Auto,Auto,Normal,2,Cooling,0,5,69.8,50,810,P0,P0,69.8,Auto,Auto,Normal
9/19/2026 12:59,Cooling,OFF,0,158,255,255,255,255,84,0,0,1,90.5,101.3,135.5,69.8,66.2,55.4,79.7,76.1,51.8,116.6,3.25,244.2,ON,19,19,560,559,OFF,Cooling,0,0,212,0,Cooling,0,0,70.7,70.7,440,P0,P0,71.6,Auto,Auto,Normal,1,Cooling,0,0,70.7,69.8,440,P0,P0,71.6,Auto,Auto,Normal,2,Cooling,0,5,69.8,50,810,P0,P0,69.8,Auto,Auto,Normal
9/19/2026 13:00,Cooling,OFF,0,158,255,255,255,255,84,0,0,1,90.5,100.4,136.4,69.8,67.1,56.3,79.7,76.1,51.8,116.6,3.25,244.1,ON,18,18,560,558,OFF,Cooling,23,0,208,0,Cooling,0,2,70.7,70.7,440,P0,P0,71.6,Auto,Auto,Normal,1,Cooling,0,0,70.7,69.8,440,P0,P0,71.6,Auto,Auto,Normal,2,Cooling,0,5,69.8,50,810,P0,P0,69.8,Auto,Auto,Normal
9/19/2026 13:01,Cooling,OFF,0,155.3,255,255,255,255,84,0,0,1,89.6,99.5,136.4,69.8,68,58.1,59,76.1,55.4,116.6,3,241.8,ON,18,18,560,559,OFF,Cooling,210,0,209,0,Cooling,0,2,70.7,57.2,770,P0,P0,71.6,Auto,Auto,Normal,1,Cooling,0,0,70.7,69.8,440,P0,P0,71.6,Auto,Auto,Normal,2,Cooling,0,5,69.8,54.5,810,P0,P0,69.8,Auto,Auto,Normal
9/19/2026 13:01,Cooling,OFF,0,149.9,255,255,255,255,84,0,0,1,89.6,98.6,137.3,55.4,62.6,55.4,59,76.1,57.2,116.6,3,241.8,ON,18,18,560,558,OFF,Cooling,208,0,208,0,Cooling,0,2,70.7,55.4,770,P0,P0,71.6,Auto,Auto,Normal,1,Cooling,0,0,70.7,69.8,440,P0,P0,71.6,Auto,Auto,Normal,2,Cooling,0,5,69.8,56.3,810,P0,P0,69.8,Auto,Auto,Normal
9/19/2026 13:02,Cooling,OFF,0,146.3,255,255,255,255,84,0,0,1,89.6,98.6,136.4,55.4,59.9,55.4,58.1,75.2,56.3,116.6,3,244.1,ON,17,17,560,559,OFF,Cooling,208,0,207,0,Cooling,0,2,69.8,55.4,770,P0,P0,71.6,Auto,Auto,Normal,1,Cooling,0,0,70.7,69.8,440,P0,P0,71.6,Auto,Auto,Normal,2,Cooling,0,5,69.8,56.3,810,P0,P0,69.8,Auto,Auto,Normal
9/19/2026 13:02,Cooling,OFF,0,146.3,255,255,255,255,84,0,0,1,89.6,98.6,136.4,55.4,60,55.4,57.2,75.2,57.2,116.6,3,244,ON,17,17,560,559,OFF,Cooling,204,0,204,0,Cooling,0,2,69.8,55.4,770,P0,P0,71.6,Auto,Auto,Normal,1,Cooling,0,0,70.7,70.7,440,P0,P0,71.6,Auto,Auto,Normal,2,Cooling,0,5,69.8,56.3,810,P0,P0,69.8,Auto,Auto,Normal
9/19/2026 13:03,Cooling,OFF,0,146.3,255,255,255,255,84,0,0,1,89.6,98.6,135.5,55.4,60,55.4,57.2,75.2,56.3,116.6,3,244,ON,17,17,560,559,OFF,Cooling,203,0,203,0,Cooling,0,2,69.8,55.4,770,P0,P0,71.6,Auto,Auto,Normal,1,Cooling,0,0,70.7,70.7,440,P0,P0,71.6,Auto,Auto,Normal,2,Cooling,0,5,69.8,56.3,810,P0,P0,69.8,Auto,Auto,Normal
9/19/2026 13:03,Cooling,OFF,0,146.3,255,255,255,255,84,0,0,1,89.6,98.6,134.6,55.4,60,56.3,59,59.9,57.2,116.6,2.75,244,ON,15,15,560,559,OFF,Cooling,0,202,202,0,Cooling,0,0,69.8,55.4,440,P0,P0,71.6,Auto,Auto,Normal,1,Cooling,0,2,70.7,70.7,770,P0,P0,71.6,Auto,Auto,Normal,2,Cooling,0,5,69.8,58.1,810,P0,P0,69.8,Auto,Auto,Normal
9/19/2026 13:04,Cooling,OFF,0,140,255,255,255,255,84,0,0,1,90.5,97.7,133.7,56.3,62.6,58.1,65.3,59,57.2,115.7,2.75,241.7,ON,14,14,560,558,OFF,Cooling,0,200,200,0,Cooling,0,0,69.8,57.2,440,P0,P0,71.6,Auto,Auto,Normal,1,Cooling,0,2,70.7,69.8,770,P0,P0,71.6,Auto,Auto,Normal,2,Cooling,0,5,69.8,62.6,810,P0,P0,69.8,Auto,Auto,Normal
9/19/2026 13:04,Cooling,OFF,0,135.5,255,255,255,255,84,0,0,1,90.5,97.7,132.8,58.1,64.4,60,68,60,58.1,115.7,2.5,243.9,ON,14,14,560,558,OFF,Cooling,0,196,196,0,Cooling,0,0,69.8,58.1,440,P0,P0,71.6,Auto,Auto,Normal,1,Cooling,0,2,70.7,57.2,770,P0,P0,71.6,Auto,Auto,Normal,2,Cooling,0,5,69.8,65.3,810,P0,P0,69.8,Auto,Auto,Normal
9/19/2026 13:05,Cooling,OFF,0,138.2,255,255,255,255,84,0,0,1,89.6,96.8,131.9,59.9,65.3,61.7,70.7,60,58.1,115.7,2.5,243.9,ON,14,14,560,559,OFF,Cooling,0,195,195,0,Cooling,0,0,69.8,59.9,440,P0,P0,71.6,Auto,Auto,Normal,1,Cooling,0,2,70.7,57.2,770,P0,P0,71.6,Auto,Auto,Normal,2,Cooling,0,5,69.8,67.1,810,P0,P0,69.8,Auto,Auto,Normal
9/19/2026 13:05,Cooling,OFF,0,138.2,255,255,255,255,84,0,0,1,89.6,96.8,131,60,57.2,61.7,72.5,60,58.1,115.7,2.5,241.6,ON,14,14,560,558,OFF,Cooling,0,190,190,0,Cooling,0,0,69.8,60,440,P0,P0,71.6,Auto,Auto,Normal,1,Cooling,0,2,70.7,57.2,770,P0,P0,71.6,Auto,Auto,Normal,2,Cooling,0,5,69.8,68,810,P0,P0,69.8,Auto,Auto,Normal
9/19/2026 13:06,Cooling,OFF,0,137.3,255,255,255,255,84,0,0,1,89.6,96.8,130.1,60,57.2,62.6,73.4,60,58.1,115.7,2.5,241.6,ON,13,13,560,558,OFF,Cooling,0,190,190,0,Cooling,0,0,69.8,62.6,440,P0,P0,71.6,Auto,Auto,Normal,1,Cooling,0,2,70.7,57.2,770,P0,P0,71.6,Auto,Auto,Normal,2,Cooling,0,5,69.8,68,810,P0,P0,69.8,Auto,Auto,Normal
9/19/2026 13:06,Cooling,OFF,0,137.3,255,255,255,255,84,0,0,1,89.6,95.9,129.2,60,57.2,62.6,74.3,60,59,115.7,2.25,243.9,ON,13,13,560,559,OFF,Cooling,0,185,185,0,Cooling,0,0,69.8,64.4,440,P0,P0,71.6,Auto,Auto,Normal,1,Cooling,0,2,69.8,57.2,770,P0,P0,71.6,Auto,Auto,Normal,2,Cooling,0,5,69.8,68.9,810,P0,P0,69.8,Auto,Auto,Normal
9/19/2026 13:07,Cooling,OFF,0,136.4,255,255,255,255,84,0,0,1,89.6,95.9,128.3,62.6,57.2,63.5,75.2,60,59,115.7,2.25,241.6,ON,14,14,560,559,OFF,Cooling,0,184,184,0,Cooling,0,0,69.8,66.2,440,P0,P0,71.6,Auto,Auto,Normal,1,Cooling,0,2,69.8,58.1,770,P0,P0,71.6,Auto,Auto,Normal,2,Cooling,0,7,70.7,68.9,810,P0,P0,69.8,Auto,Auto,Normal
9/19/2026 13:07,Cooling,OFF,0,137.3,255,255,255,255,84,0,0,1,89.6,96.8,128.3,62.6,57.2,64.4,75.2,59.9,57.2,115.7,2.5,243.9,ON,14,14,560,559,OFF,Cooling,0,180,182,0,Cooling,0,0,69.8,67.1,440,P0,P0,71.6,Auto,Auto,Normal,1,Cooling,0,2,69.8,57.2,770,P0,P0,71.6,Auto,Auto,Normal,2,Cooling,0,7,70.7,68.9,810,P0,P0,69.8,Auto,Auto,Normal
9/19/2026 13:08,Cooling,OFF,0,139.1,255,255,255,255,84,0,0,1,89.6,96.8,127.4,64.4,56.3,64.4,76.1,59.9,57.2,115.7,2.5,243.9,ON,14,14,560,559,OFF,Cooling,0,178,185,0,Cooling,0,0,69.8,68,440,P0,P0,71.6,Auto,Auto,Normal,1,Cooling,0,2,69.8,57.2,770,P0,P0,71.6,Auto,Auto,Normal,2,Cooling,0,7,70.7,68.9,810,P0,P0,69.8,Auto,Auto,Normal
9/19/2026 13:08,Cooling,OFF,0,139.1,255,255,255,255,84,0,0,1,89.6,97.7,127.4,64.4,56.3,65.3,77,59,57.2,115.7,3.5,241.8,ON,22,22,560,559,OFF,Cooling,0,0,253,0,Cooling,0,0,69.8,68,440,P0,P0,71.6,Auto,Auto,Normal,1,Cooling,0,0,69.8,57.2,440,P0,P0,71.6,Auto,Auto,Normal,2,Cooling,0,7,70.7,68,810,P0,P0,69.8,Auto,Auto,Normal
9/19/2026 13:09,Cooling,OFF,0,131.9,255,255,255,255,84,0,0,1,89.6,99.5,126.5,65.3,52.7,66.2,77,64.4,55.4,115.7,3.75,242,ON,22,22,560,558,OFF,Cooling,0,0,251,0,Cooling,0,0,69.8,68.9,440,P0,P0,71.6,Auto,Auto,Normal,1,Cooling,0,0,69.8,51.8,440,P0,P0,71.6,Auto,Auto,Normal,2,Cooling,0,7,70.7,55.4,810,P0,P0,69.8,Auto,Auto,Normal
9/19/2026 13:09,Cooling,OFF,0,153.5,255,255,255,255,84,0,0,1,89.6,100.4,127.4,65.3,52.7,66.2,77.9,68,53.6,116.6,3.75,244.3,ON,22,22,560,559,OFF,Cooling,0,0,249,0,Cooling,0,0,69.8,68.9,440,P0,P0,71.6,Auto,Auto,Normal,1,Cooling,0,0,69.8,54.5,440,P0,P0,71.6,Auto,Auto,Normal,2,Cooling,0,7,70.7,50.9,810,P0,P0,69.8,Auto,Auto,Normal
9/19/2026 13:10,Cooling,OFF,0,156.2,255,255,255,255,84,0,0,1,89.6,101.3,128.3,65.3,53.6,50,77.9,69.8,53.6,116.6,3.75,244.3,ON,22,22,560,559,OFF,Cooling,0,0,246,0,Cooling,0,0,69.8,68.9,440,P0,P0,71.6,Auto,Auto,Normal,1,Cooling,0,0,69.8,59.9,440,P0,P0,71.6,Auto,Auto,Normal,2,Cooling,0,7,70.7,50,810,P0,P0,69.8,Auto,Auto,Normal
9/19/2026 13:10,Cooling,OFF,0,158.9,255,255,255,255,84,0,0,1,90.5,101.3,128.3,66.2,53.6,47.3,78.8,71.6,53.6,116.6,3.75,242,ON,22,22,560,558,OFF,Cooling,0,0,241,0,Cooling,0,0,69.8,68.9,440,P0,P0,71.6,Auto,Auto,Normal,1,Cooling,0,0,69.8,64.4,440,P0,P0,71.6,Auto,Auto,Normal,2,Cooling,0,7,69.8,50,810,P0,P0,69.8,Auto,Auto,Normal
9/19/2026 13:11,Cooling,OFF,0,158.9,255,255,255,255,84,0,0,1,90.5,101.3,129.2,66.2,55.4,47.3,78.8,72.5,52.7,116.6,3.75,242,ON,22,22,560,559,OFF,Cooling,0,0,237,0,Cooling,0,0,69.8,69.8,440,P0,P0,71.6,Auto,Auto,Normal,1,Cooling,0,0,69.8,66.2,440,P0,P0,71.6,Auto,Auto,Normal,2,Cooling,0,7,69.8,50,810,P0,P0,69.8,Auto,Auto,Normal
9/19/2026 13:11,Cooling,OFF,0,158.9,255,255,255,255,84,0,0,1,90.5,101.3,130.1,66.2,59,47.3,79.7,73.4,51.8,116.6,3.75,242,ON,22,22,560,559,OFF,Cooling,0,0,233,0,Cooling,0,0,69.8,69.8,440,P0,P0,71.6,Auto,Auto,Normal,1,Cooling,0,0,69.8,67.1,440,P0,P0,71.6,Auto,Auto,Normal,2,Cooling,0,7,69.8,50,810,P0,P0,69.8,Auto,Auto,Normal
9/19/2026 13:12,Cooling,OFF,0,158.9,255,255,255,255,84,0,0,1,90.5,101.3,131,66.2,59.9,47.3,79.7,74.3,51.8,117.5,3.75,242,ON,22,22,560,559,OFF,Cooling,0,0,230,0,Cooling,0,0,69.8,69.8,440,P0,P0,71.6,Auto,Auto,Normal,1,Cooling,0,0,69.8,68.9,440,P0,P0,71.6,Auto,Auto,Normal,2,Cooling,0,7,69.8,49.1,810,P0,P0,69.8,Auto,Auto,Normal
9/19/2026 13:12,Cooling,OFF,0,159.8,255,255,255,255,84,0,0,1,90.5,102.2,131.9,66.2,60,48.2,79.7,74.3,51.8,117.5,3.75,242,ON,22,22,560,558,OFF,Cooling,0,0,228,0,Cooling,0,0,69.8,69.8,440,P0,P0,71.6,Auto,Auto,Normal,1,Cooling,0,0,69.8,68.9,440,P0,P0,71.6,Auto,Auto,Normal,2,Cooling,0,7,69.8,49.1,810,P0,P0,69.8,Auto,Auto,Normal
9/19/2026 13:13,Cooling,OFF,0,159.8,255,255,255,255,84,0,0,1,90.5,102.2,132.8,67.1,62.6,50.9,79.7,74.3,50.9,117.5,3.75,242.1,ON,22,22,560,558,OFF,Cooling,0,0,225,0,Cooling,0,0,69.8,69.8,440,P0,P0,71.6,Auto,Auto,Normal,1,Cooling,0,0,69.8,69.8,440,P0,P0,71.6,Auto,Auto,Normal,2,Cooling,0,7,69.8,48.2,810,P0,P0,69.8,Auto,Auto,Normal
9/19/2026 13:13,Cooling,OFF,0,162.5,255,255,255,255,84,0,0,1,90.5,102.2,132.8,67.1,63.5,53.6,79.7,75.2,50.9,117.5,3.75,242.1,ON,22,22,560,558,OFF,Cooling,0,0,221,0,Cooling,0,0,69.8,69.8,440,P0,P0,71.6,Auto,Auto,Normal,1,Cooling,0,0,70.7,69.8,440,P0,P0,71.6,Auto,Auto,Normal,2,Cooling,0,7,69.8,48.2,810,P0,P0,69.8,Auto,Auto,Normal
9/19/2026 13:14,Cooling,OFF,0,163.4,255,255,255,255,84,0,0,1,90.5,102.2,134.6,68,64.4,55.4,79.7,75.2,50.9,118.4,4,242.1,ON,22,22,560,559,OFF,Cooling,0,0,218,0,Cooling,0,0,69.8,69.8,440,P0,P0,71.6,Auto,Auto,Normal,1,Cooling,0,0,70.7,69.8,440,P0,P0,71.6,Auto,Auto,Normal,2,Cooling,0,7,69.8,48.2,810,P0,P0,69.8,Auto,Auto,Normal
9/19/2026 13:14,Cooling,OFF,0,165.2,255,255,255,255,84,0,0,1,90.5,102.2,136.4,68,65.3,58.1,79.7,75.2,50,118.4,3.75,242.1,ON,22,22,560,559,OFF,Cooling,0,0,217,0,Cooling,0,0,69.8,69.8,440,P0,P0,71.6,Auto,Auto,Normal,1,Cooling,0,0,70.7,69.8,440,P0,P0,71.6,Auto,Auto,Normal,2,Cooling,0,7,69.8,48.2,810,P0,P0,69.8,Auto,Auto,Normal
9/19/2026 13:15,Cooling,OFF,0,164.3,255,255,255,255,84,0,0,1,90.5,102.2,138.2,68.9,66.2,60,79.7,76.1,49.1,118.4,3.75,242,ON,22,22,560,558,OFF,Cooling,0,0,216,0,Cooling,0,0,69.8,69.8,440,P0,P0,71.6,Auto,Auto,Normal,1,Cooling,0,0,70.7,69.8,440,P0,P0,71.6,Auto,Auto,Normal,2,Cooling,0,7,69.8,49.1,810,P0,P0,69.8,Auto,Auto,Normal
9/19/2026 13:15,Cooling,OFF,0,162.5,255,255,255,255,84,0,0,1,90.5,102.2,139.1,69.8,68,62.6,79.7,76.1,49.1,118.4,3.75,242,ON,22,22,560,559,OFF,Cooling,0,0,215,0,Cooling,0,0,70.7,69.8,440,P0,P0,71.6,Auto,Auto,Normal,1,Cooling,0,0,70.7,69.8,440,P0,P0,71.6,Auto,Auto,Normal,2,Cooling,0,7,69.8,49.1,810,P0,P0,69.8,Auto,Auto,Normal
9/19/2026 13:16,Cooling,OFF,0,161.6,255,255,255,255,84,0,0,1,90.5,101.3,140.9,69.8,68,64.4,79.7,76.1,50,118.4,3.75,242,ON,21,21,560,559,OFF,Cooling,0,0,216,0,Cooling,0,0,70.7,70.7,440,P0,P0,71.6,Auto,Auto,Normal,1,Cooling,0,0,70.7,69.8,440,P0,P0,71.6,Auto,Auto,Normal,2,Cooling,0,5,68.9,50,810,P0,P0,69.8,Auto,Auto,Normal
9/19/2026 13:16,Cooling,OFF,0,158.9,255,255,255,255,84,0,0,1,90.5,101.3,142.7,70.7,69.8,66.2,79.7,77,50.9,118.4,3.75,242,ON,21,21,560,558,OFF,Cooling,0,0,216,0,Cooling,0,0,70.7,70.7,440,P0,P0,71.6,Auto,Auto,Normal,1,Cooling,0,0,70.7,69.8,440,P0,P0,71.6,Auto,Auto,Normal,2,Cooling,0,5,68.9,50,810,P0,P0,69.8,Auto,Auto,Normal
9/19/2026 13:17,Cooling,OFF,0,158.9,255,255,255,255,84,0,0,1,90.5,101.3,145.4,71.6,69.8,66.2,79.7,77,50.9,118.4,3.75,239.7,ON,21,21,560,559,OFF,Cooling,0,0,219,0,Cooling,0,0,70.7,70.7,440,P0,P0,71.6,Auto,Auto,Normal,1,Cooling,0,0,70.7,70.7,440,P0,P0,71.6,Auto,Auto,Normal,2,Cooling,0,5,68.9,49.1,810,P0,P0,69.8,Auto,Auto,Normal
9/19/2026 13:17,Cooling,OFF,0,159.8,255,255,255,255,84,0,0,1,90.5,101.3,146.3,72.5,70.7,66.2,80.6,77,50.9,118.4,3.75,239.7,ON,21,21,560,558,OFF,Cooling,0,0,219,0,Cooling,0,0,70.7,70.7,440,P0,P0,71.6,Auto,Auto,Normal,1,Cooling,0,0,70.7,70.7,440,P0,P0,71.6,Auto,Auto,Normal,2,Cooling,0,5,68.9,49.1,810,P0,P0,69.8,Auto,Auto,Normal
9/19/2026 13:18,Cooling,OFF,0,158.9,255,255,255,255,84,0,0,1,90.5,101.3,148.1,72.5,70.7,64.4,80.6,59.9,52.7,118.4,3.5,241.9,ON,20,20,560,559,OFF,Cooling,166,216,216,0,Cooling,0,2,70.7,70.7,770,P0,P0,71.6,Auto,Auto,Normal,1,Cooling,0,4,70.7,70.7,770,P0,P0,71.6,Auto,Auto,Normal,2,Cooling,0,5,68.9,50,810,P0,P0,69.8,Auto,Auto,Normal
9/19/2026 13:18,Cooling,OFF,0,149,255,255,255,255,84,0,0,1,90.5,100.4,149,70.7,69.8,62.6,59.9,60,57.2,118.4,3.25,241.9,ON,20,20,560,558,OFF,Cooling,187,187,188,0,Cooling,0,2,70.7,59.9,770,P0,P0,71.6,Auto,Auto,Normal,1,Cooling,0,4,70.7,64.4,770,P0,P0,71.6,Auto,Auto,Normal,2,Cooling,0,5,68.9,57.2,810,P0,P0,69.8,Auto,Auto,Normal
9/19/2026 13:19,Cooling,OFF,0,132.8,255,255,255,255,84,0,0,1,90.5,100.4,149.9,59,68,58.1,60,61.7,59,118.4,3.25,241.9,ON,20,20,560,559,OFF,Cooling,190,191,189,0,Cooling,0,2,70.7,58.1,770,P0,P0,71.6,Auto,Auto,Normal,1,Cooling,0,4,70.7,58.1,770,P0,P0,71.6,Auto,Auto,Normal,2,Cooling,0,5,68.9,58.1,810,P0,P0,69.8,Auto,Auto,Normal
9/19/2026 13:19,Cooling,OFF,0,132.8,255,255,255,255,84,0,0,1,90.5,100.4,149.9,57.2,58.1,58.1,59.9,60,59,118.4,3.25,239.6,ON,20,20,560,558,OFF,Cooling,191,192,190,0,Cooling,0,2,69.8,58.1,770,P0,P0,71.6,Auto,Auto,Normal,1,Cooling,0,4,70.7,58.1,770,P0,P0,71.6,Auto,Auto,Normal,2,Cooling,0,5,69.8,58.1,810,P0,P0,69.8,Auto,Auto,Normal
9/19/2026 13:20,Cooling,OFF,0,133.7,255,255,255,255,84,0,0,1,90.5,100.4,149,57.2,57.2,57.2,59.9,60,59,118.4,3.25,239.5,ON,19,19,560,558,OFF,Cooling,192,193,191,0,Cooling,0,2,69.8,58.1,770,P0,P0,71.6,Auto,Auto,Normal,1,Cooling,0,4,70.7,58.1,770,P0,P0,71.6,Auto,Auto,Normal,2,Cooling,0,5,69.8,58.1,810,P0,P0,69.8,Auto,Auto,Normal
9/19/2026 13:20,Cooling,OFF,0,133.7,255,255,255,255,84,0,0,1,90.5,100.4,148.1,57.2,57.2,58.1,59.9,60,59,118.4,3.25,239.5,ON,19,19,560,559,OFF,Cooling,192,193,191,0,Cooling,0,2,69.8,58.1,770,P0,P0,71.6,Auto,Auto,Normal,1,Cooling,0,4,70.7,58.1,770,P0,P0,71.6,Auto,Auto,Normal,2,Cooling,0,5,69.8,58.1,810,P0,P0,69.8,Auto,Auto,Normal
9/19/2026 13:21,Cooling,OFF,0,133.7,255,255,255,255,84,0,0,1,90.5,100.4,146.3,58.1,58.1,58.1,59.9,60,59,118.4,3.25,239.5,ON,19,19,560,558,OFF,Cooling,192,193,191,0,Cooling,0,2,69.8,58.1,770,P0,P0,71.6,Auto,Auto,Normal,1,Cooling,0,2,69.8,58.1,770,P0,P0,71.6,Auto,Auto,Normal,2,Cooling,0,5,69.8,58.1,810,P0,P0,69.8,Auto,Auto,Normal
9/19/2026 13:21,Cooling,OFF,0,140,255,255,255,255,84,0,0,1,91.4,100.4,146.3,58.1,57.2,58.1,62.6,61.7,59,118.4,2.75,241.7,ON,16,16,560,558,OFF,Cooling,0,214,214,0,Cooling,0,0,69.8,57.2,440,P0,P0,71.6,Auto,Auto,Normal,1,Cooling,0,2,69.8,58.1,770,P0,P0,71.6,Auto,Auto,Normal,2,Cooling,0,5,69.8,60,810,P0,P0,69.8,Auto,Auto,Normal
9/19/2026 13:22,Cooling,OFF,0,146.3,255,255,255,255,84,0,0,1,91.4,100.4,144.5,59,57.2,57.2,68,61.7,59,118.4,2.75,241.7,ON,15,15,560,558,OFF,Cooling,0,213,213,0,Cooling,0,0,69.8,59.9,440,P0,P0,71.6,Auto,Auto,Normal,1,Cooling,0,2,69.8,58.1,770,P0,P0,71.6,Auto,Auto,Normal,2,Cooling,0,5,69.8,64.4,810,P0,P0,69.8,Auto,Auto,Normal
9/19/2026 13:22,Cooling,OFF,0,144.5,255,255,255,255,84,0,0,1,91.4,98.6,142.7,59.9,57.2,57.2,70.7,60,59,117.5,2.75,241.7,ON,15,15,560,559,OFF,Cooling,0,207,207,0,Cooling,0,0,69.8,59.9,440,P0,P0,71.6,Auto,Auto,Normal,1,Cooling,0,2,69.8,57.2,770,P0,P0,71.6,Auto,Auto,Normal,2,Cooling,0,5,69.8,67.1,810,P0,P0,69.8,Auto,Auto,Normal
9/19/2026 13:23,Cooling,OFF,0,143.6,255,255,255,255,84,0,0,1,90.5,97.7,140.9,59.9,57.2,57.2,72.5,59.9,59,117.5,2.25,241.5,ON,11,11,560,559,OFF,Cooling,0,0,229,0,Cooling,0,0,69.8,60,440,P0,P0,71.6,Auto,Auto,Normal,1,Cooling,0,0,69.8,57.2,440,P0,P0,71.6,Auto,Auto,Normal,2,Cooling,0,5,69.8,68,810,P0,P0,69.8,Auto,Auto,Normal
9/19/2026 13:23,Cooling,OFF,0,134.6,255,255,255,255,84,0,0,1,90.5,96.8,140,60,58.1,59,74.3,65.3,59,117.5,2.25,241.5,ON,11,11,560,559,OFF,Cooling,0,0,228,0,Cooling,0,0,69.8,60,440,P0,P0,71.6,Auto,Auto,Normal,1,Cooling,0,0,69.8,58.1,440,P0,P0,71.6,Auto,Auto,Normal,2,Cooling,0,5,70.7,67.1,810,P0,P0,69.8,Auto,Auto,Normal
9/19/2026 13:24,Cooling,OFF,0,128.3,255,255,255,255,84,0,0,1,90.5,96.8,139.1,61.7,59,60,74.3,68.9,59,117.5,2.25,241.5,ON,12,12,560,559,OFF,Cooling,0,0,228,0,Cooling,0,0,69.8,62.6,440,P0,P0,71.6,Auto,Auto,Normal,1,Cooling,0,0,69.8,61.7,440,P0,P0,71.6,Auto,Auto,Normal,2,Cooling,0,7,70.7,62.6,810,P0,P0,69.8,Auto,Auto,Normal
9/19/2026 13:24,Cooling,OFF,0,131.9,255,255,255,255,84,0,0,1,90.5,96.8,138.2,62.6,59,56.3,76.1,70.7,58.1,117.5,2.25,241.6,ON,12,12,560,559,OFF,Cooling,0,0,227,0,Cooling,0,0,69.8,64.4,440,P0,P0,71.6,Auto,Auto,Normal,1,Cooling,0,0,69.8,63.5,440,P0,P0,71.6,Auto,Auto,Normal,2,Cooling,0,7,70.7,57.2,810,P0,P0,69.8,Auto,Auto,Normal
9/19/2026 13:25,Cooling,OFF,0,139.1,255,255,255,255,84,0,0,1,90.5,96.8,137.3,64.4,59,55.4,77,72.5,58.1,117.5,2.25,241.5,ON,12,12,560,558,OFF,Cooling,0,0,225,0,Cooling,0,0,69.8,66.2,440,P0,P0,71.6,Auto,Auto,Normal,1,Cooling,0,0,69.8,65.3,440,P0,P0,71.6,Auto,Auto,Normal,2,Cooling,0,7,69.8,57.2,810,P0,P0,69.8,Auto,Auto,Normal
9/19/2026 13:25,Cooling,OFF,0,139.1,255,255,255,255,84,0,0,1,90.5,96.8,136.4,65.3,59.9,55.4,77,73.4,58.1,117.5,2.25,241.6,ON,12,12,560,559,OFF,Cooling,0,0,223,0,Cooling,0,0,69.8,67.1,440,P0,P0,71.6,Auto,Auto,Normal,1,Cooling,0,0,69.8,67.1,440,P0,P0,71.6,Auto,Auto,Normal,2,Cooling,0,7,69.8,57.2,810,P0,P0,69.8,Auto,Auto,Normal
9/19/2026 13:26,Cooling,OFF,0,140,255,255,255,255,84,0,0,1,90.5,97.7,135.5,66.2,60,56.3,77.9,74.3,58.1,117.5,2.25,241.6,ON,12,12,560,559,OFF,Cooling,0,0,220,0,Cooling,0,0,69.8,68,440,P0,P0,71.6,Auto,Auto,Normal,1,Cooling,0,0,69.8,68,440,P0,P0,71.6,Auto,Auto,Normal,2,Cooling,0,7,70.7,57.2,810,P0,P0,69.8,Auto,Auto,Normal
9/19/2026 13:26,Cooling,OFF,0,140.9,255,255,255,255,84,0,0,1,91.4,97.7,134.6,67.1,61.7,56.3,78.8,74.3,58.1,117.5,2.25,241.5,ON,12,12,560,558,OFF,Cooling,0,0,216,0,Cooling,0,0,69.8,68.9,440,P0,P0,71.6,Auto,Auto,Normal,1,Cooling,0,0,69.8,68.9,440,P0,P0,71.6,Auto,Auto,Normal,2,Cooling,0,7,70.7,57.2,810,P0,P0,69.8,Auto,Auto,Normal
9/19/2026 13:27,Cooling,OFF,0,140,255,255,255,255,84,0,0,1,90.5,96.8,132.8,68,63.5,55.4,78.8,75.2,58.1,117.5,2.25,241.5,ON,12,12,560,559,OFF,Cooling,0,0,215,0,Cooling,0,0,69.8,68.9,440,P0,P0,71.6,Auto,Auto,Normal,1,Cooling,0,0,69.8,69.8,440,P0,P0,71.6,Auto,Auto,Normal,2,Cooling,0,7,70.7,57.2,810,P0,P0,69.8,Auto,Auto,Normal
9/19/2026 13:27,Cooling,OFF,0,139.1,255,255,255,255,84,0,0,1,90.5,96.8,132.8,68,64.4,55.4,79.7,76.1,58.1,116.6,2.25,241.5,ON,12,12,560,558,OFF,Cooling,0,0,212,0,Cooling,0,0,69.8,68.9,440,P0,P0,71.6,Auto,Auto,Normal,1,Cooling,0,0,70.7,69.8,440,P0,P0,71.6,Auto,Auto,Normal,2,Cooling,0,7,70.7,57.2,810,P0,P0,69.8,Auto,Auto,Normal
9/19/2026 13:28,Cooling,OFF,0,140,255,255,255,255,84,0,0,1,90.5,97.7,131.9,68.9,66.2,55.4,79.7,76.1,58.1,116.6,2.25,241.6,ON,12,12,560,559,OFF,Cooling,0,0,211,0,Cooling,0,0,69.8,69.8,440,P0,P0,71.6,Auto,Auto,Normal,1,Cooling,0,0,70.7,69.8,440,P0,P0,71.6,Auto,Auto,Normal,2,Cooling,0,7,70.7,57.2,810,P0,P0,69.8,Auto,Auto,Normal
9/19/2026 13:28,Cooling,OFF,0,140.9,255,255,255,255,84,0,0,1,90.5,97.7,131,69.8,66.2,55.4,79.7,77,58.1,116.6,2.25,241.6,ON,12,12,560,559,OFF,Cooling,0,0,206,0,Cooling,0,0,69.8,69.8,440,P0,P0,71.6,Auto,Auto,Normal,1,Cooling,0,0,70.7,69.8,440,P0,P0,71.6,Auto,Auto,Normal,2,Cooling,0,7,70.7,57.2,810,P0,P0,69.8,Auto,Auto,Normal
9/19/2026 13:29,Cooling,OFF,0,140.9,255,255,255,255,84,0,0,1,91.4,97.7,130.1,68.9,67.1,55.4,65.3,66.2,59,116.6,2.25,241.5,ON,12,12,560,558,OFF,Cooling,80,80,205,0,Cooling,0,0,69.8,69.8,440,P0,P0,71.6,Auto,Auto,Normal,1,Cooling,0,0,70.7,69.8,440,P0,P0,71.6,Auto,Auto,Normal,2,Cooling,0,7,70.7,58.1,810,P0,P0,69.8,Auto,Auto,Normal
9/19/2026 13:29,Cooling,OFF,0,140,255,255,255,255,84,0,0,1,91.4,97.7,130.1,64.4,67.1,57.2,66.2,64.4,59,116.6,2.25,239.3,ON,12,12,560,559,OFF,Cooling,0,0,201,0,Cooling,0,0,69.8,69.8,440,P0,P0,71.6,Auto,Auto,Normal,1,Cooling,0,0,70.7,69.8,440,P0,P0,71.6,Auto,Auto,Normal,2,Cooling,0,7,70.7,59,810,P0,P0,69.8,Auto,Auto,Normal
9/19/2026 13:30,Cooling,OFF,0,140,255,255,255,255,84,0,0,1,91.4,97.7,129.2,66.2,67.1,56.3,72.5,69.8,58.1,116.6,2.25,239.3,ON,12,12,560,558,OFF,Cooling,0,0,199,0,Cooling,0,0,69.8,68.9,440,P0,P0,71.6,Auto,Auto,Normal,1,Cooling,0,0,70.7,69.8,440,P0,P0,71.6,Auto,Auto,Normal,2,Cooling,0,7,70.7,57.2,810,P0,P0,69.8,Auto,Auto,Normal
9/19/2026 13:30,Cooling,OFF,0,140.9,255,255,255,255,84,0,0,1,91.4,97.7,128.3,68,67.1,55.4,74.3,72.5,57.2,116.6,2.5,237,ON,12,12,560,559,OFF,Cooling,0,0,195,0,Cooling,0,0,69.8,68,440,P0,P0,71.6,Auto,Auto,Normal,1,Cooling,0,0,70.7,69.8,440,P0,P0,71.6,Auto,Auto,Normal,2,Cooling,0,7,70.7,57.2,810,P0,P0,69.8,Auto,Auto,Normal
9/19/2026 13:31,Cooling,OFF,0,141.8,255,255,255,255,84,0,0,1,91.4,98.6,128.3,68.9,68,55.4,76.1,72.5,57.2,116.6,2.25,239.3,ON,12,12,560,559,OFF,Cooling,0,0,193,0,Cooling,0,0,70.7,68,440,P0,P0,71.6,Auto,Auto,Normal,1,Cooling,0,0,70.7,69.8,440,P0,P0,71.6,Auto,Auto,Normal,2,Cooling,0,7,70.7,57.2,810,P0,P0,69.8,Auto,Auto,Normal
9/19/2026 13:31,Cooling,OFF,0,141.8,255,255,255,255,84,0,0,1,91.4,97.7,128.3,69.8,68,55.4,77,74.3,57.2,116.6,2.5,239.3,ON,12,12,560,558,OFF,Cooling,0,0,191,0,Cooling,0,0,70.7,68.9,440,P0,P0,71.6,Auto,Auto,Normal,1,Cooling,0,0,70.7,69.8,440,P0,P0,71.6,Auto,Auto,Normal,2,Cooling,0,7,70.7,56.3,810,P0,P0,69.8,Auto,Auto,Normal
9/19/2026 13:32,Cooling,OFF,0,143.6,255,255,255,255,84,0,0,1,91.4,98.6,128.3,69.8,68,57.2,77.9,62.6,56.3,117.5,5.75,237.9,ON,35,35,760,715,OFF,Cooling,0,259,259,0,Cooling,0,0,70.7,69.8,440,P0,P0,71.6,Auto,Auto,Normal,1,Cooling,0,4,70.7,70.7,770,P0,P0,71.6,Auto,Auto,Normal,2,Cooling,0,7,70.7,54.5,810,P0,P0,69.8,Auto,Auto,Normal
9/19/2026 13:32,Cooling,OFF,0,157.1,255,255,255,255,84,0,0,1,91.4,102.2,129.2,69.8,64.4,56.3,77.9,64.4,53.6,118.4,6,238.1,ON,35,35,760,759,OFF,Cooling,0,256,256,0,Cooling,0,0,70.7,69.8,440,P0,P0,71.6,Auto,Auto,Normal,1,Cooling,0,4,70.7,53.6,770,P0,P0,71.6,Auto,Auto,Normal,2,Cooling,0,7,70.7,50.9,810,P0,P0,69.8,Auto,Auto,Normal
9/19/2026 13:33,Cooling,OFF,0,159.8,255,255,255,255,84,0,0,1,92.3,104,131.9,68,49.1,53.6,78.8,63.5,51.8,118.4,6,238.1,ON,35,35,760,759,OFF,Cooling,0,256,256,0,Cooling,0,0,70.7,69.8,440,P0,P0,71.6,Auto,Auto,Normal,1,Cooling,0,4,70.7,51.8,770,P0,P0,71.6,Auto,Auto,Normal,2,Cooling,0,7,70.7,50,810,P0,P0,69.8,Auto,Auto,Normal
9/19/2026 13:33,Cooling,OFF,0,165.2,255,255,255,255,84,0,0,1,91.4,104,132.8,64.4,46.4,55.4,79.7,62.6,50.9,118.4,6,238.1,ON,35,35,760,759,OFF,Cooling,0,252,254,0,Cooling,0,0,70.7,69.8,440,P0,P0,71.6,Auto,Auto,Normal,1,Cooling,0,4,70.7,50,770,P0,P0,71.6,Auto,Auto,Normal,2,Cooling,0,7,70.7,56.3,810,P0,P0,69.8,Auto,Auto,Normal
9/19/2026 13:34,Cooling,OFF,0,165.2,255,255,255,255,84,0,0,1,92.3,104,134.6,62.6,45.5,58.1,79.7,60,50,120.2,6,240.4,ON,35,35,760,759,OFF,Cooling,0,245,251,0,Cooling,0,0,70.7,69.8,440,P0,P0,71.6,Auto,Auto,Normal,1,Cooling,0,4,70.7,50,770,P0,P0,71.6,Auto,Auto,Normal,2,Cooling,0,7,70.7,60,810,P0,P0,69.8,Auto,Auto,Normal
9/19/2026 13:34,Cooling,OFF,0,166.1,255,255,255,255,84,0,0,1,92.3,104,136.4,60,44.6,59.9,79.7,59.9,49.1,120.2,6,240.4,ON,35,35,760,759,OFF,Cooling,0,243,249,0,Cooling,0,0,70.7,69.8,440,P0,P0,71.6,Auto,Auto,Normal,1,Cooling,0,2,69.8,49.1,770,P0,P0,71.6,Auto,Auto,Normal,2,Cooling,0,7,69.8,63.5,810,P0,P0,69.8,Auto,Auto,Normal
9/19/2026 13:35,Cooling,OFF,0,167,255,255,255,255,84,0,0,1,92.3,104,137.3,60,44.6,60,61.7,59,49.1,120.2,6.75,240.7,ON,41,41,760,759,OFF,Cooling,236,236,236,0,Cooling,0,2,70.7,69.8,770,P0,P0,71.6,Auto,Auto,Normal,1,Cooling,0,2,69.8,48.2,770,P0,P0,71.6,Auto,Auto,Normal,2,Cooling,0,7,70.7,64.4,810,P0,P0,69.8,Auto,Auto,Normal
9/19/2026 13:35,Cooling,OFF,0,167,255,255,255,255,84,0,0,1,92.3,104.9,139.1,59,47.3,62.6,55.4,57.2,51.8,120.2,6,240.4,ON,35,35,760,758,OFF,Cooling,259,0,259,0,Cooling,0,2,70.7,50,770,P0,P0,71.6,Auto,Auto,Normal,1,Cooling,0,0,69.8,49.1,440,P0,P0,71.6,Auto,Auto,Normal,2,Cooling,0,7,69.8,66.2,810,P0,P0,69.8,Auto,Auto,Normal
9/19/2026 13:36,Cooling,OFF,0,167,255,255,255,255,84,0,0,1,92.3,104,139.1,47.3,48.2,63.5,54.5,64.4,50.9,121.1,5.75,242.7,ON,35,35,760,759,OFF,Cooling,252,0,257,0,Cooling,0,2,70.7,49.1,770,P0,P0,71.6,Auto,Auto,Normal,1,Cooling,0,0,69.8,52.7,440,P0,P0,71.6,Auto,Auto,Normal,2,Cooling,0,7,69.8,63.5,810,P0,P0,69.8,Auto,Auto,Normal
9/19/2026 13:36,Cooling,OFF,0,167,255,255,255,255,84,0,0,1,92.3,104,139.1,45.5,49.1,63.5,53.6,68,50,121.1,5.75,240.4,ON,35,35,760,759,OFF,Cooling,249,0,254,0,Cooling,0,2,69.8,47.3,770,P0,P0,71.6,Auto,Auto,Normal,1,Cooling,0,0,69.8,55.4,440,P0,P0,71.6,Auto,Auto,Normal,2,Cooling,0,7,69.8,62.6,810,P0,P0,69.8,Auto,Auto,Normal
9/19/2026 13:37,Cooling,OFF,0,167.9,255,255,255,255,84,0,0,1,92.3,104,139.1,45.5,49.1,63.5,50.9,69.8,50,121.1,4.5,242.2,ON,24,22,560,678,OFF,Cooling,0,0,253,0,Cooling,0,0,69.8,46.4,440,P0,P0,71.6,Auto,Auto,Normal,1,Cooling,0,0,69.8,58.1,440,P0,P0,71.6,Auto,Auto,Normal,2,Cooling,0,7,69.8,63.5,810,P0,P0,69.8,Auto,Auto,Normal
9/19/2026 13:37,Cooling,OFF,0,158,255,255,255,255,84,0,0,1,92.3,103.1,139.1,47.3,50,64.4,59.9,70.7,51.8,120.2,3.75,242,ON,22,22,560,558,OFF,Cooling,0,0,252,0,Cooling,0,0,69.8,49.1,440,P0,P0,71.6,Auto,Auto,Normal,1,Cooling,0,0,69.8,59.9,440,P0,P0,71.6,Auto,Auto,Normal,2,Cooling,0,7,69.8,50.9,810,P0,P0,69.8,Auto,Auto,Normal
9/19/2026 13:38,Cooling,OFF,0,158.9,255,255,255,255,84,0,0,1,91.4,101.3,139.1,50.9,51.8,67.1,65.3,71.6,51.8,120.2,3.75,242,ON,22,22,560,559,OFF,Cooling,0,0,250,0,Cooling,0,0,69.8,53.6,440,P0,P0,71.6,Auto,Auto,Normal,1,Cooling,0,0,69.8,62.6,440,P0,P0,71.6,Auto,Auto,Normal,2,Cooling,0,7,69.8,49.1,810,P0,P0,69.8,Auto,Auto,Normal
9/19/2026 13:38,Cooling,OFF,0,159.8,255,255,255,255,84,0,0,1,91.4,101.3,139.1,51.8,53.6,66.2,68,72.5,51.8,120.2,3.75,242,ON,22,22,560,559,OFF,Cooling,0,0,246,0,Cooling,0,0,69.8,56.3,440,P0,P0,71.6,Auto,Auto,Normal,1,Cooling,0,0,69.8,64.4,440,P0,P0,71.6,Auto,Auto,Normal,2,Cooling,0,7,69.8,50,810,P0,P0,69.8,Auto,Auto,Normal
9/19/2026 13:39,Cooling,OFF,0,159.8,255,255,255,255,84,0,0,1,92.3,102.2,139.1,53.6,57.2,62.6,69.8,72.5,52.7,121.1,3.75,242.1,ON,22,22,560,558,OFF,Cooling,0,0,244,0,Cooling,0,0,68.9,57.2,440,P0,P0,71.6,Auto,Auto,Normal,1,Cooling,0,0,69.8,67.1,440,P0,P0,71.6,Auto,Auto,Normal,2,Cooling,0,7,69.8,50,810,P0,P0,69.8,Auto,Auto,Normal
9/19/2026 13:39,Cooling,OFF,0,161.6,255,255,255,255,84,0,0,1,92.3,103.1,139.1,55.4,59.9,58.1,71.6,72.5,52.7,121.1,3.75,242.1,ON,22,22,560,558,OFF,Cooling,0,0,239,0,Cooling,0,0,68.9,59,440,P0,P0,71.6,Auto,Auto,Normal,1,Cooling,0,0,69.8,68,440,P0,P0,71.6,Auto,Auto,Normal,2,Cooling,0,7,69.8,50,810,P0,P0,69.8,Auto,Auto,Normal
9/19/2026 13:40,Cooling,OFF,0,161.6,255,255,255,255,84,0,0,1,92.3,102.2,139.1,59,60,55.4,72.5,73.4,51.8,121.1,3.75,242.1,ON,22,22,560,558,OFF,Cooling,0,0,237,0,Cooling,0,0,69.8,60,440,P0,P0,71.6,Auto,Auto,Normal,1,Cooling,0,0,69.8,68.9,440,P0,P0,71.6,Auto,Auto,Normal,2,Cooling,0,7,69.8,50,810,P0,P0,69.8,Auto,Auto,Normal
9/19/2026 13:40,Cooling,OFF,0,161.6,255,255,255,255,84,0,0,1,92.3,103.1,139.1,61.7,61.7,53.6,73.4,73.4,51.8,121.1,4,242.1,ON,22,22,560,558,OFF,Cooling,0,0,233,0,Cooling,0,0,69.8,62.6,440,P0,P0,71.6,Auto,Auto,Normal,1,Cooling,0,0,70.7,69.8,440,P0,P0,71.6,Auto,Auto,Normal,2,Cooling,0,7,69.8,50,810,P0,P0,69.8,Auto,Auto,Normal
9/19/2026 13:41,Cooling,OFF,0,162.5,255,255,255,255,84,0,0,1,92.3,103.1,140,63.5,62.6,53.6,74.3,74.3,51.8,121.1,4,239.8,ON,22,22,560,558,OFF,Cooling,0,0,233,0,Cooling,0,0,69.8,64.4,440,P0,P0,71.6,Auto,Auto,Normal,1,Cooling,0,0,70.7,69.8,440,P0,P0,71.6,Auto,Auto,Normal,2,Cooling,0,7,69.8,50,810,P0,P0,69.8,Auto,Auto,Normal
9/19/2026 13:41,Cooling,OFF,0,162.5,255,255,255,255,84,0,0,1,93.2,103.1,140,64.4,63.5,53.6,74.3,74.3,51.8,122,4,239.8,ON,22,22,560,559,OFF,Cooling,0,0,228,0,Cooling,0,0,69.8,65.3,440,P0,P0,71.6,Auto,Auto,Normal,1,Cooling,0,0,70.7,69.8,440,P0,P0,71.6,Auto,Auto,Normal,2,Cooling,0,7,69.8,49.1,810,P0,P0,69.8,Auto,Auto,Normal
9/19/2026 13:42,Cooling,OFF,0,163.4,255,255,255,255,84,0,0,1,93.2,103.1,140.9,66.2,64.4,53.6,75.2,74.3,51.8,122,4,237.5,ON,22,22,560,558,OFF,Cooling,0,0,226,0,Cooling,0,0,69.8,67.1,440,P0,P0,71.6,Auto,Auto,Normal,1,Cooling,0,0,70.7,69.8,440,P0,P0,71.6,Auto,Auto,Normal,2,Cooling,0,7,69.8,49.1,810,P0,P0,69.8,Auto,Auto,Normal
9/19/2026 13:42,Cooling,OFF,0,165.2,255,255,255,255,84,0,0,1,93.2,104,141.8,66.2,64.4,55.4,76.1,74.3,51.8,122,4,239.8,ON,22,22,560,558,OFF,Cooling,0,0,223,0,Cooling,0,0,69.8,67.1,440,P0,P0,71.6,Auto,Auto,Normal,1,Cooling,0,0,70.7,69.8,440,P0,P0,71.6,Auto,Auto,Normal,2,Cooling,0,7,69.8,49.1,810,P0,P0,69.8,Auto,Auto,Normal
9/19/2026 13:43,Cooling,OFF,0,166.1,255,255,255,255,84,0,0,1,93.2,104,141.8,67.1,65.3,57.2,77,75.2,50.9,122,4,239.8,ON,22,22,560,559,OFF,Cooling,0,0,223,0,Cooling,0,0,69.8,68,440,P0,P0,71.6,Auto,Auto,Normal,1,Cooling,0,0,70.7,69.8,440,P0,P0,71.6,Auto,Auto,Normal,2,Cooling,0,7,69.8,49.1,810,P0,P0,69.8,Auto,Auto,Normal
9/19/2026 13:43,Cooling,OFF,0,166.1,255,255,255,255,84,0,0,1,93.2,104,142.7,68,66.2,58.1,77,75.2,50.9,122,4,237.5,ON,22,22,560,558,OFF,Cooling,0,0,220,0,Cooling,0,0,69.8,68.9,440,P0,P0,71.6,Auto,Auto,Normal,1,Cooling,0,0,70.7,69.8,440,P0,P0,71.6,Auto,Auto,Normal,2,Cooling,0,7,69.8,49.1,810,P0,P0,69.8,Auto,Auto,Normal
9/19/2026 13:44,Cooling,OFF,0,166.1,255,255,255,255,84,0,0,1,93.2,104,143.6,68,67.1,59.9,77,75.2,50.9,122,4,239.8,ON,22,22,560,559,OFF,Cooling,0,0,220,0,Cooling,0,0,69.8,68.9,440,P0,P0,71.6,Auto,Auto,Normal,1,Cooling,0,0,70.7,69.8,440,P0,P0,71.6,Auto,Auto,Normal,2,Cooling,0,7,69.8,49.1,810,P0,P0,69.8,Auto,Auto,Normal
9/19/2026 13:44,Cooling,OFF,0,166.1,255,255,255,255,84,0,0,1,92.3,104,144.5,68.9,68,60,77.9,76.1,50.9,122,4,239.8,ON,22,22,560,558,OFF,Cooling,0,0,217,0,Cooling,0,0,69.8,69.8,440,P0,P0,71.6,Auto,Auto,Normal,1,Cooling,0,0,70.7,70.7,440,P0,P0,71.6,Auto,Auto,Normal,2,Cooling,0,7,69.8,49.1,810,P0,P0,69.8,Auto,Auto,Normal
9/19/2026 13:45,Cooling,OFF,0,166.1,255,255,255,255,84,0,0,1,92.3,104,145.4,68.9,68,62.6,77.9,76.1,50.9,123.8,4,239.8,ON,22,22,560,558,OFF,Cooling,0,0,217,0,Cooling,0,0,69.8,69.8,440,P0,P0,71.6,Auto,Auto,Normal,1,Cooling,0,0,70.7,70.7,440,P0,P0,71.6,Auto,Auto,Normal,2,Cooling,0,7,69.8,49.1,810,P0,P0,69.8,Auto,Auto,Normal
9/19/2026 13:45,Cooling,OFF,0,166.1,255,255,255,255,84,0,0,1,92.3,103.1,146.3,69.8,68,63.5,78.8,58.1,50.9,123.8,5.75,240.4,ON,35,35,760,761,OFF,Cooling,0,258,258,0,Cooling,0,0,69.8,69.8,440,P0,P0,71.6,Auto,Auto,Normal,1,Cooling,0,4,70.7,70.7,770,P0,P0,71.6,Auto,Auto,Normal,2,Cooling,0,7,69.8,49.1,810,P0,P0,69.8,Auto,Auto,Normal
9/19/2026 13:46,Cooling,OFF,0,167.9,255,255,255,255,84,0,0,1,92.3,104,148.1,69.8,68,63.5,78.8,65.3,53.6,123.8,5.75,242.7,ON,35,35,760,759,OFF,Cooling,0,258,258,0,Cooling,0,0,69.8,69.8,440,P0,P0,71.6,Auto,Auto,Normal,1,Cooling,0,4,70.7,53.6,770,P0,P0,71.6,Auto,Auto,Normal,2,Cooling,0,7,69.8,50,810,P0,P0,69.8,Auto,Auto,Normal
9/19/2026 13:46,Cooling,OFF,0,164.3,255,255,255,255,84,0,0,1,91.4,104,149.9,68,50,49.1,79.7,64.4,53.6,123.8,6,240.4,ON,35,35,760,759,OFF,Cooling,0,260,260,0,Cooling,0,0,69.8,69.8,440,P0,P0,71.6,Auto,Auto,Normal,1,Cooling,0,4,70.7,53.6,770,P0,P0,71.6,Auto,Auto,Normal,2,Cooling,0,7,69.8,50,810,P0,P0,69.8,Auto,Auto,Normal
9/19/2026 13:47,Cooling,OFF,0,165.2,255,255,255,255,84,0,0,1,91.4,104,150.8,64.4,47.3,49.1,79.7,62.6,51.8,123.8,6,240.4,ON,35,35,760,759,OFF,Cooling,0,260,260,0,Cooling,0,0,69.8,69.8,440,P0,P0,71.6,Auto,Auto,Normal,1,Cooling,0,4,70.7,50.9,770,P0,P0,71.6,Auto,Auto,Normal,2,Cooling,0,7,69.8,49.1,810,P0,P0,69.8,Auto,Auto,Normal
9/19/2026 13:47,Cooling,OFF,0,165.2,255,255,255,255,84,0,0,1,92.3,104.9,151.7,62.6,45.5,53.6,79.7,61.7,50.9,123.8,6,240.4,ON,35,35,760,759,OFF,Cooling,0,259,261,0,Cooling,0,0,69.8,69.8,440,P0,P0,71.6,Auto,Auto,Normal,1,Cooling,0,4,70.7,50,770,P0,P0,71.6,Auto,Auto,Normal,2,Cooling,0,7,69.8,56.3,810,P0,P0,69.8,Auto,Auto,Normal
9/19/2026 13:48,Cooling,OFF,0,166.1,255,255,255,255,84,0,0,1,91.4,104,151.7,60,44.6,56.3,79.7,59.9,49.1,123.8,6,240.4,ON,35,35,760,759,OFF,Cooling,0,257,259,0,Cooling,0,0,69.8,69.8,440,P0,P0,71.6,Auto,Auto,Normal,1,Cooling,0,2,69.8,49.1,770,P0,P0,71.6,Auto,Auto,Normal,2,Cooling,0,7,69.8,58.1,810,P0,P0,69.8,Auto,Auto,Normal
9/19/2026 13:48,Cooling,OFF,0,167,255,255,255,255,84,0,0,1,92.3,104,151.7,59.9,44.6,59,79.7,59.9,49.1,123.8,6,240.4,ON,35,35,760,759,OFF,Cooling,0,252,258,0,Cooling,0,0,69.8,69.8,440,P0,P0,71.6,Auto,Auto,Normal,1,Cooling,0,2,69.8,48.2,770,P0,P0,71.6,Auto,Auto,Normal,2,Cooling,0,7,69.8,59,810,P0,P0,69.8,Auto,Auto,Normal
9/19/2026 13:49,Cooling,OFF,0,167,255,255,255,255,84,0,0,1,92.3,103.1,150.8,59,45.5,60,80.6,58.1,51.8,123.8,3.75,239.7,ON,22,22,560,558,OFF,Cooling,0,0,253,0,Cooling,0,0,69.8,70.7,440,P0,P0,71.6,Auto,Auto,Normal,1,Cooling,0,0,69.8,47.3,440,P0,P0,71.6,Auto,Auto,Normal,2,Cooling,0,7,69.8,59,810,P0,P0,69.8,Auto,Auto,Normal
9/19/2026 13:49,Cooling,OFF,0,155.3,255,255,255,255,84,0,0,1,91.4,102.2,149.9,60,49.1,62.6,80.6,66.2,52.7,123.8,3.75,242,ON,22,22,560,558,OFF,Cooling,0,0,253,0,Cooling,0,0,69.8,70.7,440,P0,P0,71.6,Auto,Auto,Normal,1,Cooling,0,0,69.8,51.8,440,P0,P0,71.6,Auto,Auto,Normal,2,Cooling,0,7,69.8,50,810,P0,P0,69.8,Auto,Auto,Normal
9/19/2026 13:50,Cooling,OFF,0,159.8,255,255,255,255,84,0,0,1,91.4,101.3,149,62.6,50.9,64.4,80.6,69.8,51.8,123.8,3.75,242,ON,22,22,560,558,OFF,Cooling,0,0,248,0,Cooling,0,0,70.7,70.7,440,P0,P0,71.6,Auto,Auto,Normal,1,Cooling,0,0,69.8,56.3,440,P0,P0,71.6,Auto,Auto,Normal,2,Cooling,0,7,69.8,49.1,810,P0,P0,69.8,Auto,Auto,Normal
9/19/2026 13:50,Cooling,OFF,0,158.9,255,255,255,255,84,0,0,1,91.4,101.3,148.1,64.4,51.8,60,80.6,71.6,51.8,122,3.75,242,ON,22,22,560,559,OFF,Cooling,0,0,245,0,Cooling,0,0,70.7,70.7,440,P0,P0,71.6,Auto,Auto,Normal,1,Cooling,0,0,69.8,58.1,440,P0,P0,71.6,Auto,Auto,Normal,2,Cooling,0,7,69.8,50,810,P0,P0,69.8,Auto,Auto,Normal
9/19/2026 13:51,Cooling,OFF,0,158.9,255,255,255,255,84,0,0,1,90.5,101.3,147.2,65.3,53.6,56.3,80.6,72.5,51.8,122,3.75,239.7,ON,22,22,560,558,OFF,Cooling,0,0,241,0,Cooling,0,0,70.7,70.7,440,P0,P0,71.6,Auto,Auto,Normal,1,Cooling,0,0,69.8,60,440,P0,P0,71.6,Auto,Auto,Normal,2,Cooling,0,7,69.8,49.1,810,P0,P0,69.8,Auto,Auto,Normal
9/19/2026 13:51,Cooling,OFF,0,158.9,255,255,255,255,84,0,0,1,90.5,100.4,146.3,66.2,58.1,53.6,80.6,73.4,51.8,122,3.75,239.7,ON,22,22,560,559,OFF,Cooling,0,0,238,0,Cooling,0,0,70.7,70.7,440,P0,P0,71.6,Auto,Auto,Normal,1,Cooling,0,0,69.8,63.5,440,P0,P0,71.6,Auto,Auto,Normal,2,Cooling,0,7,69.8,49.1,810,P0,P0,69.8,Auto,Auto,Normal
9/19/2026 13:52,Cooling,OFF,0,159.8,255,255,255,255,84,0,0,1,90.5,101.3,146.3,66.2,59.9,51.8,81.5,74.3,51.8,122,3.75,242,ON,22,22,560,558,OFF,Cooling,0,0,236,0,Cooling,0,0,70.7,70.7,440,P0,P0,71.6,Auto,Auto,Normal,1,Cooling,0,0,69.8,64.4,440,P0,P0,71.6,Auto,Auto,Normal,2,Cooling,0,7,69.8,49.1,810,P0,P0,69.8,Auto,Auto,Normal
9/19/2026 13:52,Cooling,OFF,0,159.8,255,255,255,255,84,0,0,1,90.5,102.2,146.3,66.2,60,47.3,81.5,74.3,51.8,123.8,3.75,242.1,ON,22,22,560,558,OFF,Cooling,0,0,234,0,Cooling,0,0,70.7,70.7,440,P0,P0,71.6,Auto,Auto,Normal,1,Cooling,0,0,69.8,67.1,440,P0,P0,71.6,Auto,Auto,Normal,2,Cooling,0,7,69.8,49.1,810,P0,P0,69.8,Auto,Auto,Normal
9/19/2026 13:53,Cooling,OFF,0,160.7,255,255,255,255,84,0,0,1,90.5,102.2,146.3,66.2,61.7,47.3,81.5,74.3,51.8,123.8,3.75,242,ON,22,22,560,559,OFF,Cooling,0,0,232,0,Cooling,0,0,70.7,70.7,440,P0,P0,71.6,Auto,Auto,Normal,1,Cooling,0,0,69.8,67.1,440,P0,P0,71.6,Auto,Auto,Normal,2,Cooling,0,7,69.8,49.1,810,P0,P0,69.8,Auto,Auto,Normal
9/19/2026 13:53,Cooling,OFF,0,162.5,255,255,255,255,84,0,0,1,90.5,102.2,145.4,67.1,62.6,49.1,58.1,75.2,52.7,123.8,5.5,240.3,ON,34,34,760,759,OFF,Cooling,256,0,256,0,Cooling,0,2,70.7,62.6,770,P0,P0,71.6,Auto,Auto,Normal,1,Cooling,0,0,69.8,68.9,440,P0,P0,71.6,Auto,Auto,Normal,2,Cooling,0,7,69.8,50,810,P0,P0,69.8,Auto,Auto,Normal
9/19/2026 13:54,Cooling,OFF,0,161.6,255,255,255,255,84,0,0,1,90.5,103.1,145.4,50.9,55.4,49.1,57.2,75.2,53.6,123.8,5.5,240.3,ON,34,34,760,759,OFF,Cooling,255,0,255,0,Cooling,0,2,70.7,50.9,770,P0,P0,71.6,Auto,Auto,Normal,1,Cooling,0,0,69.8,68.9,440,P0,P0,71.6,Auto,Auto,Normal,2,Cooling,0,7,69.8,50,810,P0,P0,69.8,Auto,Auto,Normal
9/19/2026 13:54,Cooling,OFF,0,162.5,255,255,255,255,84,0,0,1,90.5,103.1,145.4,48.2,51.8,48.2,55.4,75.2,51.8,123.8,5.5,242.6,ON,34,34,760,759,OFF,Cooling,252,0,252,0,Cooling,0,2,70.7,50,770,P0,P0,71.6,Auto,Auto,Normal,1,Cooling,0,0,70.7,69.8,440,P0,P0,71.6,Auto,Auto,Normal,2,Cooling,0,7,69.8,50,810,P0,P0,69.8,Auto,Auto,Normal
9/19/2026 13:55,Cooling,OFF,0,163.4,255,255,255,255,84,0,0,1,90.5,103.1,144.5,47.3,50.9,51.8,53.6,74.3,50.9,123.8,5.5,242.6,ON,33,33,760,758,OFF,Cooling,250,0,250,0,Cooling,0,2,69.8,48.2,770,P0,P0,71.6,Auto,Auto,Normal,1,Cooling,0,0,70.7,69.8,440,P0,P0,71.6,Auto,Auto,Normal,2,Cooling,0,5,68.9,53.6,810,P0,P0,69.8,Auto,Auto,Normal
9/19/2026 13:55,Cooling,OFF,0,166.1,255,255,255,255,84,0,0,1,90.5,103.1,144.5,45.5,50.9,55.4,52.7,74.3,50,123.8,5.5,242.6,ON,33,33,760,759,OFF,Cooling,243,0,245,0,Cooling,0,0,69.8,47.3,770,P0,P0,71.6,Auto,Auto,Normal,1,Cooling,0,0,70.7,69.8,440,P0,P0,71.6,Auto,Auto,Normal,2,Cooling,0,5,68.9,57.2,810,P0,P0,69.8,Auto,Auto,Normal
9/19/2026 13:56,Cooling,OFF,0,166.1,255,255,255,255,84,0,0,1,91.4,101.3,143.6,48.2,50.9,58.1,55.4,74.3,52.7,122,2.25,241.5,ON,10,10,560,559,OFF,Cooling,0,0,213,0,Cooling,0,0,69.8,49.1,440,P0,P0,71.6,Auto,Auto,Normal,1,Cooling,0,0,70.7,69.8,440,P0,P0,71.6,Auto,Auto,Normal,2,Cooling,0,5,69.8,58.1,810,P0,P0,69.8,Auto,Auto,Normal
9/19/2026 13:56,Cooling,OFF,0,144.5,255,255,255,255,84,0,0,1,91.4,98.6,141.8,53.6,55.4,60,62.6,74.3,55.4,122,2.25,241.5,ON,10,10,560,558,OFF,Cooling,0,0,209,0,Cooling,0,0,69.8,53.6,440,P0,P0,71.6,Auto,Auto,Normal,1,Cooling,0,0,70.7,69.8,440,P0,P0,71.6,Auto,Auto,Normal,2,Cooling,0,5,69.8,56.3,810,P0,P0,69.8,Auto,Auto,Normal
9/19/2026 13:57,Cooling,OFF,0,141.8,255,255,255,255,84,0,0,1,91.4,96.8,140.9,55.4,57.2,64.4,66.2,74.3,56.3,121.1,2.25,241.5,ON,10,10,560,559,OFF,Cooling,0,0,209,0,Cooling,0,0,68.9,56.3,440,P0,P0,71.6,Auto,Auto,Normal,1,Cooling,0,0,70.7,69.8,440,P0,P0,71.6,Auto,Auto,Normal,2,Cooling,0,5,69.8,55.4,810,P0,P0,69.8,Auto,Auto,Normal
9/19/2026 13:57,Cooling,OFF,0,140,255,255,255,255,84,0,0,1,91.4,95.9,140,57.2,59,65.3,68,74.3,56.3,121.1,2.25,241.5,ON,10,10,560,558,OFF,Cooling,0,0,205,0,Cooling,0,0,68.9,57.2,440,P0,P0,71.6,Auto,Auto,Normal,1,Cooling,0,0,70.7,69.8,440,P0,P0,71.6,Auto,Auto,Normal,2,Cooling,0,5,69.8,56.3,810,P0,P0,69.8,Auto,Auto,Normal
9/19/2026 13:58,Cooling,OFF,0,139.1,255,255,255,255,84,0,0,1,91.4,96.8,139.1,59,59,61.7,69.8,74.3,57.2,121.1,2.25,241.5,ON,10,10,560,559,OFF,Cooling,0,0,204,0,Cooling,0,0,68.9,58.1,440,P0,P0,71.6,Auto,Auto,Normal,1,Cooling,0,0,70.7,70.7,440,P0,P0,71.6,Auto,Auto,Normal,2,Cooling,0,5,69.8,56.3,810,P0,P0,69.8,Auto,Auto,Normal
9/19/2026 13:58,Cooling,OFF,0,140.9,255,255,255,255,84,0,0,1,91.4,95.9,138.2,59,60,55.4,71.6,74.3,57.2,121.1,2,239.2,ON,10,10,560,558,OFF,Cooling,0,0,201,0,Cooling,0,0,68.9,59.9,440,P0,P0,71.6,Auto,Auto,Normal,1,Cooling,0,0,70.7,70.7,440,P0,P0,71.6,Auto,Auto,Normal,2,Cooling,0,5,69.8,56.3,810,P0,P0,69.8,Auto,Auto,Normal
9/19/2026 13:59,Cooling,OFF,0,139.1,255,255,255,255,84,0,0,1,91.4,96.8,136.4,59.9,60,55.4,72.5,74.3,57.2,120.2,2.25,239.2,ON,10,10,560,558,OFF,Cooling,0,0,199,0,Cooling,0,0,69.8,62.6,440,P0,P0,71.6,Auto,Auto,Normal,1,Cooling,0,0,70.7,70.7,440,P0,P0,71.6,Auto,Auto,Normal,2,Cooling,0,5,69.8,56.3,810,P0,P0,69.8,Auto,Auto,Normal
9/19/2026 13:59,Cooling,OFF,0,138.2,255,255,255,255,84,0,0,1,91.4,96.8,135.5,60,62.6,55.4,73.4,60,57.2,120.2,2.75,241.7,ON,16,16,560,558,OFF,Cooling,0,205,205,0,Cooling,0,0,69.8,63.5,440,P0,P0,71.6,Auto,Auto,Normal,1,Cooling,0,2,70.7,70.7,770,P0,P0,71.6,Auto,Auto,Normal,2,Cooling,0,5,69.8,57.2,810,P0,P0,69.8,Auto,Auto,Normal
9/19/2026 14:00,Cooling,OFF,0,144.5,255,255,255,255,84,0,0,1,92.3,99.5,132.8,64.4,66.2,57.2,74.3,60,57.2,120.2,2.75,239.4,ON,16,16,560,559,OFF,Cooling,0,200,197,0,Cooling,0,0,69.8,67.1,440,P0,P0,71.6,Auto,Auto,Normal,1,Cooling,0,2,70.7,57.2,770,P0,P0,71.6,Auto,Auto,Normal,2,Cooling,0,5,69.8,57.2,810,P0,P0,69.8,Auto,Auto,Normal
9/19/2026 14:01,Cooling,OFF,0,145.4,255,255,255,255,84,0,0,1,92.3,99.5,131.9,66.2,59,59,75.2,60,57.2,120.2,2.75,239.4,ON,15,15,560,558,OFF,Cooling,0,196,193,0,Cooling,0,0,69.8,67.1,440,P0,P0,71.6,Auto,Auto,Normal,1,Cooling,0,2,70.7,57.2,770,P0,P0,71.6,Auto,Auto,Normal,2,Cooling,0,5,69.8,61.7,810,P0,P0,69.8,Auto,Auto,Normal
9/19/2026 14:01,Cooling,OFF,0,146.3,255,255,255,255,84,0,0,1,92.3,99.5,131,66.2,56.3,59,76.1,60,57.2,120.2,2.75,241.7,ON,15,15,560,559,OFF,Cooling,0,194,191,0,Cooling,0,0,69.8,68,440,P0,P0,71.6,Auto,Auto,Normal,1,Cooling,0,2,70.7,57.2,770,P0,P0,71.6,Auto,Auto,Normal,2,Cooling,0,5,69.8,63.5,810,P0,P0,69.8,Auto,Auto,Normal
9/19/2026 14:02,Cooling,OFF,0,146.3,255,255,255,255,84,0,0,1,92.3,99.5,130.1,66.2,55.4,59.9,77,59.9,57.2,118.4,2.75,241.7,ON,15,15,560,559,OFF,Cooling,0,190,187,0,Cooling,0,0,69.8,68.9,440,P0,P0,71.6,Auto,Auto,Normal,1,Cooling,0,2,70.7,56.3,770,P0,P0,71.6,Auto,Auto,Normal,2,Cooling,0,7,69.8,66.2,810,P0,P0,69.8,Auto,Auto,Normal
9/19/2026 14:02,Cooling,OFF,0,145.4,255,255,255,255,84,0,0,1,92.3,99.5,129.2,65.3,55.4,60,77,59,56.3,118.4,2.75,237.1,ON,16,16,560,559,OFF,Cooling,0,187,184,0,Cooling,0,0,69.8,68.9,440,P0,P0,71.6,Auto,Auto,Normal,1,Cooling,0,2,70.7,56.3,770,P0,P0,71.6,Auto,Auto,Normal,2,Cooling,0,7,70.7,67.1,810,P0,P0,69.8,Auto,Auto,Normal
9/19/2026 14:03,Cooling,OFF,0,147.2,255,255,255,255,84,0,0,1,92.3,99.5,129.2,65.3,54.5,61.7,77.9,59,55.4,118.4,3,237.1,ON,16,16,560,559,OFF,Cooling,0,181,185,0,Cooling,0,0,69.8,69.8,440,P0,P0,71.6,Auto,Auto,Normal,1,Cooling,0,2,69.8,55.4,770,P0,P0,71.6,Auto,Auto,Normal,2,Cooling,0,7,70.7,67.1,810,P0,P0,69.8,Auto,Auto,Normal
9/19/2026 14:03,Cooling,OFF,0,148.1,255,255,255,255,84,0,0,1,92.3,100.4,128.3,65.3,54.5,62.6,77.9,59,55.4,118.4,3,241.7,ON,16,16,560,558,OFF,Cooling,0,178,187,0,Cooling,0,0,69.8,69.8,440,P0,P0,71.6,Auto,Auto,Normal,1,Cooling,0,2,69.8,55.4,770,P0,P0,71.6,Auto,Auto,Normal,2,Cooling,0,7,70.7,67.1,810,P0,P0,69.8,Auto,Auto,Normal
9/19/2026 14:04,Cooling,OFF,0,149,255,255,255,255,84,0,0,1,92.3,100.4,128.3,64.4,54.5,63.5,77.9,59,55.4,118.4,2.75,241.7,ON,16,16,560,558,OFF,Cooling,0,173,194,0,Cooling,0,0,69.8,69.8,440,P0,P0,71.6,Auto,Auto,Normal,1,Cooling,0,2,69.8,55.4,770,P0,P0,71.6,Auto,Auto,Normal,2,Cooling,0,7,70.7,67.1,810,P0,P0,69.8,Auto,Auto,Normal
9/19/2026 14:04,Cooling,OFF,0,149.9,255,255,255,255,84,0,0,1,92.3,99.5,128.3,64.4,54.5,64.4,78.8,59,56.3,118.4,2.75,241.7,ON,16,16,560,558,OFF,Cooling,0,170,193,0,Cooling,0,0,69.8,69.8,440,P0,P0,71.6,Auto,Auto,Normal,1,Cooling,0,2,69.8,55.4,770,P0,P0,71.6,Auto,Auto,Normal,2,Cooling,0,7,70.7,67.1,810,P0,P0,69.8,Auto,Auto,Normal
9/19/2026 14:05,Cooling,OFF,0,145.4,255,255,255,255,84,0,0,1,91.4,98.6,127.4,64.4,54.5,64.4,78.8,58.1,56.3,118.4,3.5,242,ON,22,22,560,558,OFF,Cooling,0,0,252,0,Cooling,0,0,69.8,69.8,440,P0,P0,71.6,Auto,Auto,Normal,1,Cooling,0,0,69.8,55.4,440,P0,P0,71.6,Auto,Auto,Normal,2,Cooling,0,7,70.7,67.1,810,P0,P0,69.8,Auto,Auto,Normal
9/19/2026 14:05,Cooling,OFF,0,141.8,255,255,255,255,84,0,0,1,91.4,100.4,128.3,64.4,52.7,65.3,79.7,63.5,55.4,118.4,3.75,242,ON,22,22,560,559,OFF,Cooling,0,0,252,0,Cooling,0,0,69.8,69.8,440,P0,P0,71.6,Auto,Auto,Normal,1,Cooling,0,0,69.8,51.8,440,P0,P0,71.6,Auto,Auto,Normal,2,Cooling,0,7,70.7,53.6,810,P0,P0,69.8,Auto,Auto,Normal
9/19/2026 14:06,Cooling,OFF,0,148.1,255,255,255,255,84,0,0,1,91.4,102.2,128.3,65.3,52.7,53.6,79.7,67.1,54.5,120.2,3.75,242,ON,22,22,560,558,OFF,Cooling,0,0,248,0,Cooling,0,0,69.8,69.8,440,P0,P0,71.6,Auto,Auto,Normal,1,Cooling,0,0,69.8,57.2,440,P0,P0,71.6,Auto,Auto,Normal,2,Cooling,0,7,70.7,51.8,810,P0,P0,69.8,Auto,Auto,Normal
9/19/2026 14:06,Cooling,OFF,0,158,255,255,255,255,84,0,0,1,91.4,101.3,128.3,65.3,53.6,48.2,79.7,69.8,53.6,120.2,3.75,242,ON,22,22,560,558,OFF,Cooling,0,0,245,0,Cooling,0,0,69.8,69.8,440,P0,P0,71.6,Auto,Auto,Normal,1,Cooling,0,0,69.8,59.9,440,P0,P0,71.6,Auto,Auto,Normal,2,Cooling,0,7,70.7,50,810,P0,P0,69.8,Auto,Auto,Normal
9/19/2026 14:07,Cooling,OFF,0,157.1,255,255,255,255,84,0,0,1,90.5,100.4,128.3,65.3,53.6,47.3,79.7,70.7,52.7,120.2,3.75,242,ON,22,22,560,558,OFF,Cooling,0,0,239,0,Cooling,0,0,70.7,69.8,440,P0,P0,71.6,Auto,Auto,Normal,1,Cooling,0,0,69.8,64.4,440,P0,P0,71.6,Auto,Auto,Normal,2,Cooling,0,7,70.7,50,810,P0,P0,69.8,Auto,Auto,Normal
9/19/2026 14:07,Cooling,OFF,0,157.1,255,255,255,255,84,0,0,1,90.5,101.3,129.2,65.3,53.6,47.3,79.7,71.6,52.7,120.2,3.75,242,ON,22,22,560,559,OFF,Cooling,0,0,237,0,Cooling,0,0,70.7,69.8,440,P0,P0,71.6,Auto,Auto,Normal,1,Cooling,0,0,69.8,66.2,440,P0,P0,71.6,Auto,Auto,Normal,2,Cooling,0,7,70.7,50,810,P0,P0,69.8,Auto,Auto,Normal
9/19/2026 14:08,Cooling,OFF,0,158,255,255,255,255,84,0,0,1,91.4,102.2,131,65.3,55.4,47.3,79.7,72.5,52.7,120.2,3.75,242,ON,22,22,560,558,OFF,Cooling,0,0,234,0,Cooling,0,0,70.7,69.8,440,P0,P0,71.6,Auto,Auto,Normal,1,Cooling,0,0,69.8,67.1,440,P0,P0,71.6,Auto,Auto,Normal,2,Cooling,0,7,69.8,50,810,P0,P0,69.8,Auto,Auto,Normal
9/19/2026 14:08,Cooling,OFF,0,160.7,255,255,255,255,84,0,0,1,91.4,102.2,131,65.3,59,47.3,79.7,72.5,51.8,120.2,3.75,242,ON,22,22,560,558,OFF,Cooling,0,0,231,0,Cooling,0,0,70.7,69.8,440,P0,P0,71.6,Auto,Auto,Normal,1,Cooling,0,0,69.8,68,440,P0,P0,71.6,Auto,Auto,Normal,2,Cooling,0,7,69.8,50,810,P0,P0,69.8,Auto,Auto,Normal
9/19/2026 14:09,Cooling,OFF,0,160.7,255,255,255,255,84,0,0,1,91.4,103.1,132.8,66.2,60,47.3,79.7,73.4,51.8,121.1,4,242.1,ON,22,22,560,558,OFF,Cooling,0,0,228,0,Cooling,0,0,70.7,70.7,440,P0,P0,71.6,Auto,Auto,Normal,1,Cooling,0,0,70.7,68.9,440,P0,P0,71.6,Auto,Auto,Normal,2,Cooling,0,7,69.8,50,810,P0,P0,69.8,Auto,Auto,Normal
9/19/2026 14:09,Cooling,OFF,0,163.4,255,255,255,255,84,0,0,1,91.4,103.1,132.8,66.2,61.7,47.3,79.7,73.4,51.8,121.1,4,239.8,ON,22,22,560,559,OFF,Cooling,0,0,225,0,Cooling,0,0,70.7,70.7,440,P0,P0,71.6,Auto,Auto,Normal,1,Cooling,0,0,70.7,69.8,440,P0,P0,71.6,Auto,Auto,Normal,2,Cooling,0,7,69.8,49.1,810,P0,P0,69.8,Auto,Auto,Normal
9/19/2026 14:10,Cooling,OFF,0,164.3,255,255,255,255,84,0,0,1,91.4,103.1,133.7,66.2,62.6,50.9,80.6,74.3,50.9,121.1,4,239.8,ON,22,22,560,559,OFF,Cooling,0,0,219,0,Cooling,0,0,70.7,70.7,440,P0,P0,71.6,Auto,Auto,Normal,1,Cooling,0,0,70.7,69.8,440,P0,P0,71.6,Auto,Auto,Normal,2,Cooling,0,7,69.8,48.2,810,P0,P0,69.8,Auto,Auto,Normal
9/19/2026 14:10,Cooling,OFF,0,165.2,255,255,255,255,84,0,0,1,92.3,103.1,135.5,66.2,63.5,53.6,80.6,74.3,50.9,121.1,4,239.8,ON,22,22,560,559,OFF,Cooling,0,0,219,0,Cooling,0,0,70.7,70.7,440,P0,P0,71.6,Auto,Auto,Normal,1,Cooling,0,0,70.7,69.8,440,P0,P0,71.6,Auto,Auto,Normal,2,Cooling,0,7,69.8,49.1,810,P0,P0,69.8,Auto,Auto,Normal
9/19/2026 14:11,Cooling,OFF,0,164.3,255,255,255,255,84,0,0,1,92.3,103.1,137.3,67.1,64.4,58.1,80.6,74.3,50,122,4,239.8,ON,22,22,560,558,OFF,Cooling,0,0,217,0,Cooling,0,0,70.7,70.7,440,P0,P0,71.6,Auto,Auto,Normal,1,Cooling,0,0,70.7,69.8,440,P0,P0,71.6,Auto,Auto,Normal,2,Cooling,0,7,69.8,49.1,810,P0,P0,69.8,Auto,Auto,Normal
9/19/2026 14:11,Cooling,OFF,0,164.3,255,255,255,255,84,0,0,1,92.3,103.1,139.1,68,66.2,60,80.6,75.2,50,122,4,242.1,ON,22,22,560,559,OFF,Cooling,0,0,217,0,Cooling,0,0,70.7,70.7,440,P0,P0,71.6,Auto,Auto,Normal,1,Cooling,0,0,70.7,69.8,440,P0,P0,71.6,Auto,Auto,Normal,2,Cooling,0,7,69.8,49.1,810,P0,P0,69.8,Auto,Auto,Normal
9/19/2026 14:12,Cooling,OFF,0,164.3,255,255,255,255,84,0,0,1,92.3,104,140.9,68,67.1,62.6,80.6,75.2,50.9,122,4,242.1,ON,22,35,560,559,OFF,Cooling,77,0,217,0,Cooling,0,2,70.7,70.7,770,P0,P0,71.6,Auto,Auto,Normal,1,Cooling,0,0,70.7,69.8,440,P0,P0,71.6,Auto,Auto,Normal,2,Cooling,0,7,69.8,49.1,810,P0,P0,69.8,Auto,Auto,Normal
9/19/2026 14:12,Cooling,OFF,0,166.1,255,255,255,255,84,0,0,1,92.3,104.9,144.5,59.9,66.2,64.4,59,75.2,55.4,123.8,5.75,240.4,ON,35,35,760,759,OFF,Cooling,259,0,259,0,Cooling,0,2,70.7,53.6,770,P0,P0,71.6,Auto,Auto,Normal,1,Cooling,0,0,70.7,69.8,440,P0,P0,71.6,Auto,Auto,Normal,2,Cooling,0,7,69.8,51.8,810,P0,P0,69.8,Auto,Auto,Normal
9/19/2026 14:13,Cooling,OFF,0,165.2,255,255,255,255,84,0,0,1,92.3,104.9,146.3,50,54.5,50,57.2,75.2,53.6,123.8,6,240.4,ON,35,35,760,759,OFF,Cooling,263,0,263,0,Cooling,0,2,70.7,50.9,770,P0,P0,71.6,Auto,Auto,Normal,1,Cooling,0,0,70.7,69.8,440,P0,P0,71.6,Auto,Auto,Normal,2,Cooling,0,7,69.8,50.9,810,P0,P0,69.8,Auto,Auto,Normal
9/19/2026 14:13,Cooling,OFF,0,165.2,255,255,255,255,84,0,0,1,92.3,105.8,148.1,48.2,53.6,48.2,55.4,57.2,51.8,124.7,7,240.8,ON,41,41,760,758,OFF,Cooling,236,236,236,0,Cooling,0,2,70.7,50,770,P0,P0,71.6,Auto,Auto,Normal,1,Cooling,0,4,70.7,70.7,770,P0,P0,71.6,Auto,Auto,Normal,2,Cooling,0,7,69.8,50,810,P0,P0,69.8,Auto,Auto,Normal
9/19/2026 14:14,Cooling,OFF,0,170.6,255,255,255,255,84,0,0,1,92.3,106.7,149.9,48.2,59.9,51.8,53.6,58.1,51.8,125.6,7,240.8,ON,41,41,760,758,OFF,Cooling,235,238,236,0,Cooling,0,2,69.8,50,770,P0,P0,71.6,Auto,Auto,Normal,1,Cooling,0,4,70.7,54.5,770,P0,P0,71.6,Auto,Auto,Normal,2,Cooling,0,7,69.8,56.3,810,P0,P0,69.8,Auto,Auto,Normal
9/19/2026 14:14,Cooling,OFF,0,171.5,255,255,255,255,84,0,0,1,92.3,106.7,149.9,47.3,61.7,55.4,53.6,59.9,51.8,125.6,6,240.5,ON,35,35,760,759,OFF,Cooling,0,259,259,0,Cooling,0,0,69.8,49.1,440,P0,P0,71.6,Auto,Auto,Normal,1,Cooling,0,4,70.7,50,770,P0,P0,71.6,Auto,Auto,Normal,2,Cooling,0,7,69.8,59,810,P0,P0,69.8,Auto,Auto,Normal
9/19/2026 14:15,Cooling,OFF,0,171.5,255,255,255,255,84,0,0,1,93.2,105.8,149.9,49.1,50.9,59,62.6,60,50.9,125.6,6,240.4,ON,35,35,760,759,OFF,Cooling,0,257,257,0,Cooling,0,0,69.8,50,440,P0,P0,71.6,Auto,Auto,Normal,1,Cooling,0,4,70.7,50,770,P0,P0,71.6,Auto,Auto,Normal,2,Cooling,0,7,69.8,59,810,P0,P0,69.8,Auto,Auto,Normal
9/19/2026 14:15,Cooling,OFF,0,167.9,255,255,255,255,84,0,0,1,93.2,105.8,149.9,49.1,45.5,60,67.1,59.9,49.1,125.6,6,240.5,ON,35,35,760,759,OFF,Cooling,0,253,255,0,Cooling,0,0,69.8,53.6,440,P0,P0,71.6,Auto,Auto,Normal,1,Cooling,0,2,70.7,49.1,770,P0,P0,71.6,Auto,Auto,Normal,2,Cooling,0,7,69.8,59.9,810,P0,P0,69.8,Auto,Auto,Normal
9/19/2026 14:16,Cooling,OFF,0,168.8,255,255,255,255,84,0,0,1,93.2,105.8,149.9,49.1,44.6,61.7,69.8,59,49.1,125.6,6,240.4,ON,35,35,760,759,OFF,Cooling,0,249,256,0,Cooling,0,0,69.8,57.2,440,P0,P0,71.6,Auto,Auto,Normal,1,Cooling,0,2,69.8,49.1,770,P0,P0,71.6,Auto,Auto,Normal,2,Cooling,0,7,69.8,60,810,P0,P0,69.8,Auto,Auto,Normal
9/19/2026 14:16,Cooling,OFF,0,169.7,255,255,255,255,84,0,0,1,93.2,104.9,149.9,50,44.6,62.6,71.6,59,49.1,125.6,6,240.4,ON,35,35,760,759,OFF,Cooling,0,243,255,0,Cooling,0,0,69.8,58.1,440,P0,P0,71.6,Auto,Auto,Normal,1,Cooling,0,2,69.8,48.2,770,P0,P0,71.6,Auto,Auto,Normal,2,Cooling,0,7,69.8,62.6,810,P0,P0,69.8,Auto,Auto,Normal
9/19/2026 14:17,Cooling,OFF,0,169.7,255,255,255,255,84,0,0,1,93.2,104.9,149.9,50.9,45.5,62.6,72.5,57.2,51.8,125.6,4,239.8,ON,22,22,560,558,OFF,Cooling,0,0,253,0,Cooling,0,0,69.8,60,440,P0,P0,71.6,Auto,Auto,Normal,1,Cooling,0,0,69.8,47.3,440,P0,P0,71.6,Auto,Auto,Normal,2,Cooling,0,7,69.8,61.7,810,P0,P0,69.8,Auto,Auto,Normal
9/19/2026 14:17,Cooling,OFF,0,156.2,255,255,255,255,84,0,0,1,93.2,103.1,149,53.6,49.1,64.4,74.3,65.3,52.7,124.7,4,239.8,ON,22,22,560,558,OFF,Cooling,0,0,253,0,Cooling,0,0,69.8,62.6,440,P0,P0,71.6,Auto,Auto,Normal,1,Cooling,0,0,69.8,52.7,440,P0,P0,71.6,Auto,Auto,Normal,2,Cooling,0,7,69.8,50,810,P0,P0,69.8,Auto,Auto,Normal
9/19/2026 14:18,Cooling,OFF,0,161.6,255,255,255,255,84,0,0,1,92.3,102.2,148.1,57.2,50.9,65.3,75.2,68,52.7,124.7,3.75,239.7,ON,22,22,560,559,OFF,Cooling,0,0,247,0,Cooling,0,0,69.8,64.4,440,P0,P0,71.6,Auto,Auto,Normal,1,Cooling,0,0,69.8,55.4,440,P0,P0,71.6,Auto,Auto,Normal,2,Cooling,0,7,69.8,50,810,P0,P0,69.8,Auto,Auto,Normal
9/19/2026 14:18,Cooling,OFF,0,160.7,255,255,255,255,84,0,0,1,92.3,102.2,147.2,59.9,51.8,60,76.1,69.8,52.7,124.7,3.75,239.8,ON,22,22,560,559,OFF,Cooling,0,0,244,0,Cooling,0,0,69.8,67.1,440,P0,P0,71.6,Auto,Auto,Normal,1,Cooling,0,0,69.8,58.1,440,P0,P0,71.6,Auto,Auto,Normal,2,Cooling,0,7,69.8,50,810,P0,P0,69.8,Auto,Auto,Normal
9/19/2026 14:19,Cooling,OFF,0,160.7,255,255,255,255,84,0,0,1,92.3,102.2,146.3,61.7,53.6,53.6,77,71.6,52.7,124.7,4,239.8,ON,22,22,560,558,OFF,Cooling,0,0,242,0,Cooling,0,0,69.8,67.1,440,P0,P0,71.6,Auto,Auto,Normal,1,Cooling,0,0,69.8,59.9,440,P0,P0,71.6,Auto,Auto,Normal,2,Cooling,0,7,69.8,50,810,P0,P0,69.8,Auto,Auto,Normal
9/19/2026 14:19,Cooling,OFF,0,160.7,255,255,255,255,84,0,0,1,92.3,102.2,146.3,62.6,57.2,47.3,77,72.5,52.7,124.7,3.75,242.1,ON,22,22,560,559,OFF,Cooling,0,0,239,0,Cooling,0,0,69.8,68,440,P0,P0,71.6,Auto,Auto,Normal,1,Cooling,0,0,69.8,61.7,440,P0,P0,71.6,Auto,Auto,Normal,2,Cooling,0,7,69.8,50,810,P0,P0,69.8,Auto,Auto,Normal
9/19/2026 14:20,Cooling,OFF,0,161.6,255,255,255,255,84,0,0,1,92.3,103.1,146.3,63.5,59,47.3,77.9,73.4,52.7,125.6,4,239.8,ON,22,22,560,559,OFF,Cooling,0,0,236,0,Cooling,0,0,69.8,68.9,440,P0,P0,71.6,Auto,Auto,Normal,1,Cooling,0,0,69.8,63.5,440,P0,P0,71.6,Auto,Auto,Normal,2,Cooling,0,7,69.8,50,810,P0,P0,69.8,Auto,Auto,Normal
9/19/2026 14:20,Cooling,OFF,0,162.5,255,255,255,255,84,0,0,1,92.3,103.1,146.3,64.4,59.9,47.3,78.8,74.3,51.8,125.6,4,239.8,ON,22,22,560,559,OFF,Cooling,0,0,234,0,Cooling,0,0,69.8,68.9,440,P0,P0,71.6,Auto,Auto,Normal,1,Cooling,0,0,69.8,64.4,440,P0,P0,71.6,Auto,Auto,Normal,2,Cooling,0,7,69.8,50,810,P0,P0,69.8,Auto,Auto,Normal
9/19/2026 14:21,Cooling,OFF,0,162.5,255,255,255,255,84,0,0,1,92.3,103.1,146.3,64.4,60,47.3,79.7,74.3,51.8,125.6,4,242.1,ON,22,22,560,559,OFF,Cooling,0,0,231,0,Cooling,0,0,69.8,69.8,440,P0,P0,71.6,Auto,Auto,Normal,1,Cooling,0,0,69.8,67.1,440,P0,P0,71.6,Auto,Auto,Normal,2,Cooling,0,7,69.8,50,810,P0,P0,69.8,Auto,Auto,Normal
9/19/2026 14:21,Cooling,OFF,0,163.4,255,255,255,255,84,0,0,1,92.3,104,146.3,65.3,61.7,47.3,79.7,74.3,51.8,125.6,4,242.1,ON,22,22,560,558,OFF,Cooling,0,0,230,0,Cooling,0,0,69.8,69.8,440,P0,P0,71.6,Auto,Auto,Normal,1,Cooling,0,0,69.8,67.1,440,P0,P0,71.6,Auto,Auto,Normal,2,Cooling,0,7,69.8,50,810,P0,P0,69.8,Auto,Auto,Normal
9/19/2026 14:22,Cooling,OFF,0,164.3,255,255,255,255,84,0,0,1,93.2,104.9,146.3,66.2,62.6,47.3,79.7,75.2,51.8,125.6,4,242.1,ON,22,22,560,559,OFF,Cooling,0,0,226,0,Cooling,0,0,69.8,69.8,440,P0,P0,71.6,Auto,Auto,Normal,1,Cooling,0,0,69.8,68.9,440,P0,P0,71.6,Auto,Auto,Normal,2,Cooling,0,7,69.8,49.1,810,P0,P0,69.8,Auto,Auto,Normal
9/19/2026 14:22,Cooling,OFF,0,165.2,255,255,255,255,84,0,0,1,93.2,104.9,146.3,66.2,62.6,49.1,79.7,76.1,51.8,125.6,4,242.1,ON,22,22,560,559,OFF,Cooling,0,0,223,0,Cooling,0,0,69.8,69.8,440,P0,P0,71.6,Auto,Auto,Normal,1,Cooling,0,0,69.8,68.9,440,P0,P0,71.6,Auto,Auto,Normal,2,Cooling,0,7,69.8,49.1,810,P0,P0,69.8,Auto,Auto,Normal
9/19/2026 14:23,Cooling,OFF,0,167.9,255,255,255,255,84,0,0,1,93.2,104.9,146.3,66.2,63.5,51.8,79.7,76.1,51.8,125.6,4,242.1,ON,22,22,560,558,OFF,Cooling,0,0,221,0,Cooling,0,0,69.8,69.8,440,P0,P0,71.6,Auto,Auto,Normal,1,Cooling,0,0,69.8,69.8,440,P0,P0,71.6,Auto,Auto,Normal,2,Cooling,0,7,69.8,49.1,810,P0,P0,69.8,Auto,Auto,Normal
9/19/2026 14:23,Cooling,OFF,0,167.9,255,255,255,255,84,0,0,1,93.2,104.9,146.3,67.1,64.4,53.6,80.6,76.1,50.9,125.6,4,242.1,ON,22,22,560,558,OFF,Cooling,0,0,218,0,Cooling,0,0,70.7,69.8,440,P0,P0,71.6,Auto,Auto,Normal,1,Cooling,0,0,69.8,69.8,440,P0,P0,71.6,Auto,Auto,Normal,2,Cooling,0,7,69.8,48.2,810,P0,P0,69.8,Auto,Auto,Normal
9/19/2026 14:24,Cooling,OFF,0,167.9,255,255,255,255,84,0,0,1,93.2,104,146.3,68,65.3,56.3,80.6,77,50.9,126.5,4,242.1,ON,22,22,560,559,OFF,Cooling,0,0,214,0,Cooling,0,0,70.7,69.8,440,P0,P0,71.6,Auto,Auto,Normal,1,Cooling,0,0,70.7,69.8,440,P0,P0,71.6,Auto,Auto,Normal,2,Cooling,0,7,69.8,48.2,810,P0,P0,69.8,Auto,Auto,Normal
9/19/2026 14:24,Cooling,OFF,0,167.9,255,255,255,255,84,0,0,1,93.2,104.9,146.3,68,66.2,59,80.6,77,50.9,126.5,4,242.1,ON,22,22,560,558,OFF,Cooling,0,0,212,0,Cooling,0,0,70.7,69.8,440,P0,P0,71.6,Auto,Auto,Normal,1,Cooling,0,0,70.7,69.8,440,P0,P0,71.6,Auto,Auto,Normal,2,Cooling,0,7,69.8,48.2,810,P0,P0,69.8,Auto,Auto,Normal
9/19/2026 14:25,Cooling,OFF,0,168.8,255,255,255,255,84,0,0,1,93.2,104,147.2,68.9,67.1,60,81.5,77,50,126.5,4,242.1,ON,22,22,560,558,OFF,Cooling,0,0,210,0,Cooling,0,0,70.7,70.7,440,P0,P0,71.6,Auto,Auto,Normal,1,Cooling,0,0,70.7,69.8,440,P0,P0,71.6,Auto,Auto,Normal,2,Cooling,0,7,69.8,49.1,810,P0,P0,69.8,Auto,Auto,Normal
9/19/2026 14:25,Cooling,OFF,0,167.9,255,255,255,255,84,0,0,1,93.2,104.9,148.1,69.8,68,62.6,81.5,77,49.1,126.5,4,242.1,ON,22,22,560,559,OFF,Cooling,0,0,210,0,Cooling,0,0,70.7,70.7,440,P0,P0,71.6,Auto,Auto,Normal,1,Cooling,0,0,70.7,69.8,440,P0,P0,71.6,Auto,Auto,Normal,2,Cooling,0,7,69.8,49.1,810,P0,P0,69.8,Auto,Auto,Normal
9/19/2026 14:26,Cooling,OFF,0,167,255,255,255,255,84,0,0,1,93.2,104.9,149.9,69.8,68.9,64.4,81.5,77,49.1,126.5,4,242.1,ON,22,22,560,559,OFF,Cooling,0,0,208,0,Cooling,0,0,70.7,70.7,440,P0,P0,71.6,Auto,Auto,Normal,1,Cooling,0,0,70.7,69.8,440,P0,P0,71.6,Auto,Auto,Normal,2,Cooling,0,7,69.8,52.7,810,P0,P0,69.8,Auto,Auto,Normal
9/19/2026 14:26,Cooling,OFF,0,164.3,255,255,255,255,84,0,0,1,93.2,104.9,150.8,70.7,69.8,66.2,81.5,77,49.1,126.5,4,242.1,ON,22,22,560,558,OFF,Cooling,0,0,208,0,Cooling,0,0,70.7,70.7,440,P0,P0,71.6,Auto,Auto,Normal,1,Cooling,0,0,70.7,69.8,440,P0,P0,71.6,Auto,Auto,Normal,2,Cooling,0,7,69.8,53.6,810,P0,P0,69.8,Auto,Auto,Normal
9/19/2026 14:27,Cooling,OFF,0,160.7,255,255,255,255,84,0,0,1,93.2,104,152.6,71.6,69.8,67.1,81.5,77,49.1,126.5,4,242.1,ON,22,22,560,559,OFF,Cooling,0,0,210,0,Cooling,0,0,70.7,70.7,440,P0,P0,71.6,Auto,Auto,Normal,1,Cooling,0,0,70.7,69.8,440,P0,P0,71.6,Auto,Auto,Normal,2,Cooling,0,7,69.8,54.5,810,P0,P0,69.8,Auto,Auto,Normal
9/19/2026 14:27,Cooling,OFF,0,159.8,255,255,255,255,84,0,0,1,93.2,104.9,154.4,72.5,70.7,68,82.4,77.9,49.1,126.5,4,242.1,ON,22,22,560,558,OFF,Cooling,0,0,211,0,Cooling,0,0,70.7,70.7,440,P0,P0,71.6,Auto,Auto,Normal,1,Cooling,0,0,70.7,70.7,440,P0,P0,71.6,Auto,Auto,Normal,2,Cooling,0,7,69.8,52.7,810,P0,P0,69.8,Auto,Auto,Normal
9/19/2026 14:28,Cooling,OFF,0,159.8,255,255,255,255,84,0,0,1,93.2,104.9,157.1,72.5,69.8,68,82.4,63.5,53.6,128.3,6,242.7,ON,35,35,760,759,OFF,Cooling,0,258,258,0,Cooling,0,0,70.7,70.7,440,P0,P0,71.6,Auto,Auto,Normal,1,Cooling,0,2,70.7,62.6,770,P0,P0,71.6,Auto,Auto,Normal,2,Cooling,0,7,69.8,49.1,810,P0,P0,69.8,Auto,Auto,Normal
9/19/2026 14:28,Cooling,OFF,0,167.9,255,255,255,255,84,0,0,1,93.2,105.8,158.9,72.5,55.4,55.4,82.4,66.2,55.4,128.3,6,242.8,ON,35,35,760,759,OFF,Cooling,0,263,263,0,Cooling,0,0,70.7,70.7,440,P0,P0,71.6,Auto,Auto,Normal,1,Cooling,0,2,70.7,53.6,770,P0,P0,71.6,Auto,Auto,Normal,2,Cooling,0,7,69.8,51.8,810,P0,P0,69.8,Auto,Auto,Normal
9/19/2026 14:29,Cooling,OFF,0,167,255,255,255,255,84,0,0,1,93.2,105.8,160.7,68,49.1,49.1,82.4,64.4,53.6,129.2,6,242.8,ON,35,35,760,759,OFF,Cooling,0,265,265,0,Cooling,0,0,70.7,70.7,440,P0,P0,71.6,Auto,Auto,Normal,1,Cooling,0,2,70.7,52.7,770,P0,P0,71.6,Auto,Auto,Normal,2,Cooling,0,7,69.8,50,810,P0,P0,69.8,Auto,Auto,Normal
9/19/2026 14:29,Cooling,OFF,0,167.9,255,255,255,255,84,0,0,1,93.2,105.8,161.6,66.2,49.1,50.9,57.2,60,51.8,129.2,7,243.1,ON,41,41,760,759,OFF,Cooling,236,236,236,0,Cooling,0,2,70.7,58.1,770,P0,P0,71.6,Auto,Auto,Normal,1,Cooling,0,2,70.7,51.8,770,P0,P0,71.6,Auto,Auto,Normal,2,Cooling,0,7,69.8,51.8,810,P0,P0,69.8,Auto,Auto,Normal
9/19/2026 14:30,Cooling,OFF,0,172.4,255,255,255,255,84,0,0,1,93.2,108.5,161.6,50.9,49.1,54.5,55.4,59,51.8,130.1,7,243.1,ON,41,41,760,759,OFF,Cooling,236,236,236,0,Cooling,0,2,70.7,50,770,P0,P0,71.6,Auto,Auto,Normal,1,Cooling,0,2,69.8,50.9,770,P0,P0,71.6,Auto,Auto,Normal,2,Cooling,0,7,69.8,58.1,810,P0,P0,69.8,Auto,Auto,Normal
9/19/2026 14:30,Cooling,OFF,0,175.1,255,255,255,255,84,0,0,1,93.2,108.5,160.7,48.2,48.2,57.2,53.6,58.1,50.9,130.1,7,243.1,ON,41,41,760,759,OFF,Cooling,235,235,235,0,Cooling,0,2,70.7,50,770,P0,P0,71.6,Auto,Auto,Normal,1,Cooling,0,2,69.8,50,770,P0,P0,71.6,Auto,Auto,Normal,2,Cooling,0,7,69.8,59.9,810,P0,P0,69.8,Auto,Auto,Normal
9/19/2026 14:31,Cooling,OFF,0,176.9,255,255,255,255,84,0,0,1,93.2,108.5,159.8,47.3,47.3,59,53.6,57.2,50.9,130.1,7,243.1,ON,41,41,760,759,OFF,Cooling,233,232,235,0,Cooling,0,2,69.8,49.1,770,P0,P0,71.6,Auto,Auto,Normal,1,Cooling,0,0,69.8,49.1,770,P0,P0,71.6,Auto,Auto,Normal,2,Cooling,0,7,69.8,60,810,P0,P0,69.8,Auto,Auto,Normal
9/19/2026 14:31,Cooling,OFF,0,176.9,255,255,255,255,84,0,0,1,93.2,106.7,158.9,47.3,47.3,60,51.8,59,51.8,130.1,4,244.5,ON,22,22,560,559,OFF,Cooling,0,0,253,0,Cooling,0,0,69.8,49.1,440,P0,P0,71.6,Auto,Auto,Normal,1,Cooling,0,0,69.8,49.1,440,P0,P0,71.6,Auto,Auto,Normal,2,Cooling,0,7,69.8,60,810,P0,P0,69.8,Auto,Auto,Normal
9/19/2026 14:32,Cooling,OFF,0,162.5,255,255,255,255,84,0,0,1,93.2,104.9,157.1,49.1,49.1,63.5,61.7,65.3,52.7,129.2,4,244.4,ON,22,22,560,558,OFF,Cooling,0,0,251,0,Cooling,0,0,69.8,50.9,440,P0,P0,71.6,Auto,Auto,Normal,1,Cooling,0,0,69.8,53.6,440,P0,P0,71.6,Auto,Auto,Normal,2,Cooling,0,7,69.8,50,810,P0,P0,69.8,Auto,Auto,Normal
9/19/2026 14:32,Cooling,OFF,0,164.3,255,255,255,255,84,0,0,1,93.2,104,156.2,50.9,50.9,64.4,52.7,51.8,53.6,129.2,3.75,242.1,ON,22,22,560,558,OFF,Cooling,0,0,246,0,Cooling,0,0,69.8,55.4,440,P0,P0,71.6,Auto,Auto,Normal,1,Cooling,0,0,69.8,59.9,440,P0,P0,71.6,Auto,Auto,Normal,2,Cooling,0,7,69.8,50,810,P0,P0,69.8,Auto,Auto,Normal
9/19/2026 14:33,Cooling,OFF,0,163.4,255,255,255,255,84,0,0,1,93.2,103.1,155.3,51.8,51.8,62.6,62.6,61.7,51.8,128.3,3.75,244.3,ON,21,21,560,558,OFF,Cooling,0,0,243,0,Cooling,0,0,69.8,57.2,440,P0,P0,71.6,Auto,Auto,Normal,1,Cooling,0,0,69.8,61.7,440,P0,P0,71.6,Auto,Auto,Normal,2,Cooling,0,5,69.8,50,810,P0,P0,69.8,Auto,Auto,Normal
9/19/2026 14:33,Cooling,OFF,0,162.5,255,255,255,255,84,0,0,1,92.3,102.2,153.5,51.8,53.6,59,66.2,65.3,51.8,128.3,3.75,244.3,ON,21,21,560,558,OFF,Cooling,0,0,238,0,Cooling,0,0,69.8,57.2,440,P0,P0,71.6,Auto,Auto,Normal,1,Cooling,0,0,69.8,64.4,440,P0,P0,71.6,Auto,Auto,Normal,2,Cooling,0,5,69.8,50,810,P0,P0,69.8,Auto,Auto,Normal
9/19/2026 14:34,Cooling,OFF,0,160.7,255,255,255,255,84,0,0,1,93.2,102.2,153.5,53.6,55.4,55.4,68.9,67.1,51.8,128.3,3.75,244.3,ON,21,21,560,559,OFF,Cooling,0,0,238,0,Cooling,0,0,69.8,59.9,440,P0,P0,71.6,Auto,Auto,Normal,1,Cooling,0,0,69.8,66.2,440,P0,P0,71.6,Auto,Auto,Normal,2,Cooling,0,5,68.9,50,810,P0,P0,69.8,Auto,Auto,Normal
9/19/2026 14:34,Cooling,OFF,0,160.7,255,255,255,255,84,0,0,1,92.3,102.2,152.6,55.4,58.1,50,70.7,68,51.8,128.3,3.75,242,ON,21,21,560,559,OFF,Cooling,0,0,234,0,Cooling,0,0,69.8,61.7,440,P0,P0,71.6,Auto,Auto,Normal,1,Cooling,0,0,69.8,67.1,440,P0,P0,71.6,Auto,Auto,Normal,2,Cooling,0,5,69.8,50,810,P0,P0,69.8,Auto,Auto,Normal
9/19/2026 14:35,Cooling,OFF,0,162.5,255,255,255,255,84,0,0,1,92.3,103.1,152.6,59,59,47.3,72.5,69.8,52.7,128.3,3.75,242,ON,20,20,560,559,OFF,Cooling,0,0,233,0,Cooling,0,0,69.8,62.6,440,P0,P0,71.6,Auto,Auto,Normal,1,Cooling,0,0,69.8,68,440,P0,P0,71.6,Auto,Auto,Normal,2,Cooling,0,5,69.8,50,810,P0,P0,69.8,Auto,Auto,Normal
9/19/2026 14:35,Cooling,OFF,0,163.4,255,255,255,255,84,0,0,1,93.2,104,151.7,60,59.9,48.2,73.4,70.7,52.7,128.3,3.75,242,ON,20,20,560,558,OFF,Cooling,0,0,229,0,Cooling,0,0,69.8,64.4,440,P0,P0,71.6,Auto,Auto,Normal,1,Cooling,0,0,69.8,68.9,440,P0,P0,71.6,Auto,Auto,Normal,2,Cooling,0,5,69.8,50,810,P0,P0,69.8,Auto,Auto,Normal
9/19/2026 14:36,Cooling,OFF,0,164.3,255,255,255,255,84,0,0,1,93.2,104,150.8,62.6,60,48.2,74.3,71.6,52.7,128.3,3.5,242,ON,20,20,560,559,OFF,Cooling,0,0,228,0,Cooling,0,0,69.8,66.2,440,P0,P0,71.6,Auto,Auto,Normal,1,Cooling,0,0,69.8,69.8,440,P0,P0,71.6,Auto,Auto,Normal,2,Cooling,0,5,69.8,50,810,P0,P0,69.8,Auto,Auto,Normal
9/19/2026 14:36,Cooling,OFF,0,163.4,255,255,255,255,84,0,0,1,93.2,103.1,149.9,63.5,60,48.2,75.2,72.5,52.7,128.3,3.5,242,ON,20,20,560,558,OFF,Cooling,0,0,222,0,Cooling,0,0,69.8,67.1,440,P0,P0,71.6,Auto,Auto,Normal,1,Cooling,0,0,69.8,69.8,440,P0,P0,71.6,Auto,Auto,Normal,2,Cooling,0,5,69.8,50,810,P0,P0,69.8,Auto,Auto,Normal
9/19/2026 14:37,Cooling,OFF,0,162.5,255,255,255,255,84,0,0,1,93.2,103.1,149.9,64.4,62.6,48.2,76.1,72.5,51.8,128.3,3.5,241.9,ON,19,19,560,558,OFF,Cooling,0,0,221,0,Cooling,0,0,69.8,68,440,P0,P0,71.6,Auto,Auto,Normal,1,Cooling,0,0,69.8,69.8,440,P0,P0,71.6,Auto,Auto,Normal,2,Cooling,0,5,69.8,50,810,P0,P0,69.8,Auto,Auto,Normal
9/19/2026 14:37,Cooling,OFF,0,162.5,255,255,255,255,84,0,0,1,93.2,103.1,149,64.4,62.6,49.1,77,73.4,52.7,128.3,3.5,241.9,ON,19,19,560,559,OFF,Cooling,0,0,217,0,Cooling,0,0,69.8,68.9,440,P0,P0,71.6,Auto,Auto,Normal,1,Cooling,0,0,69.8,69.8,440,P0,P0,71.6,Auto,Auto,Normal,2,Cooling,0,5,69.8,50,810,P0,P0,69.8,Auto,Auto,Normal
9/19/2026 14:38,Cooling,OFF,0,162.5,255,255,255,255,84,0,0,1,93.2,103.1,148.1,65.3,62.6,49.1,77,74.3,52.7,128.3,3.5,239.6,ON,19,19,560,559,OFF,Cooling,0,0,216,0,Cooling,0,0,69.8,68.9,440,P0,P0,71.6,Auto,Auto,Normal,1,Cooling,0,0,70.7,69.8,440,P0,P0,71.6,Auto,Auto,Normal,2,Cooling,0,5,69.8,50,810,P0,P0,69.8,Auto,Auto,Normal
9/19/2026 14:38,Cooling,OFF,0,162.5,255,255,255,255,84,0,0,1,93.2,103.1,148.1,66.2,63.5,49.1,77,74.3,51.8,128.3,3.5,239.6,ON,19,19,560,558,OFF,Cooling,0,0,211,0,Cooling,0,0,69.8,69.8,440,P0,P0,71.6,Auto,Auto,Normal,1,Cooling,0,0,70.7,69.8,440,P0,P0,71.6,Auto,Auto,Normal,2,Cooling,0,5,69.8,50,810,P0,P0,69.8,Auto,Auto,Normal
9/19/2026 14:39,Cooling,OFF,0,163.4,255,255,255,255,84,0,0,1,93.2,103.1,148.1,66.2,64.4,50.9,77.9,74.3,51.8,128.3,3.5,239.6,ON,18,18,560,558,OFF,Cooling,0,0,210,0,Cooling,0,0,69.8,69.8,440,P0,P0,71.6,Auto,Auto,Normal,1,Cooling,0,0,70.7,69.8,440,P0,P0,71.6,Auto,Auto,Normal,2,Cooling,0,5,69.8,50,810,P0,P0,69.8,Auto,Auto,Normal
9/19/2026 14:39,Cooling,OFF,0,162.5,255,255,255,255,84,0,0,1,93.2,103.1,147.2,67.1,64.4,51.8,78.8,75.2,52.7,128.3,3.5,239.6,ON,18,18,560,558,OFF,Cooling,0,0,205,0,Cooling,0,0,69.8,69.8,440,P0,P0,71.6,Auto,Auto,Normal,1,Cooling,0,0,70.7,69.8,440,P0,P0,71.6,Auto,Auto,Normal,2,Cooling,0,5,69.8,50,810,P0,P0,69.8,Auto,Auto,Normal
9/19/2026 14:40,Cooling,OFF,0,162.5,255,255,255,255,84,0,0,1,93.2,103.1,147.2,68,65.3,53.6,79.7,75.2,51.8,126.5,3.25,239.6,ON,18,18,560,559,OFF,Cooling,0,0,204,0,Cooling,0,0,69.8,69.8,440,P0,P0,71.6,Auto,Auto,Normal,1,Cooling,0,0,70.7,70.7,440,P0,P0,71.6,Auto,Auto,Normal,2,Cooling,0,5,69.8,50,810,P0,P0,69.8,Auto,Auto,Normal
9/19/2026 14:40,Cooling,OFF,0,162.5,255,255,255,255,84,0,0,1,93.2,103.1,147.2,68,66.2,54.5,79.7,76.1,51.8,126.5,3.5,239.6,ON,18,18,560,559,OFF,Cooling,0,0,201,0,Cooling,0,0,69.8,69.8,440,P0,P0,71.6,Auto,Auto,Normal,1,Cooling,0,0,70.7,70.7,440,P0,P0,71.6,Auto,Auto,Normal,2,Cooling,0,5,69.8,50,810,P0,P0,69.8,Auto,Auto,Normal
9/19/2026 14:41,Cooling,OFF,0,162.5,255,255,255,255,84,0,0,1,93.2,103.1,147.2,68,66.2,55.4,79.7,76.1,51.8,126.5,3.25,239.5,ON,17,17,560,558,OFF,Cooling,0,0,199,0,Cooling,0,0,69.8,69.8,440,P0,P0,71.6,Auto,Auto,Normal,1,Cooling,0,0,70.7,70.7,440,P0,P0,71.6,Auto,Auto,Normal,2,Cooling,0,5,69.8,50,810,P0,P0,69.8,Auto,Auto,Normal
9/19/2026 14:41,Cooling,OFF,0,162.5,255,255,255,255,84,0,0,1,93.2,103.1,147.2,68.9,66.2,57.2,79.7,76.1,51.8,126.5,3.25,239.5,ON,17,17,560,558,OFF,Cooling,0,0,198,0,Cooling,0,0,70.7,69.8,440,P0,P0,71.6,Auto,Auto,Normal,1,Cooling,0,0,70.7,70.7,440,P0,P0,71.6,Auto,Auto,Normal,2,Cooling,0,5,69.8,50,810,P0,P0,69.8,Auto,Auto,Normal
9/19/2026 14:42,Cooling,OFF,0,160.7,255,255,255,255,84,0,0,1,93.2,102.2,148.1,69.8,67.1,59,79.7,77,51.8,126.5,3.25,239.5,ON,17,17,560,558,OFF,Cooling,0,0,195,0,Cooling,0,0,70.7,69.8,440,P0,P0,71.6,Auto,Auto,Normal,1,Cooling,0,0,70.7,70.7,440,P0,P0,71.6,Auto,Auto,Normal,2,Cooling,0,5,69.8,50.9,810,P0,P0,69.8,Auto,Auto,Normal
9/19/2026 14:42,Cooling,OFF,0,160.7,255,255,255,255,84,0,0,1,93.2,102.2,148.1,69.8,68,60,80.6,77,51.8,126.5,3.25,239.5,ON,17,17,560,559,OFF,Cooling,0,0,195,0,Cooling,0,0,70.7,69.8,440,P0,P0,71.6,Auto,Auto,Normal,1,Cooling,0,0,70.7,70.7,440,P0,P0,71.6,Auto,Auto,Normal,2,Cooling,0,5,69.8,50.9,810,P0,P0,69.8,Auto,Auto,Normal
9/19/2026 14:43,Cooling,OFF,0,158,255,255,255,255,84,0,0,1,93.2,102.2,149,69.8,68,62.6,80.6,60,55.4,126.5,3,239.5,ON,16,16,560,559,OFF,Cooling,0,208,208,0,Cooling,0,0,70.7,70.7,440,P0,P0,71.6,Auto,Auto,Normal,1,Cooling,0,4,70.7,70.7,770,P0,P0,71.6,Auto,Auto,Normal,2,Cooling,0,5,69.8,53.6,810,P0,P0,69.8,Auto,Auto,Normal
9/19/2026 14:43,Cooling,OFF,0,155.3,255,255,255,255,84,0,0,1,93.2,101.3,149,70.7,68.9,63.5,80.6,62.6,58.1,125.6,3,239.4,ON,16,16,560,558,OFF,Cooling,0,208,208,0,Cooling,0,0,70.7,70.7,440,P0,P0,71.6,Auto,Auto,Normal,1,Cooling,0,4,70.7,57.2,770,P0,P0,71.6,Auto,Auto,Normal,2,Cooling,0,5,69.8,57.2,810,P0,P0,69.8,Auto,Auto,Normal
9/19/2026 14:44,Cooling,OFF,0,149,255,255,255,255,84,0,0,1,93.2,101.3,149,70.7,59,58.1,81.5,62.6,59,125.6,3,239.4,ON,16,16,560,558,OFF,Cooling,0,208,208,0,Cooling,0,0,70.7,70.7,440,P0,P0,71.6,Auto,Auto,Normal,1,Cooling,0,4,70.7,58.1,770,P0,P0,71.6,Auto,Auto,Normal,2,Cooling,0,5,69.8,57.2,810,P0,P0,69.8,Auto,Auto,Normal
9/19/2026 14:44,Cooling,OFF,0,149,255,255,255,255,84,0,0,1,93.2,101.3,149,69.8,57.2,57.2,81.5,62.6,58.1,125.6,3,237.1,ON,16,16,560,558,OFF,Cooling,0,208,208,0,Cooling,0,0,70.7,70.7,440,P0,P0,71.6,Auto,Auto,Normal,1,Cooling,0,4,70.7,57.2,770,P0,P0,71.6,Auto,Auto,Normal,2,Cooling,0,5,69.8,57.2,810,P0,P0,69.8,Auto,Auto,Normal
9/19/2026 14:45,Cooling,OFF,0,149,255,255,255,255,84,0,0,1,93.2,101.3,148.1,68,57.2,57.2,81.5,61.7,58.1,125.6,2.75,241.7,ON,15,15,560,558,OFF,Cooling,0,206,206,0,Cooling,0,0,70.7,70.7,440,P0,P0,71.6,Auto,Auto,Normal,1,Cooling,0,4,70.7,57.2,770,P0,P0,71.6,Auto,Auto,Normal,2,Cooling,0,5,69.8,57.2,810,P0,P0,69.8,Auto,Auto,Normal
9/19/2026 14:45,Cooling,OFF,0,149,255,255,255,255,84,0,0,1,93.2,100.4,147.2,68,57.2,57.2,82.4,61.7,58.1,124.7,2.75,241.7,ON,16,16,560,559,OFF,Cooling,0,206,206,0,Cooling,0,0,70.7,70.7,440,P0,P0,71.6,Auto,Auto,Normal,1,Cooling,0,4,70.7,57.2,770,P0,P0,71.6,Auto,Auto,Normal,2,Cooling,0,7,70.7,57.2,810,P0,P0,69.8,Auto,Auto,Normal
9/19/2026 14:46,Cooling,OFF,0,147.2,255,255,255,255,84,0,0,1,93.2,100.4,146.3,68,56.3,57.2,82.4,61.7,58.1,124.7,3,241.7,ON,16,16,560,558,OFF,Cooling,0,203,202,0,Cooling,0,0,70.7,70.7,440,P0,P0,71.6,Auto,Auto,Normal,1,Cooling,0,2,70.7,57.2,770,P0,P0,71.6,Auto,Auto,Normal,2,Cooling,0,7,69.8,57.2,810,P0,P0,69.8,Auto,Auto,Normal
9/19/2026 14:46,Cooling,OFF,0,148.1,255,255,255,255,84,0,0,1,93.2,101.3,146.3,67.1,56.3,57.2,82.4,60,57.2,124.7,3,241.7,ON,16,16,560,559,OFF,Cooling,0,202,202,0,Cooling,0,0,70.7,70.7,440,P0,P0,71.6,Auto,Auto,Normal,1,Cooling,0,2,69.8,57.2,770,P0,P0,71.6,Auto,Auto,Normal,2,Cooling,0,7,70.7,59,810,P0,P0,69.8,Auto,Auto,Normal
9/19/2026 14:47,Cooling,OFF,0,149,255,255,255,255,84,0,0,1,93.2,102.2,145.4,68,54.5,56.3,59,60,55.4,125.6,7,240.8,ON,41,41,760,759,OFF,Cooling,236,236,236,0,Cooling,0,4,70.7,69.8,770,P0,P0,71.6,Auto,Auto,Normal,1,Cooling,0,2,69.8,54.5,770,P0,P0,71.6,Auto,Auto,Normal,2,Cooling,0,7,70.7,62.6,810,P0,P0,69.8,Auto,Auto,Normal
9/19/2026 14:47,Cooling,OFF,0,161.6,255,255,255,255,84,0,0,1,93.2,105.8,146.3,53.6,50,56.3,56.3,60,52.7,128.3,7,240.8,ON,41,41,760,759,OFF,Cooling,236,236,236,0,Cooling,0,4,70.7,50.9,770,P0,P0,71.6,Auto,Auto,Normal,1,Cooling,0,2,69.8,51.8,770,P0,P0,71.6,Auto,Auto,Normal,2,Cooling,0,7,70.7,62.6,810,P0,P0,69.8,Auto,Auto,Normal
9/19/2026 14:48,Cooling,OFF,0,170.6,255,255,255,255,84,0,0,1,93.2,106.7,146.3,49.1,49.1,58.1,54.5,59,51.8,128.3,7,240.8,ON,41,41,760,758,OFF,Cooling,235,235,236,0,Cooling,0,4,70.7,50,770,P0,P0,71.6,Auto,Auto,Normal,1,Cooling,0,2,69.8,50,770,P0,P0,71.6,Auto,Auto,Normal,2,Cooling,0,7,70.7,64.4,810,P0,P0,69.8,Auto,Auto,Normal
9/19/2026 14:48,Cooling,OFF,0,172.4,255,255,255,255,84,0,0,1,93.2,108.5,147.2,47.3,47.3,59.9,53.6,57.2,50.9,129.2,7,238.5,ON,41,41,760,759,OFF,Cooling,232,232,236,0,Cooling,0,4,70.7,49.1,770,P0,P0,71.6,Auto,Auto,Normal,1,Cooling,0,0,69.8,50,770,P0,P0,71.6,Auto,Auto,Normal,2,Cooling,0,7,70.7,66.2,810,P0,P0,69.8,Auto,Auto,Normal
9/19/2026 14:49,Cooling,OFF,0,172.4,255,255,255,255,84,0,0,1,93.2,106.7,147.2,47.3,48.2,61.7,54.5,59,51.8,128.3,6,240.5,ON,35,35,760,759,OFF,Cooling,257,0,257,0,Cooling,0,2,69.8,49.1,770,P0,P0,71.6,Auto,Auto,Normal,1,Cooling,0,0,69.8,50,440,P0,P0,71.6,Auto,Auto,Normal,2,Cooling,0,7,70.7,66.2,810,P0,P0,69.8,Auto,Auto,Normal
9/19/2026 14:49,Cooling,OFF,0,171.5,255,255,255,255,84,0,0,1,93.2,105.8,147.2,46.4,48.2,62.6,51.8,64.4,51.8,128.3,4,239.8,ON,22,22,560,559,OFF,Cooling,0,0,253,0,Cooling,0,0,69.8,47.3,440,P0,P0,71.6,Auto,Auto,Normal,1,Cooling,0,0,69.8,53.6,440,P0,P0,71.6,Auto,Auto,Normal,2,Cooling,0,7,70.7,64.4,810,P0,P0,69.8,Auto,Auto,Normal
9/19/2026 14:50,Cooling,OFF,0,156.2,255,255,255,255,84,0,0,1,93.2,104,147.2,49.1,50,64.4,60,67.1,51.8,126.5,4,239.8,ON,22,22,560,559,OFF,Cooling,0,0,253,0,Cooling,0,0,69.8,50,440,P0,P0,71.6,Auto,Auto,Normal,1,Cooling,0,0,69.8,57.2,440,P0,P0,71.6,Auto,Auto,Normal,2,Cooling,0,7,70.7,50,810,P0,P0,69.8,Auto,Auto,Normal
9/19/2026 14:50,Cooling,OFF,0,165.2,255,255,255,255,84,0,0,1,93.2,104,147.2,50.9,51.8,66.2,66.2,68,51.8,126.5,4,239.8,ON,22,22,560,559,OFF,Cooling,0,0,250,0,Cooling,0,0,69.8,54.5,440,P0,P0,71.6,Auto,Auto,Normal,1,Cooling,0,0,69.8,60,440,P0,P0,71.6,Auto,Auto,Normal,2,Cooling,0,7,70.7,50,810,P0,P0,69.8,Auto,Auto,Normal
9/19/2026 14:51,Cooling,OFF,0,165.2,255,255,255,255,84,0,0,1,93.2,104,146.3,51.8,53.6,64.4,68.9,69.8,51.8,126.5,4,239.8,ON,22,22,560,559,OFF,Cooling,0,0,246,0,Cooling,0,0,69.8,57.2,440,P0,P0,71.6,Auto,Auto,Normal,1,Cooling,0,0,69.8,63.5,440,P0,P0,71.6,Auto,Auto,Normal,2,Cooling,0,7,70.7,50,810,P0,P0,69.8,Auto,Auto,Normal
9/19/2026 14:51,Cooling,OFF,0,164.3,255,255,255,255,84,0,0,1,94.1,104,146.3,53.6,56.3,61.7,70.7,70.7,52.7,126.5,4,237.5,ON,22,22,560,559,OFF,Cooling,0,0,245,0,Cooling,0,0,69.8,58.1,440,P0,P0,71.6,Auto,Auto,Normal,1,Cooling,0,0,69.8,65.3,440,P0,P0,71.6,Auto,Auto,Normal,2,Cooling,0,7,70.7,50,810,P0,P0,69.8,Auto,Auto,Normal
9/19/2026 14:52,Cooling,OFF,0,164.3,255,255,255,255,84,0,0,1,94.1,104,147.2,56.3,59,59,72.5,71.6,52.7,126.5,4,239.8,ON,22,22,560,558,OFF,Cooling,0,0,241,0,Cooling,0,0,69.8,59.9,440,P0,P0,71.6,Auto,Auto,Normal,1,Cooling,0,0,69.8,67.1,440,P0,P0,71.6,Auto,Auto,Normal,2,Cooling,0,7,70.7,50,810,P0,P0,69.8,Auto,Auto,Normal
9/19/2026 14:52,Cooling,OFF,0,164.3,255,255,255,255,84,0,0,1,94.1,104,147.2,59,60,56.3,73.4,72.5,52.7,126.5,4,237.5,ON,22,22,560,559,OFF,Cooling,0,0,240,0,Cooling,0,0,69.8,61.7,440,P0,P0,71.6,Auto,Auto,Normal,1,Cooling,0,0,70.7,68.9,440,P0,P0,71.6,Auto,Auto,Normal,2,Cooling,0,7,69.8,50,810,P0,P0,69.8,Auto,Auto,Normal
9/19/2026 14:53,Cooling,OFF,0,164.3,255,255,255,255,84,0,0,1,93.2,104,147.2,61.7,61.7,51.8,74.3,72.5,52.7,126.5,4,239.8,ON,22,22,560,558,OFF,Cooling,0,0,238,0,Cooling,0,0,69.8,62.6,440,P0,P0,71.6,Auto,Auto,Normal,1,Cooling,0,0,70.7,68.9,440,P0,P0,71.6,Auto,Auto,Normal,2,Cooling,0,7,70.7,50,810,P0,P0,69.8,Auto,Auto,Normal
9/19/2026 14:53,Cooling,OFF,0,164.3,255,255,255,255,84,0,0,1,93.2,104.9,147.2,62.6,61.7,47.3,75.2,73.4,52.7,126.5,4,239.8,ON,22,22,560,559,OFF,Cooling,0,0,235,0,Cooling,0,0,69.8,64.4,440,P0,P0,71.6,Auto,Auto,Normal,1,Cooling,0,0,70.7,69.8,440,P0,P0,71.6,Auto,Auto,Normal,2,Cooling,0,7,70.7,50,810,P0,P0,69.8,Auto,Auto,Normal
9/19/2026 14:54,Cooling,OFF,0,165.2,255,255,255,255,84,0,0,1,93.2,104.9,147.2,64.4,61.7,47.3,77,74.3,53.6,128.3,4,239.8,ON,22,22,560,559,OFF,Cooling,0,0,233,0,Cooling,0,0,69.8,66.2,440,P0,P0,71.6,Auto,Auto,Normal,1,Cooling,0,0,70.7,69.8,440,P0,P0,71.6,Auto,Auto,Normal,2,Cooling,0,7,70.7,50,810,P0,P0,69.8,Auto,Auto,Normal
9/19/2026 14:54,Cooling,OFF,0,167,255,255,255,255,84,0,0,1,94.1,104.9,147.2,64.4,62.6,47.3,77,74.3,52.7,128.3,4,239.8,ON,22,22,560,559,OFF,Cooling,0,0,229,0,Cooling,0,0,69.8,67.1,440,P0,P0,71.6,Auto,Auto,Normal,1,Cooling,0,0,70.7,69.8,440,P0,P0,71.6,Auto,Auto,Normal,2,Cooling,0,7,69.8,50,810,P0,P0,69.8,Auto,Auto,Normal
9/19/2026 14:55,Cooling,OFF,0,167,255,255,255,255,84,0,0,1,94.1,104,147.2,65.3,62.6,47.3,77.9,74.3,51.8,128.3,4,239.8,ON,22,22,560,559,OFF,Cooling,0,0,227,0,Cooling,0,0,69.8,68,440,P0,P0,71.6,Auto,Auto,Normal,1,Cooling,0,0,70.7,69.8,440,P0,P0,71.6,Auto,Auto,Normal,2,Cooling,0,7,70.7,50,810,P0,P0,69.8,Auto,Auto,Normal
9/19/2026 14:55,Cooling,OFF,0,166.1,255,255,255,255,84,0,0,1,94.1,104,147.2,66.2,63.5,50.9,77.9,75.2,51.8,128.3,4,239.8,ON,22,22,560,558,OFF,Cooling,0,0,224,0,Cooling,0,0,69.8,68.9,440,P0,P0,71.6,Auto,Auto,Normal,1,Cooling,0,0,70.7,69.8,440,P0,P0,71.6,Auto,Auto,Normal,2,Cooling,0,7,70.7,49.1,810,P0,P0,69.8,Auto,Auto,Normal
9/19/2026 14:56,Cooling,OFF,0,167.9,255,255,255,255,84,0,0,1,94.1,104.9,147.2,66.2,64.4,52.7,78.8,76.1,51.8,128.3,4,239.8,ON,22,22,560,558,OFF,Cooling,0,0,222,0,Cooling,0,0,69.8,68.9,440,P0,P0,71.6,Auto,Auto,Normal,1,Cooling,0,0,70.7,69.8,440,P0,P0,71.6,Auto,Auto,Normal,2,Cooling,0,7,70.7,49.1,810,P0,P0,69.8,Auto,Auto,Normal
9/19/2026 14:56,Cooling,OFF,0,169.7,255,255,255,255,84,0,0,1,94.1,105.8,147.2,67.1,64.4,54.5,79.7,76.1,51.8,128.3,4,239.8,ON,22,22,560,558,OFF,Cooling,0,0,217,0,Cooling,0,0,69.8,69.8,440,P0,P0,71.6,Auto,Auto,Normal,1,Cooling,0,0,70.7,70.7,440,P0,P0,71.6,Auto,Auto,Normal,2,Cooling,0,7,69.8,49.1,810,P0,P0,69.8,Auto,Auto,Normal
9/19/2026 14:57,Cooling,OFF,0,169.7,255,255,255,255,84,0,0,1,94.1,105.8,148.1,68,66.2,56.3,79.7,77,50.9,128.3,4,239.8,ON,22,22,560,558,OFF,Cooling,0,0,217,0,Cooling,0,0,69.8,69.8,440,P0,P0,71.6,Auto,Auto,Normal,1,Cooling,0,4,70.7,70.7,440,P0,P0,71.6,Auto,Auto,Normal,2,Cooling,0,7,70.7,49.1,810,P0,P0,69.8,Auto,Auto,Normal
9/19/2026 14:57,Cooling,OFF,0,169.7,255,255,255,255,84,0,0,1,94.1,105.8,149,68,66.2,59,79.7,64.4,53.6,129.2,6,240.5,ON,35,35,760,759,OFF,Cooling,0,258,258,0,Cooling,0,0,69.8,69.8,440,P0,P0,71.6,Auto,Auto,Normal,1,Cooling,0,4,70.7,60,770,P0,P0,71.6,Auto,Auto,Normal,2,Cooling,0,7,70.7,49.1,810,P0,P0,69.8,Auto,Auto,Normal
9/19/2026 14:58,Cooling,OFF,0,169.7,255,255,255,255,84,0,0,1,94.1,106.7,149.9,68,52.7,50,79.7,66.2,53.6,129.2,6,240.5,ON,35,35,760,759,OFF,Cooling,0,259,258,0,Cooling,0,0,70.7,69.8,440,P0,P0,71.6,Auto,Auto,Normal,1,Cooling,0,4,70.7,53.6,770,P0,P0,71.6,Auto,Auto,Normal,2,Cooling,0,7,69.8,50.9,810,P0,P0,69.8,Auto,Auto,Normal
9/19/2026 14:58,Cooling,OFF,0,169.7,255,255,255,255,84,0,0,1,94.1,106.7,150.8,64.4,48.2,49.1,80.6,64.4,51.8,129.2,6,240.5,ON,35,35,760,759,OFF,Cooling,0,257,256,0,Cooling,0,0,70.7,69.8,440,P0,P0,71.6,Auto,Auto,Normal,1,Cooling,0,4,70.7,51.8,770,P0,P0,71.6,Auto,Auto,Normal,2,Cooling,0,7,69.8,50,810,P0,P0,69.8,Auto,Auto,Normal
9/19/2026 14:59,Cooling,OFF,0,169.7,255,255,255,255,84,0,0,1,93.2,105.8,150.8,62.6,46.4,52.7,80.6,62.6,50.9,129.2,6,240.4,ON,35,35,760,759,OFF,Cooling,0,255,254,0,Cooling,0,0,70.7,69.8,440,P0,P0,71.6,Auto,Auto,Normal,1,Cooling,0,4,70.7,50.9,770,P0,P0,71.6,Auto,Auto,Normal,2,Cooling,0,7,70.7,53.6,810,P0,P0,69.8,Auto,Auto,Normal
9/19/2026 14:59,Cooling,OFF,0,168.8,255,255,255,255,84,0,0,1,93.2,105.8,150.8,60,45.5,56.3,81.5,60,50,129.2,6,240.5,ON,35,35,760,759,OFF,Cooling,0,251,252,0,Cooling,0,0,70.7,69.8,440,P0,P0,71.6,Auto,Auto,Normal,1,Cooling,0,2,70.7,50,770,P0,P0,71.6,Auto,Auto,Normal,2,Cooling,0,7,70.7,57.2,810,P0,P0,69.8,Auto,Auto,Normal
9/19/2026 15:00,Cooling,OFF,0,170.6,255,255,255,255,84,0,0,1,93.2,104.9,150.8,59.9,44.6,60,82.4,59.9,49.1,129.2,6,240.5,ON,35,35,760,759,OFF,Cooling,0,242,252,0,Cooling,0,0,70.7,70.7,440,P0,P0,71.6,Auto,Auto,Normal,1,Cooling,0,2,69.8,48.2,770,P0,P0,71.6,Auto,Auto,Normal,2,Cooling,0,7,69.8,59,810,P0,P0,69.8,Auto,Auto,Normal
9/19/2026 15:01,Cooling,OFF,0,170.6,255,255,255,255,84,0,0,1,93.2,104.9,150.8,59,45.5,60,82.4,59,51.8,129.2,4,239.8,ON,22,22,560,558,OFF,Cooling,0,0,253,0,Cooling,0,0,70.7,70.7,440,P0,P0,71.6,Auto,Auto,Normal,1,Cooling,0,0,69.8,47.3,440,P0,P0,71.6,Auto,Auto,Normal,2,Cooling,0,7,70.7,58.1,810,P0,P0,69.8,Auto,Auto,Normal
9/19/2026 15:01,Cooling,OFF,0,161.6,255,255,255,255,84,0,0,1,93.2,104.9,150.8,59.9,49.1,63.5,83.3,67.1,52.7,129.2,4,242.1,ON,22,22,560,558,OFF,Cooling,0,0,249,0,Cooling,0,0,70.7,70.7,440,P0,P0,71.6,Auto,Auto,Normal,1,Cooling,0,0,69.8,53.6,440,P0,P0,71.6,Auto,Auto,Normal,2,Cooling,0,7,70.7,50,810,P0,P0,69.8,Auto,Auto,Normal
9/19/2026 15:02,Cooling,OFF,0,165.2,255,255,255,255,84,0,0,1,93.2,104,149.9,62.6,50.9,64.4,83.3,69.8,52.7,128.3,4,242.1,ON,22,22,560,559,OFF,Cooling,0,0,248,0,Cooling,0,0,70.7,70.7,440,P0,P0,71.6,Auto,Auto,Normal,1,Cooling,0,0,69.8,56.3,440,P0,P0,71.6,Auto,Auto,Normal,2,Cooling,0,7,70.7,50,810,P0,P0,69.8,Auto,Auto,Normal
9/19/2026 15:02,Cooling,OFF,0,164.3,255,255,255,255,84,0,0,1,93.2,104,149,64.4,53.6,60,83.3,72.5,52.7,128.3,4,242.1,ON,22,22,560,558,OFF,Cooling,0,0,243,0,Cooling,0,0,70.7,70.7,440,P0,P0,71.6,Auto,Auto,Normal,1,Cooling,0,0,69.8,58.1,440,P0,P0,71.6,Auto,Auto,Normal,2,Cooling,0,7,70.7,50,810,P0,P0,69.8,Auto,Auto,Normal
9/19/2026 15:03,Cooling,OFF,0,164.3,255,255,255,255,84,0,0,1,93.2,104,149,64.4,54.5,55.4,83.3,73.4,52.7,128.3,4,242.1,ON,22,22,560,559,OFF,Cooling,0,0,242,0,Cooling,0,0,70.7,70.7,440,P0,P0,71.6,Auto,Auto,Normal,1,Cooling,0,0,69.8,59.9,440,P0,P0,71.6,Auto,Auto,Normal,2,Cooling,0,7,70.7,50,810,P0,P0,69.8,Auto,Auto,Normal
9/19/2026 15:03,Cooling,OFF,0,165.2,255,255,255,255,84,0,0,1,93.2,104,149,66.2,59,50.9,83.3,74.3,52.7,128.3,4,242.1,ON,22,22,560,558,OFF,Cooling,0,0,239,0,Cooling,0,0,70.7,70.7,440,P0,P0,71.6,Auto,Auto,Normal,1,Cooling,0,0,69.8,62.6,440,P0,P0,71.6,Auto,Auto,Normal,2,Cooling,0,7,69.8,50,810,P0,P0,69.8,Auto,Auto,Normal
9/19/2026 15:04,Cooling,OFF,0,167,255,255,255,255,84,0,0,1,93.2,104.9,149,66.2,60,49.1,83.3,74.3,52.7,128.3,4,242.1,ON,24,35,560,559,OFF,Cooling,169,0,237,0,Cooling,0,2,70.7,71.6,770,P0,P0,71.6,Auto,Auto,Normal,1,Cooling,0,0,69.8,63.5,440,P0,P0,71.6,Auto,Auto,Normal,2,Cooling,0,7,70.7,50,810,P0,P0,69.8,Auto,Auto,Normal
9/19/2026 15:04,Cooling,OFF,0,168.8,255,255,255,255,84,0,0,1,94.1,105.8,149,59,61.7,49.1,59,75.2,53.6,129.2,6,242.8,ON,35,35,760,759,OFF,Cooling,257,0,257,0,Cooling,0,4,70.7,52.7,770,P0,P0,71.6,Auto,Auto,Normal,1,Cooling,0,0,69.8,65.3,440,P0,P0,71.6,Auto,Auto,Normal,2,Cooling,0,7,69.8,50.9,810,P0,P0,69.8,Auto,Auto,Normal
9/19/2026 15:05,Cooling,OFF,0,168.8,255,255,255,255,84,0,0,1,93.2,106.7,149,49.1,53.6,48.2,56.3,75.2,52.7,130.1,6,240.5,ON,35,35,760,759,OFF,Cooling,255,0,255,0,Cooling,0,4,70.7,50,770,P0,P0,71.6,Auto,Auto,Normal,1,Cooling,0,0,70.7,67.1,440,P0,P0,71.6,Auto,Auto,Normal,2,Cooling,0,7,69.8,50,810,P0,P0,69.8,Auto,Auto,Normal
9/19/2026 15:05,Cooling,OFF,0,170.6,255,255,255,255,84,0,0,1,93.2,106.7,149,47.3,51.8,51.8,55.4,75.2,51.8,130.1,6,240.5,ON,35,35,760,759,OFF,Cooling,251,0,251,0,Cooling,0,4,70.7,49.1,770,P0,P0,71.6,Auto,Auto,Normal,1,Cooling,0,0,70.7,68,440,P0,P0,71.6,Auto,Auto,Normal,2,Cooling,0,7,70.7,51.8,810,P0,P0,69.8,Auto,Auto,Normal
9/19/2026 15:06,Cooling,OFF,0,171.5,255,255,255,255,84,0,0,1,93.2,105.8,148.1,45.5,50.9,55.4,53.6,75.2,50.9,130.1,6,240.5,ON,35,35,760,759,OFF,Cooling,248,0,248,0,Cooling,0,2,69.8,48.2,770,P0,P0,71.6,Auto,Auto,Normal,1,Cooling,0,0,70.7,68.9,440,P0,P0,71.6,Auto,Auto,Normal,2,Cooling,0,7,69.8,57.2,810,P0,P0,69.8,Auto,Auto,Normal
9/19/2026 15:06,Cooling,OFF,0,171.5,255,255,255,255,84,0,0,1,93.2,105.8,148.1,45.5,50,58.1,51.8,75.2,51.8,130.1,4,242.1,ON,22,22,560,558,OFF,Cooling,0,0,253,0,Cooling,0,0,69.8,46.4,440,P0,P0,71.6,Auto,Auto,Normal,1,Cooling,0,0,70.7,69.8,440,P0,P0,71.6,Auto,Auto,Normal,2,Cooling,0,7,70.7,57.2,810,P0,P0,69.8,Auto,Auto,Normal
9/19/2026 15:07,Cooling,OFF,0,163.4,255,255,255,255,84,0,0,1,93.2,104.9,148.1,48.2,51.8,62.6,62.6,75.2,52.7,129.2,4,242.1,ON,22,22,560,559,OFF,Cooling,0,0,252,0,Cooling,0,0,69.8,50,440,P0,P0,71.6,Auto,Auto,Normal,1,Cooling,0,0,70.7,69.8,440,P0,P0,71.6,Auto,Auto,Normal,2,Cooling,0,7,70.7,50,810,P0,P0,69.8,Auto,Auto,Normal
9/19/2026 15:07,Cooling,OFF,0,167,255,255,255,255,84,0,0,1,93.2,104.9,147.2,50.9,51.8,64.4,66.2,75.2,52.7,129.2,4,239.8,ON,22,22,560,559,OFF,Cooling,0,0,247,0,Cooling,0,0,69.8,53.6,440,P0,P0,71.6,Auto,Auto,Normal,1,Cooling,0,0,70.7,69.8,440,P0,P0,71.6,Auto,Auto,Normal,2,Cooling,0,7,70.7,49.1,810,P0,P0,69.8,Auto,Auto,Normal
9/19/2026 15:08,Cooling,OFF,0,167,255,255,255,255,84,0,0,1,93.2,104,146.3,51.8,55.4,63.5,69.8,75.2,51.8,129.2,4,237.5,ON,22,22,560,558,OFF,Cooling,0,0,243,0,Cooling,0,0,69.8,57.2,440,P0,P0,71.6,Auto,Auto,Normal,1,Cooling,0,0,70.7,69.8,440,P0,P0,71.6,Auto,Auto,Normal,2,Cooling,0,7,70.7,49.1,810,P0,P0,69.8,Auto,Auto,Normal
9/19/2026 15:08,Cooling,OFF,0,166.1,255,255,255,255,84,0,0,1,93.2,103.1,146.3,53.6,59.9,60,71.6,75.2,52.7,129.2,4,237.5,ON,22,22,560,559,OFF,Cooling,0,0,240,0,Cooling,0,0,69.8,58.1,440,P0,P0,71.6,Auto,Auto,Normal,1,Cooling,0,0,70.7,69.8,440,P0,P0,71.6,Auto,Auto,Normal,2,Cooling,0,7,70.7,50,810,P0,P0,69.8,Auto,Auto,Normal
9/19/2026 15:09,Cooling,OFF,0,165.2,255,255,255,255,84,0,0,1,93.2,103.1,146.3,56.3,61.7,57.2,72.5,76.1,51.8,128.3,4,237.5,ON,22,22,560,559,OFF,Cooling,0,0,238,0,Cooling,0,0,69.8,59.9,440,P0,P0,71.6,Auto,Auto,Normal,1,Cooling,0,0,70.7,69.8,440,P0,P0,71.6,Auto,Auto,Normal,2,Cooling,0,7,70.7,50,810,P0,P0,69.8,Auto,Auto,Normal
9/19/2026 15:09,Cooling,OFF,0,163.4,255,255,255,255,84,0,0,1,93.2,103.1,146.3,59,61.7,53.6,74.3,76.1,51.8,128.3,4,239.8,ON,22,35,560,559,OFF,Cooling,0,36,234,0,Cooling,0,0,69.8,60,440,P0,P0,71.6,Auto,Auto,Normal,1,Cooling,0,4,70.7,69.8,770,P0,P0,71.6,Auto,Auto,Normal,2,Cooling,0,7,69.8,50,810,P0,P0,69.8,Auto,Auto,Normal
9/19/2026 15:10,Cooling,OFF,0,163.4,255,255,255,255,84,0,0,1,93.2,104,146.3,61.7,63.5,53.6,74.3,62.6,52.7,129.2,6,238.1,ON,35,35,760,759,OFF,Cooling,0,256,256,0,Cooling,0,0,69.8,62.6,440,P0,P0,71.6,Auto,Auto,Normal,1,Cooling,0,4,70.7,58.1,770,P0,P0,71.6,Auto,Auto,Normal,2,Cooling,0,7,70.7,50,810,P0,P0,69.8,Auto,Auto,Normal
9/19/2026 15:10,Cooling,OFF,0,167,255,255,255,255,84,0,0,1,93.2,104.9,146.3,63.5,51.8,52.7,76.1,63.5,51.8,129.2,6,238.1,ON,35,35,760,759,OFF,Cooling,0,255,254,0,Cooling,0,0,69.8,64.4,440,P0,P0,71.6,Auto,Auto,Normal,1,Cooling,0,4,70.7,51.8,770,P0,P0,71.6,Auto,Auto,Normal,2,Cooling,0,7,69.8,50,810,P0,P0,69.8,Auto,Auto,Normal
9/19/2026 15:11,Cooling,OFF,0,167,255,255,255,255,84,0,0,1,93.2,105.8,146.3,60,47.3,53.6,77,61.7,50.9,129.2,6,238.2,ON,35,35,760,759,OFF,Cooling,0,251,251,0,Cooling,0,0,69.8,66.2,440,P0,P0,71.6,Auto,Auto,Normal,1,Cooling,0,4,70.7,50.9,770,P0,P0,71.6,Auto,Auto,Normal,2,Cooling,0,7,69.8,55.4,810,P0,P0,69.8,Auto,Auto,Normal
9/19/2026 15:11,Cooling,OFF,0,167,255,255,255,255,84,0,0,1,92.3,104.9,146.3,59,45.5,56.3,77,60,50,129.2,6,238.1,ON,35,35,760,759,OFF,Cooling,0,251,251,0,Cooling,0,0,69.8,67.1,440,P0,P0,71.6,Auto,Auto,Normal,1,Cooling,0,4,70.7,50,770,P0,P0,71.6,Auto,Auto,Normal,2,Cooling,0,7,70.7,58.1,810,P0,P0,69.8,Auto,Auto,Normal
9/19/2026 15:12,Cooling,OFF,0,166.1,255,255,255,255,84,0,0,1,92.3,103.1,146.3,59,44.6,59,77.9,59.9,49.1,129.2,6,238.1,ON,35,35,760,759,OFF,Cooling,0,244,248,0,Cooling,0,0,69.8,68,440,P0,P0,71.6,Auto,Auto,Normal,1,Cooling,0,2,69.8,49.1,770,P0,P0,71.6,Auto,Auto,Normal,2,Cooling,0,7,70.7,59,810,P0,P0,69.8,Auto,Auto,Normal
9/19/2026 15:12,Cooling,OFF,0,165.2,255,255,255,255,84,0,0,1,91.4,103.1,146.3,58.1,44.6,60,78.8,59,49.1,129.2,6,238.1,ON,35,35,760,759,OFF,Cooling,0,241,250,0,Cooling,0,0,69.8,68.9,440,P0,P0,71.6,Auto,Auto,Normal,1,Cooling,0,2,69.8,48.2,770,P0,P0,71.6,Auto,Auto,Normal,2,Cooling,0,7,70.7,59.9,810,P0,P0,69.8,Auto,Auto,Normal
9/19/2026 15:13,Cooling,OFF,0,166.1,255,255,255,255,84,0,0,1,91.4,104,146.3,57.2,44.6,61.7,79.7,59,49.1,129.2,6,238.1,ON,35,35,760,759,OFF,Cooling,0,235,249,0,Cooling,0,0,69.8,68.9,440,P0,P0,71.6,Auto,Auto,Normal,1,Cooling,0,2,69.8,48.2,770,P0,P0,71.6,Auto,Auto,Normal,2,Cooling,0,7,70.7,59.9,810,P0,P0,69.8,Auto,Auto,Normal
9/19/2026 15:13,Cooling,OFF,0,167.9,255,255,255,255,84,0,0,1,91.4,104,146.3,57.2,44.6,62.6,79.7,56.3,49.1,129.2,4.5,240,ON,24,22,560,704,OFF,Cooling,0,0,253,0,Cooling,0,0,69.8,69.8,440,P0,P0,71.6,Auto,Auto,Normal,1,Cooling,0,0,69.8,48.2,440,P0,P0,71.6,Auto,Auto,Normal,2,Cooling,0,7,70.7,59.9,810,P0,P0,69.8,Auto,Auto,Normal
9/19/2026 15:14,Cooling,OFF,0,158.9,255,255,255,255,84,0,0,1,91.4,103.1,145.4,57.2,48.2,63.5,79.7,63.5,53.6,128.3,4,239.8,ON,22,22,560,559,OFF,Cooling,0,0,251,0,Cooling,0,0,69.8,69.8,440,P0,P0,71.6,Auto,Auto,Normal,1,Cooling,0,0,69.8,50,440,P0,P0,71.6,Auto,Auto,Normal,2,Cooling,0,7,70.7,51.8,810,P0,P0,69.8,Auto,Auto,Normal
9/19/2026 15:14,Cooling,OFF,0,160.7,255,255,255,255,84,0,0,1,91.4,102.2,144.5,59,50.9,64.4,79.7,67.1,52.7,126.5,4,239.8,ON,22,22,560,559,OFF,Cooling,0,0,249,0,Cooling,0,0,69.8,69.8,440,P0,P0,71.6,Auto,Auto,Normal,1,Cooling,0,0,69.8,55.4,440,P0,P0,71.6,Auto,Auto,Normal,2,Cooling,0,7,70.7,50,810,P0,P0,69.8,Auto,Auto,Normal
9/19/2026 15:15,Cooling,OFF,0,160.7,255,255,255,255,84,0,0,1,91.4,102.2,144.5,60,51.8,60,80.6,69.8,52.7,126.5,3.75,239.8,ON,22,22,560,558,OFF,Cooling,0,0,244,0,Cooling,0,0,70.7,69.8,440,P0,P0,71.6,Auto,Auto,Normal,1,Cooling,0,0,69.8,57.2,440,P0,P0,71.6,Auto,Auto,Normal,2,Cooling,0,7,70.7,50,810,P0,P0,69.8,Auto,Auto,Normal
9/19/2026 15:15,Cooling,OFF,0,160.7,255,255,255,255,84,0,0,1,91.4,102.2,143.6,62.6,52.7,52.7,80.6,70.7,51.8,126.5,4,237.5,ON,22,22,560,558,OFF,Cooling,0,0,241,0,Cooling,0,0,70.7,69.8,440,P0,P0,71.6,Auto,Auto,Normal,1,Cooling,0,0,69.8,59,440,P0,P0,71.6,Auto,Auto,Normal,2,Cooling,0,7,70.7,50,810,P0,P0,69.8,Auto,Auto,Normal
9/19/2026 15:16,Cooling,OFF,0,160.7,255,255,255,255,84,0,0,1,92.3,103.1,143.6,62.6,54.5,47.3,81.5,72.5,52.7,126.5,4,237.5,ON,22,22,560,559,OFF,Cooling,0,0,238,0,Cooling,0,0,70.7,69.8,440,P0,P0,71.6,Auto,Auto,Normal,1,Cooling,0,0,69.8,59.9,440,P0,P0,71.6,Auto,Auto,Normal,2,Cooling,0,7,70.7,50,810,P0,P0,69.8,Auto,Auto,Normal
9/19/2026 15:16,Cooling,OFF,0,161.6,255,255,255,255,84,0,0,1,91.4,102.2,143.6,64.4,57.2,47.3,81.5,72.5,51.8,126.5,4,237.5,ON,22,22,560,558,OFF,Cooling,0,0,236,0,Cooling,0,0,70.7,69.8,440,P0,P0,71.6,Auto,Auto,Normal,1,Cooling,0,0,69.8,60,440,P0,P0,71.6,Auto,Auto,Normal,2,Cooling,0,7,70.7,50,810,P0,P0,69.8,Auto,Auto,Normal
9/19/2026 15:17,Cooling,OFF,0,161.6,255,255,255,255,84,0,0,1,91.4,103.1,142.7,64.4,59,47.3,81.5,74.3,51.8,126.5,4,237.5,ON,22,22,560,559,OFF,Cooling,0,0,231,0,Cooling,0,0,70.7,70.7,440,P0,P0,71.6,Auto,Auto,Normal,1,Cooling,0,0,69.8,62.6,440,P0,P0,71.6,Auto,Auto,Normal,2,Cooling,0,7,70.7,50,810,P0,P0,69.8,Auto,Auto,Normal
9/19/2026 15:17,Cooling,OFF,0,163.4,255,255,255,255,84,0,0,1,92.3,103.1,142.7,64.4,60,48.2,82.4,74.3,51.8,126.5,4,237.5,ON,22,22,560,558,OFF,Cooling,0,0,229,0,Cooling,0,0,70.7,70.7,440,P0,P0,71.6,Auto,Auto,Normal,1,Cooling,0,0,70.7,64.4,440,P0,P0,71.6,Auto,Auto,Normal,2,Cooling,0,7,70.7,49.1,810,P0,P0,69.8,Auto,Auto,Normal
9/19/2026 15:18,Cooling,OFF,0,165.2,255,255,255,255,84,0,0,1,92.3,103.1,142.7,65.3,60,49.1,82.4,74.3,51.8,126.5,4,237.5,ON,22,22,560,558,OFF,Cooling,0,0,225,0,Cooling,0,0,70.7,70.7,440,P0,P0,71.6,Auto,Auto,Normal,1,Cooling,0,0,70.7,66.2,440,P0,P0,71.6,Auto,Auto,Normal,2,Cooling,0,7,70.7,49.1,810,P0,P0,69.8,Auto,Auto,Normal
9/19/2026 15:18,Cooling,OFF,0,165.2,255,255,255,255,84,0,0,1,92.3,104,143.6,66.2,62.6,51.8,82.4,75.2,50.9,126.5,4,237.5,ON,22,22,560,559,OFF,Cooling,0,0,223,0,Cooling,0,0,70.7,70.7,440,P0,P0,71.6,Auto,Auto,Normal,1,Cooling,0,0,70.7,67.1,440,P0,P0,71.6,Auto,Auto,Normal,2,Cooling,0,7,70.7,48.2,810,P0,P0,69.8,Auto,Auto,Normal
9/19/2026 15:19,Cooling,OFF,0,166.1,255,255,255,255,84,0,0,1,93.2,104,143.6,66.2,63.5,54.5,82.4,76.1,50.9,126.5,4,237.5,ON,22,22,560,559,OFF,Cooling,0,0,220,0,Cooling,0,0,70.7,70.7,440,P0,P0,71.6,Auto,Auto,Normal,1,Cooling,0,0,70.7,68.9,440,P0,P0,71.6,Auto,Auto,Normal,2,Cooling,0,7,69.8,49.1,810,P0,P0,69.8,Auto,Auto,Normal
9/19/2026 15:19,Cooling,OFF,0,166.1,255,255,255,255,84,0,0,1,93.2,104,143.6,67.1,64.4,56.3,82.4,76.1,50.9,126.5,4,237.5,ON,22,22,560,559,OFF,Cooling,0,0,218,0,Cooling,0,0,70.7,70.7,440,P0,P0,71.6,Auto,Auto,Normal,1,Cooling,0,0,70.7,69.8,440,P0,P0,71.6,Auto,Auto,Normal,2,Cooling,0,7,70.7,49.1,810,P0,P0,69.8,Auto,Auto,Normal
9/19/2026 15:20,Cooling,OFF,0,166.1,255,255,255,255,84,0,0,1,93.2,104,144.5,68,65.3,59,83.3,77,50.9,128.3,4,237.5,ON,22,22,560,559,OFF,Cooling,0,0,216,0,Cooling,0,0,70.7,70.7,440,P0,P0,71.6,Auto,Auto,Normal,1,Cooling,0,0,70.7,69.8,440,P0,P0,71.6,Auto,Auto,Normal,2,Cooling,0,7,70.7,48.2,810,P0,P0,69.8,Auto,Auto,Normal
9/19/2026 15:20,Cooling,OFF,0,167,255,255,255,255,84,0,0,1,93.2,104,145.4,68,66.2,60,83.3,77,50.9,128.3,4,237.5,ON,22,35,560,558,OFF,Cooling,83,0,215,0,Cooling,0,4,70.7,71.6,440,P0,P0,71.6,Auto,Auto,Normal,1,Cooling,0,0,70.7,69.8,440,P0,P0,71.6,Auto,Auto,Normal,2,Cooling,0,7,69.8,48.2,810,P0,P0,69.8,Auto,Auto,Normal
9/19/2026 15:21,Cooling,OFF,0,168.8,255,255,255,255,84,0,0,1,93.2,105.8,146.3,59.9,65.3,62.6,59.9,77,55.4,128.3,6,240.5,ON,35,35,760,759,OFF,Cooling,256,0,256,0,Cooling,0,4,70.7,53.6,770,P0,P0,71.6,Auto,Auto,Normal,1,Cooling,0,0,70.7,69.8,440,P0,P0,71.6,Auto,Auto,Normal,2,Cooling,0,7,69.8,50.9,810,P0,P0,69.8,Auto,Auto,Normal
9/19/2026 15:21,Cooling,OFF,0,168.8,255,255,255,255,84,0,0,1,93.2,106.7,147.2,50,53.6,49.1,57.2,77,53.6,129.2,6,240.5,ON,35,35,760,758,OFF,Cooling,256,0,256,0,Cooling,0,4,70.7,50.9,770,P0,P0,71.6,Auto,Auto,Normal,1,Cooling,0,0,70.7,69.8,440,P0,P0,71.6,Auto,Auto,Normal,2,Cooling,0,7,69.8,50.9,810,P0,P0,69.8,Auto,Auto,Normal
9/19/2026 15:22,Cooling,OFF,0,169.7,255,255,255,255,84,0,0,1,93.2,105.8,148.1,48.2,54.5,49.1,55.4,57.2,51.8,129.2,7,238.5,ON,41,41,760,758,OFF,Cooling,236,236,236,0,Cooling,0,4,70.7,50,770,P0,P0,71.6,Auto,Auto,Normal,1,Cooling,0,4,70.7,70.7,770,P0,P0,71.6,Auto,Auto,Normal,2,Cooling,0,7,69.8,50,810,P0,P0,69.8,Auto,Auto,Normal
9/19/2026 15:22,Cooling,OFF,0,172.4,255,255,255,255,84,0,0,1,93.2,106.7,149,48.2,59,51.8,54.5,58.1,51.8,130.1,7.25,236.2,ON,41,41,760,758,OFF,Cooling,234,237,235,0,Cooling,0,2,69.8,50,770,P0,P0,71.6,Auto,Auto,Normal,1,Cooling,0,4,70.7,50.9,770,P0,P0,71.6,Auto,Auto,Normal,2,Cooling,0,7,70.7,57.2,810,P0,P0,69.8,Auto,Auto,Normal
9/19/2026 15:23,Cooling,OFF,0,174.2,255,255,255,255,84,0,0,1,93.2,106.7,149.9,48.2,59,55.4,53.6,57.2,50.9,130.1,7.25,236.2,ON,41,41,760,759,OFF,Cooling,234,237,235,0,Cooling,0,2,69.8,49.1,770,P0,P0,71.6,Auto,Auto,Normal,1,Cooling,0,4,70.7,50,770,P0,P0,71.6,Auto,Auto,Normal,2,Cooling,0,7,70.7,59.9,810,P0,P0,69.8,Auto,Auto,Normal
9/19/2026 15:23,Cooling,OFF,0,174.2,255,255,255,255,84,0,0,1,93.2,106.7,149.9,47.3,57.2,59,56.3,59.9,50.9,129.2,6,240.4,ON,35,35,760,759,OFF,Cooling,0,259,259,0,Cooling,0,0,69.8,48.2,440,P0,P0,71.6,Auto,Auto,Normal,1,Cooling,0,4,70.7,50,770,P0,P0,71.6,Auto,Auto,Normal,2,Cooling,0,7,70.7,59.9,810,P0,P0,69.8,Auto,Auto,Normal
9/19/2026 15:24,Cooling,OFF,0,169.7,255,255,255,255,84,0,0,1,93.2,105.8,149.9,49.1,46.4,60,64.4,60,50,129.2,6,240.5,ON,35,35,760,758,OFF,Cooling,0,253,257,0,Cooling,0,0,69.8,51.8,440,P0,P0,71.6,Auto,Auto,Normal,1,Cooling,0,4,70.7,50,770,P0,P0,71.6,Auto,Auto,Normal,2,Cooling,0,7,70.7,59.9,810,P0,P0,69.8,Auto,Auto,Normal
9/19/2026 15:24,Cooling,OFF,0,168.8,255,255,255,255,84,0,0,1,93.2,105.8,149.9,49.1,44.6,61.7,68,59.9,49.1,129.2,6,240.4,ON,35,35,760,759,OFF,Cooling,0,252,256,0,Cooling,0,0,69.8,55.4,440,P0,P0,71.6,Auto,Auto,Normal,1,Cooling,0,2,69.8,49.1,770,P0,P0,71.6,Auto,Auto,Normal,2,Cooling,0,7,70.7,59.9,810,P0,P0,69.8,Auto,Auto,Normal
9/19/2026 15:25,Cooling,OFF,0,168.8,255,255,255,255,84,0,0,1,93.2,104.9,149.9,50,44.6,62.6,69.8,59,49.1,129.2,6,235.9,ON,35,35,760,759,OFF,Cooling,0,246,255,0,Cooling,0,0,69.8,57.2,440,P0,P0,71.6,Auto,Auto,Normal,1,Cooling,0,2,69.8,49.1,770,P0,P0,71.6,Auto,Auto,Normal,2,Cooling,0,7,70.7,60,810,P0,P0,69.8,Auto,Auto,Normal
9/19/2026 15:25,Cooling,OFF,0,168.8,255,255,255,255,84,0,0,1,93.2,104.9,149.9,50.9,44.6,62.6,72.5,59,49.1,129.2,6,235.8,ON,35,35,760,759,OFF,Cooling,0,242,256,0,Cooling,0,0,69.8,59,440,P0,P0,71.6,Auto,Auto,Normal,1,Cooling,0,2,69.8,48.2,770,P0,P0,71.6,Auto,Auto,Normal,2,Cooling,0,7,70.7,60,810,P0,P0,69.8,Auto,Auto,Normal
9/19/2026 15:26,Cooling,OFF,0,169.7,255,255,255,255,84,0,0,1,93.2,104.9,149.9,51.8,44.6,63.5,73.4,59,49.1,129.2,6,235.9,ON,35,35,760,759,OFF,Cooling,0,236,255,0,Cooling,0,0,69.8,60,440,P0,P0,71.6,Auto,Auto,Normal,1,Cooling,0,2,69.8,48.2,770,P0,P0,71.6,Auto,Auto,Normal,2,Cooling,0,7,70.7,61.7,810,P0,P0,69.8,Auto,Auto,Normal
9/19/2026 15:26,Cooling,OFF,0,169.7,255,255,255,255,84,0,0,1,93.2,104.9,149,53.6,44.6,63.5,74.3,55.4,50,129.2,4.25,237.7,ON,22,22,560,554,OFF,Cooling,0,0,253,0,Cooling,0,0,69.8,62.6,440,P0,P0,71.6,Auto,Auto,Normal,1,Cooling,0,0,69.8,48.2,440,P0,P0,71.6,Auto,Auto,Normal,2,Cooling,0,7,70.7,62.6,810,P0,P0,69.8,Auto,Auto,Normal
9/19/2026 15:27,Cooling,OFF,0,160.7,255,255,255,255,84,0,0,1,93.2,104,149,55.4,49.1,64.4,76.1,62.6,53.6,128.3,4,239.8,ON,22,22,560,559,OFF,Cooling,0,0,252,0,Cooling,0,0,69.8,64.4,440,P0,P0,71.6,Auto,Auto,Normal,1,Cooling,0,0,69.8,50,440,P0,P0,71.6,Auto,Auto,Normal,2,Cooling,0,7,70.7,50.9,810,P0,P0,69.8,Auto,Auto,Normal
9/19/2026 15:27,Cooling,OFF,0,163.4,255,255,255,255,84,0,0,1,93.2,104,148.1,57.2,50.9,64.4,77,67.1,52.7,128.3,4,239.8,ON,22,22,560,559,OFF,Cooling,0,0,249,0,Cooling,0,0,69.8,66.2,440,P0,P0,71.6,Auto,Auto,Normal,1,Cooling,0,0,69.8,55.4,440,P0,P0,71.6,Auto,Auto,Normal,2,Cooling,0,7,70.7,50,810,P0,P0,69.8,Auto,Auto,Normal
9/19/2026 15:28,Cooling,OFF,0,164.3,255,255,255,255,84,0,0,1,93.2,104,147.2,59.9,51.8,60,77,69.8,52.7,128.3,4,239.8,ON,22,22,560,558,OFF,Cooling,0,0,245,0,Cooling,0,0,69.8,67.1,440,P0,P0,71.6,Auto,Auto,Normal,1,Cooling,0,0,69.8,57.2,440,P0,P0,71.6,Auto,Auto,Normal,2,Cooling,0,7,70.7,50,810,P0,P0,69.8,Auto,Auto,Normal
9/19/2026 15:28,Cooling,OFF,0,164.3,255,255,255,255,84,0,0,1,93.2,104,147.2,61.7,53.6,50.9,77.9,70.7,52.7,128.3,4,239.8,ON,22,22,560,559,OFF,Cooling,0,0,243,0,Cooling,0,0,69.8,68,440,P0,P0,71.6,Auto,Auto,Normal,1,Cooling,0,0,69.8,59,440,P0,P0,71.6,Auto,Auto,Normal,2,Cooling,0,7,70.7,50,810,P0,P0,69.8,Auto,Auto,Normal
9/19/2026 15:29,Cooling,OFF,0,164.3,255,255,255,255,84,0,0,1,93.2,103.1,146.3,62.6,55.4,47.3,78.8,72.5,52.7,128.3,4,239.8,ON,22,22,560,558,OFF,Cooling,0,0,238,0,Cooling,0,0,69.8,68.9,440,P0,P0,71.6,Auto,Auto,Normal,1,Cooling,0,0,69.8,59.9,440,P0,P0,71.6,Auto,Auto,Normal,2,Cooling,0,7,70.7,50,810,P0,P0,69.8,Auto,Auto,Normal
9/19/2026 15:29,Cooling,OFF,0,164.3,255,255,255,255,84,0,0,1,93.2,103.1,146.3,63.5,58.1,47.3,79.7,72.5,52.7,128.3,4,239.8,ON,22,22,560,559,OFF,Cooling,0,0,236,0,Cooling,0,0,69.8,69.8,440,P0,P0,71.6,Auto,Auto,Normal,1,Cooling,0,0,69.8,59.9,440,P0,P0,71.6,Auto,Auto,Normal,2,Cooling,0,7,70.7,50,810,P0,P0,69.8,Auto,Auto,Normal
9/19/2026 15:30,Cooling,OFF,0,164.3,255,255,255,255,84,0,0,1,93.2,104,146.3,64.4,59,47.3,79.7,73.4,52.7,128.3,4,239.8,ON,22,22,560,558,OFF,Cooling,0,0,233,0,Cooling,0,0,69.8,69.8,440,P0,P0,71.6,Auto,Auto,Normal,1,Cooling,0,0,70.7,62.6,440,P0,P0,71.6,Auto,Auto,Normal,2,Cooling,0,7,70.7,50,810,P0,P0,69.8,Auto,Auto,Normal
9/19/2026 15:30,Cooling,OFF,0,164.3,255,255,255,255,84,0,0,1,93.2,104,146.3,64.4,60,47.3,80.6,74.3,51.8,128.3,4,239.8,ON,22,22,560,559,OFF,Cooling,0,0,231,0,Cooling,0,0,69.8,69.8,440,P0,P0,71.6,Auto,Auto,Normal,1,Cooling,0,0,70.7,63.5,440,P0,P0,71.6,Auto,Auto,Normal,2,Cooling,0,7,70.7,50,810,P0,P0,69.8,Auto,Auto,Normal
9/19/2026 15:31,Cooling,OFF,0,165.2,255,255,255,255,84,0,0,1,93.2,104.9,146.3,65.3,61.7,47.3,80.6,75.2,51.8,128.3,4,239.8,ON,22,22,560,559,OFF,Cooling,0,0,227,0,Cooling,0,0,69.8,69.8,440,P0,P0,71.6,Auto,Auto,Normal,1,Cooling,0,0,70.7,65.3,440,P0,P0,71.6,Auto,Auto,Normal,2,Cooling,0,7,70.7,49.1,810,P0,P0,69.8,Auto,Auto,Normal
9/19/2026 15:31,Cooling,OFF,0,165.2,255,255,255,255,84,0,0,1,93.2,104.9,146.3,66.2,62.6,49.1,81.5,75.2,51.8,128.3,4,237.5,ON,22,22,560,559,OFF,Cooling,0,0,225,0,Cooling,0,0,70.7,69.8,440,P0,P0,71.6,Auto,Auto,Normal,1,Cooling,0,0,70.7,66.2,440,P0,P0,71.6,Auto,Auto,Normal,2,Cooling,0,7,70.7,49.1,810,P0,P0,69.8,Auto,Auto,Normal
9/19/2026 15:32,Cooling,OFF,0,167.9,255,255,255,255,84,0,0,1,93.2,104.9,146.3,66.2,62.6,50.9,81.5,76.1,51.8,129.2,4,237.5,ON,22,22,560,558,OFF,Cooling,0,0,221,0,Cooling,0,0,70.7,69.8,440,P0,P0,71.6,Auto,Auto,Normal,1,Cooling,0,0,70.7,67.1,440,P0,P0,71.6,Auto,Auto,Normal,2,Cooling,0,7,70.7,49.1,810,P0,P0,69.8,Auto,Auto,Normal
9/19/2026 15:32,Cooling,OFF,0,167.9,255,255,255,255,84,0,0,1,93.2,104.9,146.3,67.1,64.4,52.7,81.5,76.1,50.9,129.2,4,237.5,ON,22,22,560,558,OFF,Cooling,0,0,219,0,Cooling,0,0,70.7,69.8,440,P0,P0,71.6,Auto,Auto,Normal,1,Cooling,0,0,70.7,68.9,440,P0,P0,71.6,Auto,Auto,Normal,2,Cooling,0,7,70.7,48.2,810,P0,P0,69.8,Auto,Auto,Normal
9/19/2026 15:33,Cooling,OFF,0,167.9,255,255,255,255,84,0,0,1,93.2,104.9,146.3,68,64.4,55.4,82.4,77,50.9,129.2,4,239.8,ON,22,22,560,559,OFF,Cooling,0,0,215,0,Cooling,0,0,70.7,70.7,440,P0,P0,71.6,Auto,Auto,Normal,1,Cooling,0,0,70.7,69.8,440,P0,P0,71.6,Auto,Auto,Normal,2,Cooling,0,7,70.7,49.1,810,P0,P0,69.8,Auto,Auto,Normal
9/19/2026 15:33,Cooling,OFF,0,167.9,255,255,255,255,84,0,0,1,93.2,105.8,147.2,68,66.2,57.2,82.4,77,50.9,129.2,4,239.8,ON,22,22,560,558,OFF,Cooling,0,0,215,0,Cooling,0,0,70.7,70.7,440,P0,P0,71.6,Auto,Auto,Normal,1,Cooling,0,0,70.7,69.8,440,P0,P0,71.6,Auto,Auto,Normal,2,Cooling,0,7,70.7,49.1,810,P0,P0,69.8,Auto,Auto,Normal
9/19/2026 15:34,Cooling,OFF,0,169.7,255,255,255,255,84,0,0,1,93.2,105.8,148.1,68.9,66.2,59.9,83.3,77,50.9,129.2,4,237.5,ON,22,22,560,559,OFF,Cooling,0,0,212,0,Cooling,0,0,70.7,70.7,440,P0,P0,71.6,Auto,Auto,Normal,1,Cooling,0,0,70.7,69.8,440,P0,P0,71.6,Auto,Auto,Normal,2,Cooling,0,7,70.7,49.1,810,P0,P0,69.8,Auto,Auto,Normal
9/19/2026 15:34,Cooling,OFF,0,169.7,255,255,255,255,84,0,0,1,94.1,105.8,149,69.8,68,62.6,83.3,77,50,129.2,4,237.5,ON,22,22,560,558,OFF,Cooling,0,0,210,0,Cooling,0,0,70.7,70.7,440,P0,P0,71.6,Auto,Auto,Normal,1,Cooling,0,0,70.7,69.8,440,P0,P0,71.6,Auto,Auto,Normal,2,Cooling,0,7,70.7,50,810,P0,P0,69.8,Auto,Auto,Normal
9/19/2026 15:35,Cooling,OFF,0,168.8,255,255,255,255,84,0,0,1,94.1,105.8,149.9,69.8,68,63.5,83.3,62.6,53.6,129.2,6,240.4,ON,35,35,760,758,OFF,Cooling,0,258,258,0,Cooling,0,0,70.7,70.7,440,P0,P0,71.6,Auto,Auto,Normal,1,Cooling,0,4,70.7,67.1,770,P0,P0,71.6,Auto,Auto,Normal,2,Cooling,0,7,69.8,48.2,810,P0,P0,69.8,Auto,Auto,Normal
9/19/2026 15:35,Cooling,OFF,0,169.7,255,255,255,255,84,0,0,1,94.1,105.8,151.7,69.8,55.4,53.6,55.4,65.3,54.5,130.1,6,240.5,ON,35,35,760,759,OFF,Cooling,0,259,259,0,Cooling,0,0,70.7,70.7,440,P0,P0,71.6,Auto,Auto,Normal,1,Cooling,0,4,70.7,53.6,770,P0,P0,71.6,Auto,Auto,Normal,2,Cooling,0,7,69.8,51.8,810,P0,P0,69.8,Auto,Auto,Normal
9/19/2026 15:36,Cooling,OFF,0,167.9,255,255,255,255,84,0,0,1,94.1,106.7,153.5,68,49.1,49.1,66.2,64.4,52.7,130.1,6,240.5,ON,35,35,760,759,OFF,Cooling,0,260,260,0,Cooling,0,0,70.7,69.8,440,P0,P0,71.6,Auto,Auto,Normal,1,Cooling,0,4,70.7,52.7,770,P0,P0,71.6,Auto,Auto,Normal,2,Cooling,0,7,69.8,50,810,P0,P0,69.8,Auto,Auto,Normal
9/19/2026 15:36,Cooling,OFF,0,171.5,255,255,255,255,84,0,0,1,94.1,106.7,154.4,64.4,47.3,51.8,71.6,62.6,51.8,130.1,6,240.5,ON,35,35,760,758,OFF,Cooling,0,260,260,0,Cooling,0,0,70.7,68,440,P0,P0,71.6,Auto,Auto,Normal,1,Cooling,0,4,70.7,50.9,770,P0,P0,71.6,Auto,Auto,Normal,2,Cooling,0,7,69.8,50.9,810,P0,P0,69.8,Auto,Auto,Normal
9/19/2026 15:37,Cooling,OFF,0,171.5,255,255,255,255,84,0,0,1,94.1,106.7,155.3,64.4,47.3,55.4,55.4,59.9,50.9,131,8,241.1,ON,45,45,760,759,OFF,Cooling,245,245,245,0,Cooling,0,4,70.7,54.5,770,P0,P0,71.6,Auto,Auto,Normal,1,Cooling,0,2,69.8,50,770,P0,P0,71.6,Auto,Auto,Normal,2,Cooling,0,7,69.8,57.2,810,P0,P0,69.8,Auto,Auto,Normal
9/19/2026 15:37,Cooling,OFF,0,177.8,255,255,255,255,84,0,0,1,94.1,109.4,156.2,49.1,47.3,57.2,54.5,59,50.9,131,8,243.4,ON,45,45,760,759,OFF,Cooling,245,244,247,0,Cooling,0,4,70.7,49.1,770,P0,P0,71.6,Auto,Auto,Normal,1,Cooling,0,2,69.8,50,770,P0,P0,71.6,Auto,Auto,Normal,2,Cooling,0,7,69.8,59.9,810,P0,P0,69.8,Auto,Auto,Normal
9/19/2026 15:38,Cooling,OFF,0,180.5,255,255,255,255,84,0,0,1,94.1,110.3,156.2,47.3,46.4,59,53.6,58.1,50.9,131.9,8,241.1,ON,45,45,760,759,OFF,Cooling,244,243,246,0,Cooling,0,4,70.7,48.2,770,P0,P0,71.6,Auto,Auto,Normal,1,Cooling,0,2,69.8,48.2,770,P0,P0,71.6,Auto,Auto,Normal,2,Cooling,0,7,69.8,59.9,810,P0,P0,69.8,Auto,Auto,Normal
9/19/2026 15:38,Cooling,OFF,0,183.2,255,255,255,255,84,0,0,1,94.1,110.3,157.1,46.4,46.4,60,53.6,57.2,50.9,131.9,8,241.1,ON,45,45,760,759,OFF,Cooling,240,239,246,0,Cooling,0,2,69.8,48.2,770,P0,P0,71.6,Auto,Auto,Normal,1,Cooling,0,0,69.8,48.2,770,P0,P0,71.6,Auto,Auto,Normal,2,Cooling,0,7,69.8,59.9,810,P0,P0,69.8,Auto,Auto,Normal
9/19/2026 15:39,Cooling,OFF,0,183.2,255,255,255,255,84,0,0,1,94.1,109.4,156.2,47.3,47.3,61.7,53.6,59,51.8,131.9,6,242.8,ON,30,22,760,759,OFF,Cooling,59,0,259,0,Cooling,0,0,69.8,49.1,440,P0,P0,71.6,Auto,Auto,Normal,1,Cooling,0,0,69.8,49.1,440,P0,P0,71.6,Auto,Auto,Normal,2,Cooling,0,7,69.8,59.9,810,P0,P0,69.8,Auto,Auto,Normal
9/19/2026 15:39,Cooling,OFF,0,165.2,255,255,255,255,84,0,0,1,94.1,106.7,155.3,48.2,50,62.6,59,65.3,52.7,131,4,242.1,ON,22,22,560,559,OFF,Cooling,0,0,251,0,Cooling,0,0,69.8,49.1,440,P0,P0,71.6,Auto,Auto,Normal,1,Cooling,0,0,69.8,53.6,440,P0,P0,71.6,Auto,Auto,Normal,2,Cooling,0,7,69.8,51.8,810,P0,P0,69.8,Auto,Auto,Normal
9/19/2026 15:40,Cooling,OFF,0,166.1,255,255,255,255,84,0,0,1,94.1,104.9,154.4,50.9,52.7,66.2,66.2,68,51.8,130.1,4,242.1,ON,22,22,560,559,OFF,Cooling,0,0,250,0,Cooling,0,0,69.8,53.6,440,P0,P0,71.6,Auto,Auto,Normal,1,Cooling,0,0,69.8,57.2,440,P0,P0,71.6,Auto,Auto,Normal,2,Cooling,0,7,69.8,49.1,810,P0,P0,69.8,Auto,Auto,Normal
9/19/2026 15:40,Cooling,OFF,0,166.1,255,255,255,255,84,0,0,1,93.2,104,154.4,51.8,57.2,64.4,68.9,69.8,51.8,130.1,4,242.1,ON,22,22,560,558,OFF,Cooling,0,0,246,0,Cooling,0,0,69.8,55.4,440,P0,P0,71.6,Auto,Auto,Normal,1,Cooling,0,0,69.8,59,440,P0,P0,71.6,Auto,Auto,Normal,2,Cooling,0,7,69.8,49.1,810,P0,P0,69.8,Auto,Auto,Normal
9/19/2026 15:41,Cooling,OFF,0,164.3,255,255,255,255,84,0,0,1,93.2,103.1,153.5,53.6,59.9,59.9,71.6,70.7,51.8,130.1,4,242.1,ON,22,22,560,559,OFF,Cooling,0,0,243,0,Cooling,0,0,69.8,57.2,440,P0,P0,71.6,Auto,Auto,Normal,1,Cooling,0,0,69.8,60,440,P0,P0,71.6,Auto,Auto,Normal,2,Cooling,0,7,69.8,50,810,P0,P0,69.8,Auto,Auto,Normal
9/19/2026 15:41,Cooling,OFF,0,162.5,255,255,255,255,84,0,0,1,93.2,103.1,153.5,55.4,60,50.9,72.5,72.5,52.7,130.1,4,242.1,ON,22,22,560,559,OFF,Cooling,0,0,241,0,Cooling,0,0,69.8,58.1,440,P0,P0,71.6,Auto,Auto,Normal,1,Cooling,0,0,69.8,62.6,440,P0,P0,71.6,Auto,Auto,Normal,2,Cooling,0,7,69.8,50,810,P0,P0,69.8,Auto,Auto,Normal
9/19/2026 15:42,Cooling,OFF,0,163.4,255,255,255,255,84,0,0,1,93.2,104,152.6,59,60,47.3,74.3,72.5,52.7,130.1,4,242.1,ON,22,22,560,559,OFF,Cooling,0,0,239,0,Cooling,0,0,69.8,59.9,440,P0,P0,71.6,Auto,Auto,Normal,1,Cooling,0,0,70.7,64.4,440,P0,P0,71.6,Auto,Auto,Normal,2,Cooling,0,7,69.8,50,810,P0,P0,69.8,Auto,Auto,Normal
9/19/2026 15:42,Cooling,OFF,0,164.3,255,255,255,255,84,0,0,1,93.2,104,152.6,60,60,47.3,75.2,73.4,52.7,130.1,4,242.1,ON,22,22,560,558,OFF,Cooling,0,0,236,0,Cooling,0,0,69.8,61.7,440,P0,P0,71.6,Auto,Auto,Normal,1,Cooling,0,0,70.7,67.1,440,P0,P0,71.6,Auto,Auto,Normal,2,Cooling,0,7,69.8,50,810,P0,P0,69.8,Auto,Auto,Normal
9/19/2026 15:43,Cooling,OFF,0,164.3,255,255,255,255,84,0,0,1,93.2,104,151.7,62.6,61.7,47.3,76.1,74.3,52.7,130.1,4,244.4,ON,22,22,560,558,OFF,Cooling,0,0,233,0,Cooling,0,0,69.8,62.6,440,P0,P0,71.6,Auto,Auto,Normal,1,Cooling,0,0,70.7,68,440,P0,P0,71.6,Auto,Auto,Normal,2,Cooling,0,7,69.8,50,810,P0,P0,69.8,Auto,Auto,Normal
9/19/2026 15:43,Cooling,OFF,0,164.3,255,255,255,255,84,0,0,1,93.2,104,151.7,64.4,62.6,47.3,77,74.3,51.8,130.1,4,242.1,ON,22,22,560,559,OFF,Cooling,0,0,231,0,Cooling,0,0,69.8,64.4,440,P0,P0,71.6,Auto,Auto,Normal,1,Cooling,0,0,70.7,68.9,440,P0,P0,71.6,Auto,Auto,Normal,2,Cooling,0,7,69.8,50,810,P0,P0,69.8,Auto,Auto,Normal
9/19/2026 15:44,Cooling,OFF,0,165.2,255,255,255,255,84,0,0,1,93.2,104.9,150.8,65.3,62.6,47.3,77,75.2,51.8,130.1,4,242.1,ON,22,22,560,558,OFF,Cooling,0,0,228,0,Cooling,0,0,69.8,66.2,440,P0,P0,71.6,Auto,Auto,Normal,1,Cooling,0,0,70.7,69.8,440,P0,P0,71.6,Auto,Auto,Normal,2,Cooling,0,7,69.8,50,810,P0,P0,69.8,Auto,Auto,Normal
9/19/2026 15:44,Cooling,OFF,0,167,255,255,255,255,84,0,0,1,93.2,104,150.8,66.2,63.5,47.3,77.9,76.1,51.8,130.1,4,242.1,ON,22,22,560,559,OFF,Cooling,0,0,225,0,Cooling,0,0,69.8,67.1,440,P0,P0,71.6,Auto,Auto,Normal,1,Cooling,0,0,70.7,69.8,440,P0,P0,71.6,Auto,Auto,Normal,2,Cooling,0,7,70.7,49.1,810,P0,P0,69.8,Auto,Auto,Normal
9/19/2026 15:45,Cooling,OFF,0,166.1,255,255,255,255,84,0,0,1,93.2,104,149.9,66.2,64.4,49.1,78.8,76.1,50.9,129.2,4,242.1,ON,22,22,560,558,OFF,Cooling,0,0,222,0,Cooling,0,0,69.8,68,440,P0,P0,71.6,Auto,Auto,Normal,1,Cooling,0,0,70.7,69.8,440,P0,P0,71.6,Auto,Auto,Normal,2,Cooling,0,7,69.8,48.2,810,P0,P0,69.8,Auto,Auto,Normal
9/19/2026 15:45,Cooling,OFF,0,165.2,255,255,255,255,84,0,0,1,93.2,103.1,149.9,67.1,64.4,51.8,79.7,77,50.9,129.2,4,244.4,ON,22,22,560,559,OFF,Cooling,0,0,219,0,Cooling,0,0,69.8,68.9,440,P0,P0,71.6,Auto,Auto,Normal,1,Cooling,0,0,70.7,69.8,440,P0,P0,71.6,Auto,Auto,Normal,2,Cooling,0,7,69.8,49.1,810,P0,P0,69.8,Auto,Auto,Normal
9/19/2026 15:46,Cooling,OFF,0,166.1,255,255,255,255,84,0,0,1,93.2,103.1,149.9,68,66.2,55.4,79.7,77,50.9,129.2,4,242.1,ON,22,22,560,559,OFF,Cooling,0,0,217,0,Cooling,0,0,69.8,68.9,440,P0,P0,71.6,Auto,Auto,Normal,1,Cooling,0,0,70.7,69.8,440,P0,P0,71.6,Auto,Auto,Normal,2,Cooling,0,7,69.8,48.2,810,P0,P0,69.8,Auto,Auto,Normal
9/19/2026 15:46,Cooling,OFF,0,165.2,255,255,255,255,84,0,0,1,93.2,104,149.9,68.9,67.1,59,80.6,77,50,129.2,4,242.1,ON,22,22,560,559,OFF,Cooling,0,0,214,0,Cooling,0,0,69.8,69.8,440,P0,P0,71.6,Auto,Auto,Normal,1,Cooling,0,0,70.7,70.7,440,P0,P0,71.6,Auto,Auto,Normal,2,Cooling,0,7,69.8,48.2,810,P0,P0,69.8,Auto,Auto,Normal
9/19/2026 15:47,Cooling,OFF,0,166.1,255,255,255,255,84,0,0,1,93.2,104,150.8,69.8,68,60,80.6,77,50,129.2,4,239.8,ON,22,22,560,559,OFF,Cooling,0,20,213,0,Cooling,0,0,69.8,69.8,440,P0,P0,71.6,Auto,Auto,Normal,1,Cooling,0,4,70.7,70.7,770,P0,P0,71.6,Auto,Auto,Normal,2,Cooling,0,7,70.7,48.2,810,P0,P0,69.8,Auto,Auto,Normal
9/19/2026 15:47,Cooling,OFF,0,166.1,255,255,255,255,84,0,0,1,93.2,105.8,151.7,69.8,68,62.6,81.5,64.4,53.6,130.1,6,240.5,ON,35,35,760,759,OFF,Cooling,0,258,258,0,Cooling,0,0,70.7,69.8,440,P0,P0,71.6,Auto,Auto,Normal,1,Cooling,0,4,70.7,57.2,770,P0,P0,71.6,Auto,Auto,Normal,2,Cooling,0,7,69.8,49.1,810,P0,P0,69.8,Auto,Auto,Normal
9/19/2026 15:48,Cooling,OFF,0,169.7,255,255,255,255,84,0,0,1,93.2,105.8,152.6,69.8,52.7,50,81.5,66.2,53.6,131,6,240.5,ON,35,35,760,759,OFF,Cooling,0,258,256,0,Cooling,0,0,70.7,69.8,440,P0,P0,71.6,Auto,Auto,Normal,1,Cooling,0,4,70.7,53.6,770,P0,P0,71.6,Auto,Auto,Normal,2,Cooling,0,7,69.8,50.9,810,P0,P0,69.8,Auto,Auto,Normal
9/19/2026 15:48,Cooling,OFF,0,167.9,255,255,255,255,84,0,0,1,93.2,105.8,152.6,65.3,48.2,48.2,82.4,64.4,51.8,130.1,6,240.5,ON,35,35,760,759,OFF,Cooling,0,256,254,0,Cooling,0,0,70.7,69.8,440,P0,P0,71.6,Auto,Auto,Normal,1,Cooling,0,4,70.7,51.8,770,P0,P0,71.6,Auto,Auto,Normal,2,Cooling,0,7,70.7,50,810,P0,P0,69.8,Auto,Auto,Normal
9/19/2026 15:49,Cooling,OFF,0,171.5,255,255,255,255,84,0,0,1,93.2,106.7,153.5,62.6,46.4,51.8,82.4,62.6,50.9,131,6,240.5,ON,35,35,760,759,OFF,Cooling,0,256,254,0,Cooling,0,0,70.7,69.8,440,P0,P0,71.6,Auto,Auto,Normal,1,Cooling,0,4,70.7,50,770,P0,P0,71.6,Auto,Auto,Normal,2,Cooling,0,7,70.7,53.6,810,P0,P0,69.8,Auto,Auto,Normal
9/19/2026 15:49,Cooling,OFF,0,169.7,255,255,255,255,84,0,0,1,93.2,105.8,153.5,61.7,45.5,55.4,83.3,60,50,130.1,6,240.5,ON,35,35,760,759,OFF,Cooling,0,252,252,0,Cooling,0,0,70.7,70.7,440,P0,P0,71.6,Auto,Auto,Normal,1,Cooling,0,4,70.7,50,770,P0,P0,71.6,Auto,Auto,Normal,2,Cooling,0,7,70.7,58.1,810,P0,P0,69.8,Auto,Auto,Normal
9/19/2026 15:50,Cooling,OFF,0,169.7,255,255,255,255,84,0,0,1,93.2,104.9,152.6,60,44.6,58.1,83.3,60,49.1,130.1,6,240.4,ON,35,35,760,759,OFF,Cooling,0,248,252,0,Cooling,0,0,70.7,70.7,440,P0,P0,71.6,Auto,Auto,Normal,1,Cooling,0,2,69.8,49.1,770,P0,P0,71.6,Auto,Auto,Normal,2,Cooling,0,7,70.7,59,810,P0,P0,69.8,Auto,Auto,Normal
9/19/2026 15:50,Cooling,OFF,0,169.7,255,255,255,255,84,0,0,1,93.2,104.9,152.6,59.9,44.6,59.9,83.3,59.9,49.1,130.1,6,240.4,ON,35,35,760,759,OFF,Cooling,0,242,251,0,Cooling,0,0,70.7,70.7,440,P0,P0,71.6,Auto,Auto,Normal,1,Cooling,0,2,69.8,48.2,770,P0,P0,71.6,Auto,Auto,Normal,2,Cooling,0,7,70.7,59,810,P0,P0,69.8,Auto,Auto,Normal
9/19/2026 15:51,Cooling,OFF,0,169.7,255,255,255,255,84,0,0,1,93.2,104.9,152.6,59,44.6,60,83.3,59.9,49.1,130.1,6,242.8,ON,35,35,760,759,OFF,Cooling,0,240,249,0,Cooling,0,0,70.7,70.7,440,P0,P0,71.6,Auto,Auto,Normal,1,Cooling,0,2,69.8,48.2,770,P0,P0,71.6,Auto,Auto,Normal,2,Cooling,0,7,70.7,59,810,P0,P0,69.8,Auto,Auto,Normal
9/19/2026 15:51,Cooling,OFF,0,170.6,255,255,255,255,84,0,0,1,93.2,105.8,152.6,59,44.6,61.7,83.3,59,49.1,130.1,6,242.8,ON,35,35,760,759,OFF,Cooling,0,235,249,0,Cooling,0,0,70.7,70.7,440,P0,P0,71.6,Auto,Auto,Normal,1,Cooling,0,2,69.8,48.2,770,P0,P0,71.6,Auto,Auto,Normal,2,Cooling,0,7,70.7,59.9,810,P0,P0,69.8,Auto,Auto,Normal
9/19/2026 15:52,Cooling,OFF,0,171.5,255,255,255,255,84,0,0,1,93.2,104.9,151.7,59,45.5,62.6,83.3,59,51.8,129.2,4,244.4,ON,22,22,560,558,OFF,Cooling,0,0,253,0,Cooling,0,0,70.7,70.7,440,P0,P0,71.6,Auto,Auto,Normal,1,Cooling,0,0,69.8,47.3,440,P0,P0,71.6,Auto,Auto,Normal,2,Cooling,0,7,70.7,57.2,810,P0,P0,69.8,Auto,Auto,Normal
9/19/2026 15:52,Cooling,OFF,0,161.6,255,255,255,255,84,0,0,1,93.2,104,150.8,59.9,49.1,64.4,84.2,66.2,53.6,129.2,4,242.1,ON,22,22,560,559,OFF,Cooling,0,0,250,0,Cooling,0,0,70.7,70.7,440,P0,P0,71.6,Auto,Auto,Normal,1,Cooling,0,0,69.8,52.7,440,P0,P0,71.6,Auto,Auto,Normal,2,Cooling,0,7,70.7,50,810,P0,P0,69.8,Auto,Auto,Normal
9/19/2026 15:53,Cooling,OFF,0,163.4,255,255,255,255,84,0,0,1,93.2,103.1,149.9,62.6,51.8,62.6,65.3,69.8,52.7,129.2,5,242.4,ON,34,35,760,558,OFF,Cooling,258,0,258,0,Cooling,0,4,70.7,71.6,770,P0,P0,71.6,Auto,Auto,Normal,1,Cooling,0,0,69.8,56.3,440,P0,P0,71.6,Auto,Auto,Normal,2,Cooling,0,7,70.7,50,810,P0,P0,69.8,Auto,Auto,Normal
9/19/2026 15:53,Cooling,OFF,0,165.2,255,255,255,255,84,0,0,1,93.2,104,149,55.4,52.7,50.9,57.2,71.6,52.7,129.2,6,242.7,ON,35,35,760,759,OFF,Cooling,255,0,255,0,Cooling,0,4,70.7,50.9,770,P0,P0,71.6,Auto,Auto,Normal,1,Cooling,0,0,69.8,57.2,440,P0,P0,71.6,Auto,Auto,Normal,2,Cooling,0,7,70.7,50,810,P0,P0,69.8,Auto,Auto,Normal
9/19/2026 15:54,Cooling,OFF,0,166.1,255,255,255,255,84,0,0,1,93.2,105.8,149,48.2,50.9,51.8,55.4,72.5,51.8,130.1,6,242.8,ON,35,35,760,759,OFF,Cooling,254,0,254,0,Cooling,0,4,70.7,50,770,P0,P0,71.6,Auto,Auto,Normal,1,Cooling,0,0,69.8,59,440,P0,P0,71.6,Auto,Auto,Normal,2,Cooling,0,7,70.7,50,810,P0,P0,69.8,Auto,Auto,Normal
9/19/2026 15:54,Cooling,OFF,0,169.7,255,255,255,255,84,0,0,1,93.2,105.8,149,46.4,50.9,53.6,53.6,72.5,50.9,130.1,6,242.8,ON,35,35,760,759,OFF,Cooling,249,0,251,0,Cooling,0,4,70.7,48.2,770,P0,P0,71.6,Auto,Auto,Normal,1,Cooling,0,0,69.8,59.9,440,P0,P0,71.6,Auto,Auto,Normal,2,Cooling,0,7,70.7,57.2,810,P0,P0,69.8,Auto,Auto,Normal
9/19/2026 15:55,Cooling,OFF,0,171.5,255,255,255,255,84,0,0,1,93.2,105.8,148.1,45.5,50,57.2,52.7,73.4,50,130.1,6,242.8,ON,35,35,760,759,OFF,Cooling,247,0,249,0,Cooling,0,2,69.8,47.3,770,P0,P0,71.6,Auto,Auto,Normal,1,Cooling,0,0,70.7,61.7,440,P0,P0,71.6,Auto,Auto,Normal,2,Cooling,0,7,70.7,59.9,810,P0,P0,69.8,Auto,Auto,Normal
9/19/2026 15:55,Cooling,OFF,0,172.4,255,255,255,255,84,0,0,1,93.2,105.8,148.1,45.5,50,59.9,53.6,73.4,51.8,129.2,4,242.1,ON,22,22,560,559,OFF,Cooling,0,0,253,0,Cooling,0,0,69.8,46.4,440,P0,P0,71.6,Auto,Auto,Normal,1,Cooling,0,0,70.7,63.5,440,P0,P0,71.6,Auto,Auto,Normal,2,Cooling,0,7,70.7,58.1,810,P0,P0,69.8,Auto,Auto,Normal
9/19/2026 15:56,Cooling,OFF,0,161.6,255,255,255,255,84,0,0,1,93.2,104,147.2,49.1,51.8,63.5,62.6,73.4,51.8,129.2,4,242.1,ON,22,22,560,559,OFF,Cooling,0,0,249,0,Cooling,0,0,69.8,50.9,440,P0,P0,71.6,Auto,Auto,Normal,1,Cooling,0,0,70.7,64.4,440,P0,P0,71.6,Auto,Auto,Normal,2,Cooling,0,7,70.7,50,810,P0,P0,69.8,Auto,Auto,Normal
9/19/2026 15:56,Cooling,OFF,0,165.2,255,255,255,255,84,0,0,1,93.2,104,146.3,50.9,52.7,65.3,67.1,74.3,51.8,129.2,4,242.1,ON,22,22,560,558,OFF,Cooling,0,0,247,0,Cooling,0,0,69.8,54.5,440,P0,P0,71.6,Auto,Auto,Normal,1,Cooling,0,0,70.7,67.1,440,P0,P0,71.6,Auto,Auto,Normal,2,Cooling,0,7,70.7,49.1,810,P0,P0,69.8,Auto,Auto,Normal
9/19/2026 15:57,Cooling,OFF,0,165.2,255,255,255,255,84,0,0,1,93.2,104,146.3,52.7,57.2,62.6,69.8,74.3,51.8,128.3,4,242.1,ON,22,22,560,558,OFF,Cooling,0,0,242,0,Cooling,0,0,69.8,57.2,440,P0,P0,71.6,Auto,Auto,Normal,1,Cooling,0,0,70.7,68,440,P0,P0,71.6,Auto,Auto,Normal,2,Cooling,0,7,70.7,49.1,810,P0,P0,69.8,Auto,Auto,Normal
9/19/2026 15:57,Cooling,OFF,0,166.1,255,255,255,255,84,0,0,1,93.2,104,146.3,54.5,60,57.2,71.6,74.3,51.8,129.2,4,242.1,ON,22,22,560,559,OFF,Cooling,0,0,240,0,Cooling,0,0,69.8,58.1,440,P0,P0,71.6,Auto,Auto,Normal,1,Cooling,0,0,70.7,68.9,440,P0,P0,71.6,Auto,Auto,Normal,2,Cooling,0,7,70.7,49.1,810,P0,P0,69.8,Auto,Auto,Normal
9/19/2026 15:58,Cooling,OFF,0,166.1,255,255,255,255,84,0,0,1,93.2,104,146.3,57.2,61.7,53.6,73.4,75.2,51.8,128.3,4,242.1,ON,22,22,560,559,OFF,Cooling,0,0,237,0,Cooling,0,0,69.8,59.9,440,P0,P0,71.6,Auto,Auto,Normal,1,Cooling,0,0,70.7,69.8,440,P0,P0,71.6,Auto,Auto,Normal,2,Cooling,0,7,70.7,49.1,810,P0,P0,69.8,Auto,Auto,Normal
9/19/2026 15:58,Cooling,OFF,0,165.2,255,255,255,255,84,0,0,1,93.2,104,146.3,60,62.6,47.3,74.3,75.2,51.8,128.3,3.75,244.4,ON,22,22,560,558,OFF,Cooling,0,0,235,0,Cooling,0,0,69.8,60,440,P0,P0,71.6,Auto,Auto,Normal,1,Cooling,0,0,70.7,69.8,440,P0,P0,71.6,Auto,Auto,Normal,2,Cooling,0,7,70.7,49.1,810,P0,P0,69.8,Auto,Auto,Normal
9/19/2026 15:59,Cooling,OFF,0,164.3,255,255,255,255,84,0,0,1,93.2,103.1,146.3,62.6,62.6,47.3,75.2,76.1,51.8,128.3,4,242.1,ON,22,22,560,559,OFF,Cooling,0,0,231,0,Cooling,0,0,69.8,62.6,440,P0,P0,71.6,Auto,Auto,Normal,1,Cooling,0,0,70.7,69.8,440,P0,P0,71.6,Auto,Auto,Normal,2,Cooling,0,7,70.7,49.1,810,P0,P0,69.8,Auto,Auto,Normal
9/19/2026 15:59,Cooling,OFF,0,164.3,255,255,255,255,84,0,0,1,93.2,103.1,146.3,64.4,63.5,47.3,76.1,76.1,51.8,128.3,3.75,244.4,ON,22,22,560,559,OFF,Cooling,0,0,229,0,Cooling,0,0,69.8,64.4,440,P0,P0,71.6,Auto,Auto,Normal,1,Cooling,0,0,70.7,69.8,440,P0,P0,71.6,Auto,Auto,Normal,2,Cooling,0,7,70.7,49.1,810,P0,P0,69.8,Auto,Auto,Normal
9/19/2026 16:00,Cooling,OFF,0,164.3,255,255,255,255,84,0,0,1,93.2,103.1,146.3,66.2,64.4,50.9,77.9,73.4,51.8,128.3,4,244.4,ON,27,35,560,559,OFF,Cooling,0,236,224,0,Cooling,0,0,69.8,67.1,440,P0,P0,71.6,Auto,Auto,Normal,1,Cooling,0,4,70.7,70.7,770,P0,P0,71.6,Auto,Auto,Normal,2,Cooling,0,7,69.8,48.2,810,P0,P0,69.8,Auto,Auto,Normal
9/19/2026 16:01,Cooling,OFF,0,168.8,255,255,255,255,84,0,0,1,93.2,104.9,146.3,66.2,64.4,50.9,78.8,64.4,53.6,129.2,6,245,ON,35,35,760,759,OFF,Cooling,0,256,256,0,Cooling,0,0,69.8,68,440,P0,P0,71.6,Auto,Auto,Normal,1,Cooling,0,4,70.7,57.2,770,P0,P0,71.6,Auto,Auto,Normal,2,Cooling,0,7,69.8,50,810,P0,P0,69.8,Auto,Auto,Normal
9/19/2026 16:01,Cooling,OFF,0,168.8,255,255,255,255,84,0,0,1,93.2,105.8,146.3,66.2,50.9,48.2,79.7,64.4,52.7,130.1,6,242.8,ON,35,35,760,758,OFF,Cooling,0,255,253,0,Cooling,0,0,69.8,68.9,440,P0,P0,71.6,Auto,Auto,Normal,1,Cooling,0,4,70.7,52.7,770,P0,P0,71.6,Auto,Auto,Normal,2,Cooling,0,7,69.8,50,810,P0,P0,69.8,Auto,Auto,Normal
9/19/2026 16:02,Cooling,OFF,0,168.8,255,255,255,255,84,0,0,1,93.2,105.8,147.2,62.6,47.3,50,79.7,62.6,50.9,130.1,6,242.7,ON,35,35,760,759,OFF,Cooling,0,253,251,0,Cooling,0,0,69.8,69.8,440,P0,P0,71.6,Auto,Auto,Normal,1,Cooling,0,4,70.7,50.9,770,P0,P0,71.6,Auto,Auto,Normal,2,Cooling,0,7,69.8,52.7,810,P0,P0,69.8,Auto,Auto,Normal
9/19/2026 16:02,Cooling,OFF,0,168.8,255,255,255,255,84,0,0,1,93.2,104.9,147.2,60,45.5,53.6,79.7,60,50,130.1,6,242.7,ON,35,35,760,759,OFF,Cooling,0,251,249,0,Cooling,0,0,69.8,69.8,440,P0,P0,71.6,Auto,Auto,Normal,1,Cooling,0,4,70.7,50,770,P0,P0,71.6,Auto,Auto,Normal,2,Cooling,0,7,69.8,57.2,810,P0,P0,69.8,Auto,Auto,Normal
9/19/2026 16:03,Cooling,OFF,0,167.9,255,255,255,255,84,0,0,1,93.2,104.9,147.2,59.9,44.6,57.2,80.6,60,49.1,130.1,6,242.7,ON,35,35,760,759,OFF,Cooling,0,246,246,0,Cooling,0,0,69.8,69.8,440,P0,P0,71.6,Auto,Auto,Normal,1,Cooling,0,2,69.8,49.1,770,P0,P0,71.6,Auto,Auto,Normal,2,Cooling,0,7,69.8,58.1,810,P0,P0,69.8,Auto,Auto,Normal
9/19/2026 16:03,Cooling,OFF,0,168.8,255,255,255,255,84,0,0,1,93.2,104.9,148.1,59,44.6,59,81.5,59.9,49.1,130.1,6,242.7,ON,35,35,760,759,OFF,Cooling,0,241,245,0,Cooling,0,0,70.7,69.8,440,P0,P0,71.6,Auto,Auto,Normal,1,Cooling,0,2,69.8,48.2,770,P0,P0,71.6,Auto,Auto,Normal,2,Cooling,0,7,69.8,59,810,P0,P0,69.8,Auto,Auto,Normal
9/19/2026 16:04,Cooling,OFF,0,169.7,255,255,255,255,84,0,0,1,93.2,104.9,148.1,59,44.6,59.9,81.5,59,49.1,130.1,6,242.7,ON,35,35,760,759,OFF,Cooling,0,237,246,0,Cooling,0,0,70.7,69.8,440,P0,P0,71.6,Auto,Auto,Normal,1,Cooling,0,2,69.8,48.2,770,P0,P0,71.6,Auto,Auto,Normal,2,Cooling,0,7,69.8,59.9,810,P0,P0,69.8,Auto,Auto,Normal
9/19/2026 16:04,Cooling,OFF,0,169.7,255,255,255,255,84,0,0,1,93.2,104.9,148.1,58.1,46.4,61.7,82.4,59.9,52.7,129.2,4,244.4,ON,22,22,560,559,OFF,Cooling,0,0,253,0,Cooling,0,0,70.7,69.8,440,P0,P0,71.6,Auto,Auto,Normal,1,Cooling,0,0,69.8,48.2,440,P0,P0,71.6,Auto,Auto,Normal,2,Cooling,0,7,69.8,53.6,810,P0,P0,69.8,Auto,Auto,Normal
9/19/2026 16:05,Cooling,OFF,0,164.3,255,255,255,255,84,0,0,1,93.2,104.9,147.2,59.9,50,63.5,82.4,67.1,53.6,129.2,4,244.4,ON,22,22,560,558,OFF,Cooling,0,0,249,0,Cooling,0,0,70.7,70.7,440,P0,P0,71.6,Auto,Auto,Normal,1,Cooling,0,0,69.8,52.7,440,P0,P0,71.6,Auto,Auto,Normal,2,Cooling,0,7,69.8,50,810,P0,P0,69.8,Auto,Auto,Normal
9/19/2026 16:05,Cooling,OFF,0,165.2,255,255,255,255,84,0,0,1,93.2,104,146.3,62.6,51.8,60,83.3,69.8,52.7,129.2,4,244.4,ON,22,22,560,558,OFF,Cooling,0,0,247,0,Cooling,0,0,70.7,70.7,440,P0,P0,71.6,Auto,Auto,Normal,1,Cooling,0,0,69.8,56.3,440,P0,P0,71.6,Auto,Auto,Normal,2,Cooling,0,7,69.8,50,810,P0,P0,69.8,Auto,Auto,Normal
9/19/2026 16:06,Cooling,OFF,0,165.2,255,255,255,255,84,0,0,1,93.2,104.9,146.3,63.5,52.7,49.1,83.3,72.5,52.7,129.2,4,244.4,ON,22,22,560,558,OFF,Cooling,0,0,242,0,Cooling,0,0,70.7,70.7,440,P0,P0,71.6,Auto,Auto,Normal,1,Cooling,0,0,69.8,58.1,440,P0,P0,71.6,Auto,Auto,Normal,2,Cooling,0,7,69.8,50,810,P0,P0,69.8,Auto,Auto,Normal
9/19/2026 16:06,Cooling,OFF,0,167,255,255,255,255,84,0,0,1,93.2,104.9,146.3,64.4,53.6,47.3,83.3,73.4,52.7,129.2,4,244.4,ON,22,22,560,559,OFF,Cooling,0,0,240,0,Cooling,0,0,70.7,70.7,440,P0,P0,71.6,Auto,Auto,Normal,1,Cooling,0,0,69.8,59.9,440,P0,P0,71.6,Auto,Auto,Normal,2,Cooling,0,7,69.8,50,810,P0,P0,69.8,Auto,Auto,Normal
9/19/2026 16:07,Cooling,OFF,0,167,255,255,255,255,84,0,0,1,93.2,104.9,146.3,64.4,55.4,47.3,83.3,74.3,52.7,129.2,4,244.4,ON,22,22,560,558,OFF,Cooling,0,0,236,0,Cooling,0,0,70.7,70.7,440,P0,P0,71.6,Auto,Auto,Normal,1,Cooling,0,0,69.8,59.9,440,P0,P0,71.6,Auto,Auto,Normal,2,Cooling,0,7,69.8,50,810,P0,P0,69.8,Auto,Auto,Normal
9/19/2026 16:07,Cooling,OFF,0,167,255,255,255,255,84,0,0,1,94.1,104.9,146.3,65.3,58.1,47.3,83.3,74.3,52.7,129.2,4,244.4,ON,22,22,560,558,OFF,Cooling,0,0,234,0,Cooling,0,0,70.7,70.7,440,P0,P0,71.6,Auto,Auto,Normal,1,Cooling,0,0,70.7,62.6,440,P0,P0,71.6,Auto,Auto,Normal,2,Cooling,0,7,70.7,50,810,P0,P0,69.8,Auto,Auto,Normal
9/19/2026 16:08,Cooling,OFF,0,167.9,255,255,255,255,84,0,0,1,94.1,104.9,146.3,66.2,59.9,47.3,83.3,75.2,52.7,129.2,4,244.4,ON,22,22,560,558,OFF,Cooling,0,0,230,0,Cooling,0,0,70.7,70.7,440,P0,P0,71.6,Auto,Auto,Normal,1,Cooling,0,0,70.7,64.4,440,P0,P0,71.6,Auto,Auto,Normal,2,Cooling,0,7,69.8,50,810,P0,P0,69.8,Auto,Auto,Normal
9/19/2026 16:08,Cooling,OFF,0,167.9,255,255,255,255,84,0,0,1,95,105.8,146.3,66.2,60,47.3,84.2,76.1,51.8,129.2,4,244.4,ON,22,22,560,558,OFF,Cooling,0,0,228,0,Cooling,0,0,70.7,70.7,440,P0,P0,71.6,Auto,Auto,Normal,1,Cooling,0,0,70.7,66.2,440,P0,P0,71.6,Auto,Auto,Normal,2,Cooling,0,7,69.8,49.1,810,P0,P0,69.8,Auto,Auto,Normal
9/19/2026 16:09,Cooling,OFF,0,168.8,255,255,255,255,82,0,0,1,94.1,104.9,146.3,67.1,62.6,47.3,60,77,52.7,129.2,6,245.1,ON,35,35,760,749,OFF,Cooling,258,0,258,0,Cooling,0,4,70.7,71.6,770,P0,P0,71.6,Auto,Auto,Normal,1,Cooling,0,0,70.7,67.1,440,P0,P0,71.6,Auto,Auto,Normal,2,Cooling,0,7,69.8,49.1,810,P0,P0,69.8,Auto,Auto,Normal
9/19/2026 16:09,Cooling,OFF,0,171.5,255,255,255,255,82,0,0,1,95,106.7,146.3,52.7,58.1,49.1,59,77,53.6,130.1,6,242.8,ON,35,35,760,759,OFF,Cooling,256,0,256,0,Cooling,0,4,70.7,51.8,770,P0,P0,71.6,Auto,Auto,Normal,1,Cooling,0,0,70.7,68.9,440,P0,P0,71.6,Auto,Auto,Normal,2,Cooling,0,7,69.8,50.9,810,P0,P0,69.8,Auto,Auto,Normal
9/19/2026 16:10,Cooling,OFF,0,170.6,255,255,255,255,84,0,0,1,94.1,105.8,146.3,49.1,52.7,48.2,56.3,77,52.7,130.1,6,242.7,ON,35,35,760,759,OFF,Cooling,251,0,251,0,Cooling,0,4,70.7,50,770,P0,P0,71.6,Auto,Auto,Normal,1,Cooling,0,0,70.7,69.8,440,P0,P0,71.6,Auto,Auto,Normal,2,Cooling,0,7,69.8,50,810,P0,P0,69.8,Auto,Auto,Normal
9/19/2026 16:10,Cooling,OFF,0,168.8,255,255,255,255,84,0,0,1,94.1,104.9,146.3,47.3,51.8,51.8,54.5,77,51.8,130.1,6,242.7,ON,35,35,760,759,OFF,Cooling,249,0,249,0,Cooling,0,4,70.7,49.1,770,P0,P0,71.6,Auto,Auto,Normal,1,Cooling,0,0,70.7,69.8,440,P0,P0,71.6,Auto,Auto,Normal,2,Cooling,0,7,69.8,50,810,P0,P0,69.8,Auto,Auto,Normal
9/19/2026 16:11,Cooling,OFF,0,168.8,255,255,255,255,84,0,0,1,93.2,104.9,146.3,45.5,50.9,55.4,53.6,77,50.9,130.1,5.75,242.7,ON,35,35,760,758,OFF,Cooling,244,0,247,0,Cooling,0,2,69.8,47.3,770,P0,P0,71.6,Auto,Auto,Normal,1,Cooling,0,0,70.7,69.8,440,P0,P0,71.6,Auto,Auto,Normal,2,Cooling,0,7,69.8,56.3,810,P0,P0,69.8,Auto,Auto,Normal
9/19/2026 16:11,Cooling,OFF,0,169.7,255,255,255,255,84,0,0,1,93.2,104,146.3,45.5,50,58.1,51.8,76.1,51.8,130.1,4,242.1,ON,22,22,560,558,OFF,Cooling,0,0,253,0,Cooling,0,0,69.8,46.4,440,P0,P0,71.6,Auto,Auto,Normal,1,Cooling,0,0,70.7,69.8,440,P0,P0,71.6,Auto,Auto,Normal,2,Cooling,0,7,69.8,53.6,810,P0,P0,69.8,Auto,Auto,Normal
9/19/2026 16:12,Cooling,OFF,0,163.4,255,255,255,255,84,0,0,1,93.2,104,146.3,49.1,51.8,62.6,61.7,76.1,51.8,129.2,4,242.1,ON,22,22,560,559,OFF,Cooling,0,0,252,0,Cooling,0,0,69.8,50,440,P0,P0,71.6,Auto,Auto,Normal,1,Cooling,0,4,70.7,69.8,440,P0,P0,71.6,Auto,Auto,Normal,2,Cooling,0,7,70.7,50,810,P0,P0,69.8,Auto,Auto,Normal
9/19/2026 16:12,Cooling,OFF,0,163.4,255,255,255,255,84,0,0,1,94.1,104,145.4,50.9,57.2,62.6,66.2,59.9,50,130.1,5.75,242.7,ON,35,35,760,759,OFF,Cooling,0,255,255,0,Cooling,0,0,69.8,53.6,440,P0,P0,71.6,Auto,Auto,Normal,1,Cooling,0,4,70.7,62.6,770,P0,P0,71.6,Auto,Auto,Normal,2,Cooling,0,7,69.8,51.8,810,P0,P0,69.8,Auto,Auto,Normal
9/19/2026 16:13,Cooling,OFF,0,163.4,255,255,255,255,84,0,0,1,94.1,104,146.3,51.8,56.3,62.6,69.8,60,50.9,130.1,5.75,242.7,ON,35,35,760,759,OFF,Cooling,0,255,255,0,Cooling,0,0,69.8,57.2,440,P0,P0,71.6,Auto,Auto,Normal,1,Cooling,0,4,70.7,50,770,P0,P0,71.6,Auto,Auto,Normal,2,Cooling,0,7,69.8,56.3,810,P0,P0,69.8,Auto,Auto,Normal
9/19/2026 16:13,Cooling,OFF,0,164.3,255,255,255,255,82,0,0,1,95,104.9,146.3,53.6,45.5,60,70.7,60,50,130.1,6,242.7,ON,35,35,760,759,OFF,Cooling,0,249,254,0,Cooling,0,0,69.8,58.1,440,P0,P0,71.6,Auto,Auto,Normal,1,Cooling,0,4,70.7,50,770,P0,P0,71.6,Auto,Auto,Normal,2,Cooling,0,7,70.7,59,810,P0,P0,69.8,Auto,Auto,Normal
9/19/2026 16:14,Cooling,OFF,0,167.9,255,255,255,255,82,0,0,1,95.9,104.9,147.2,55.4,44.6,61.7,72.5,59,49.1,130.1,6,242.7,ON,35,35,760,759,OFF,Cooling,0,247,252,0,Cooling,0,0,69.8,59,440,P0,P0,71.6,Auto,Auto,Normal,1,Cooling,0,4,70.7,49.1,770,P0,P0,71.6,Auto,Auto,Normal,2,Cooling,0,7,70.7,59.9,810,P0,P0,69.8,Auto,Auto,Normal
9/19/2026 16:14,Cooling,OFF,0,168.8,255,255,255,255,79,0,0,1,96.8,104.9,147.2,57.2,44.6,62.6,73.4,59,49.1,130.1,6,242.7,ON,35,35,760,758,OFF,Cooling,0,243,253,0,Cooling,0,0,69.8,60,440,P0,P0,71.6,Auto,Auto,Normal,1,Cooling,0,2,69.8,48.2,770,P0,P0,71.6,Auto,Auto,Normal,2,Cooling,0,7,70.7,59.9,810,P0,P0,69.8,Auto,Auto,Normal
9/19/2026 16:15,Cooling,OFF,0,169.7,255,255,255,255,79,0,0,1,96.8,104.9,147.2,57.2,44.6,62.6,74.3,59,49.1,130.1,6,242.7,ON,35,35,760,759,OFF,Cooling,0,239,254,0,Cooling,0,0,69.8,62.6,440,P0,P0,71.6,Auto,Auto,Normal,1,Cooling,0,2,69.8,48.2,770,P0,P0,71.6,Auto,Auto,Normal,2,Cooling,0,7,70.7,59.9,810,P0,P0,69.8,Auto,Auto,Normal
9/19/2026 16:15,Cooling,OFF,0,169.7,255,255,255,255,79,0,0,1,96.8,104.9,147.2,57.2,44.6,63.5,74.3,59,49.1,129.2,6,242.7,ON,35,35,760,759,OFF,Cooling,0,232,252,0,Cooling,0,0,69.8,64.4,440,P0,P0,71.6,Auto,Auto,Normal,1,Cooling,0,2,69.8,48.2,770,P0,P0,71.6,Auto,Auto,Normal,2,Cooling,0,7,70.7,59.9,810,P0,P0,69.8,Auto,Auto,Normal
9/19/2026 16:16,Cooling,OFF,0,169.7,255,255,255,255,82,0,0,1,95.9,104.9,147.2,58.1,44.6,63.5,75.2,59,49.1,129.2,6,242.7,ON,35,35,760,758,OFF,Cooling,0,230,250,0,Cooling,0,0,69.8,66.2,440,P0,P0,71.6,Auto,Auto,Normal,1,Cooling,0,2,69.8,48.2,770,P0,P0,71.6,Auto,Auto,Normal,2,Cooling,0,7,70.7,60,810,P0,P0,69.8,Auto,Auto,Normal
9/19/2026 16:16,Cooling,OFF,0,169.7,255,255,255,255,82,0,0,1,95.9,104.9,147.2,58.1,45.5,64.4,76.1,58.1,53.6,129.2,4.5,242.3,ON,26,26,560,559,OFF,Cooling,0,0,267,0,Cooling,0,0,69.8,67.1,440,P0,P0,71.6,Auto,Auto,Normal,1,Cooling,0,0,69.8,48.2,440,P0,P0,71.6,Auto,Auto,Normal,2,Cooling,0,7,70.7,53.6,810,P0,P0,69.8,Auto,Auto,Normal
9/19/2026 16:17,Cooling,OFF,0,166.1,255,255,255,255,82,0,0,1,95,104.9,147.2,59,49.1,64.4,77,65.3,53.6,129.2,4.5,242.3,ON,26,26,560,559,OFF,Cooling,0,0,264,0,Cooling,0,0,69.8,68,440,P0,P0,71.6,Auto,Auto,Normal,1,Cooling,0,0,69.8,52.7,440,P0,P0,71.6,Auto,Auto,Normal,2,Cooling,0,7,70.7,49.1,810,P0,P0,69.8,Auto,Auto,Normal
9/19/2026 16:17,Cooling,OFF,0,168.8,255,255,255,255,82,0,0,1,95,105.8,147.2,61.7,50.9,47.3,77.9,68,52.7,129.2,4.5,244.6,ON,26,26,560,559,OFF,Cooling,0,0,262,0,Cooling,0,0,69.8,68.9,440,P0,P0,71.6,Auto,Auto,Normal,1,Cooling,0,0,69.8,56.3,440,P0,P0,71.6,Auto,Auto,Normal,2,Cooling,0,7,70.7,49.1,810,P0,P0,69.8,Auto,Auto,Normal
9/19/2026 16:18,Cooling,OFF,0,169.7,255,255,255,255,82,0,0,1,95,105.8,147.2,62.6,50.9,45.5,77.9,69.8,52.7,129.2,4.5,244.6,ON,26,26,560,559,OFF,Cooling,0,0,257,0,Cooling,0,0,69.8,68.9,440,P0,P0,71.6,Auto,Auto,Normal,1,Cooling,0,0,69.8,57.2,440,P0,P0,71.6,Auto,Auto,Normal,2,Cooling,0,7,70.7,48.2,810,P0,P0,69.8,Auto,Auto,Normal
9/19/2026 16:18,Cooling,OFF,0,171.5,255,255,255,255,82,0,0,1,95,104.9,147.2,63.5,51.8,45.5,78.8,70.7,51.8,129.2,4.5,244.6,ON,26,26,560,558,OFF,Cooling,0,0,255,0,Cooling,0,0,69.8,69.8,440,P0,P0,71.6,Auto,Auto,Normal,1,Cooling,0,0,69.8,59,440,P0,P0,71.6,Auto,Auto,Normal,2,Cooling,0,7,70.7,48.2,810,P0,P0,69.8,Auto,Auto,Normal
9/19/2026 16:19,Cooling,OFF,0,171.5,255,255,255,255,84,0,0,1,94.1,104.9,147.2,64.4,52.7,45.5,79.7,72.5,51.8,129.2,4.5,244.6,ON,26,26,560,559,OFF,Cooling,0,0,249,0,Cooling,0,0,70.7,69.8,440,P0,P0,71.6,Auto,Auto,Normal,1,Cooling,0,0,69.8,59.9,440,P0,P0,71.6,Auto,Auto,Normal,2,Cooling,0,7,70.7,48.2,810,P0,P0,69.8,Auto,Auto,Normal
9/19/2026 16:19,Cooling,OFF,0,171.5,255,255,255,255,82,0,0,1,94.1,105.8,146.3,64.4,56.3,44.6,79.7,72.5,51.8,129.2,4.5,244.6,ON,26,26,560,559,OFF,Cooling,0,0,246,0,Cooling,0,0,70.7,69.8,440,P0,P0,71.6,Auto,Auto,Normal,1,Cooling,0,0,70.7,60,440,P0,P0,71.6,Auto,Auto,Normal,2,Cooling,0,7,70.7,47.3,810,P0,P0,69.8,Auto,Auto,Normal
9/19/2026 16:20,Cooling,OFF,0,172.4,255,255,255,255,84,0,0,1,94.1,105.8,146.3,65.3,59,44.6,79.7,73.4,50.9,129.2,4.5,244.6,ON,26,26,560,558,OFF,Cooling,0,0,241,0,Cooling,0,0,70.7,69.8,440,P0,P0,71.6,Auto,Auto,Normal,1,Cooling,0,0,70.7,62.6,440,P0,P0,71.6,Auto,Auto,Normal,2,Cooling,0,7,70.7,47.3,810,P0,P0,69.8,Auto,Auto,Normal
9/19/2026 16:20,Cooling,OFF,0,172.4,255,255,255,255,84,0,0,1,94.1,105.8,146.3,66.2,60,45.5,79.7,74.3,50.9,130.1,4.5,242.3,ON,26,26,560,558,OFF,Cooling,0,0,239,0,Cooling,0,0,70.7,69.8,440,P0,P0,71.6,Auto,Auto,Normal,1,Cooling,0,0,70.7,64.4,440,P0,P0,71.6,Auto,Auto,Normal,2,Cooling,0,7,70.7,46.4,810,P0,P0,69.8,Auto,Auto,Normal
9/19/2026 16:21,Cooling,OFF,0,173.3,255,255,255,255,84,0,0,1,94.1,105.8,147.2,66.2,62.6,49.1,80.6,74.3,50.9,130.1,4.5,244.6,ON,26,26,560,558,OFF,Cooling,0,0,235,0,Cooling,0,0,70.7,70.7,440,P0,P0,71.6,Auto,Auto,Normal,1,Cooling,0,0,70.7,65.3,440,P0,P0,71.6,Auto,Auto,Normal,2,Cooling,0,7,69.8,46.4,810,P0,P0,69.8,Auto,Auto,Normal
9/19/2026 16:21,Cooling,OFF,0,173.3,255,255,255,255,84,0,0,1,94.1,105.8,147.2,68,63.5,51.8,80.6,75.2,50,130.1,4.5,244.6,ON,26,26,560,558,OFF,Cooling,0,0,233,0,Cooling,0,0,70.7,70.7,440,P0,P0,71.6,Auto,Auto,Normal,1,Cooling,0,0,70.7,67.1,440,P0,P0,71.6,Auto,Auto,Normal,2,Cooling,0,7,69.8,46.4,810,P0,P0,69.8,Auto,Auto,Normal
9/19/2026 16:22,Cooling,OFF,0,173.3,255,255,255,255,84,0,0,1,94.1,105.8,148.1,68,64.4,55.4,80.6,75.2,49.1,130.1,4.5,244.6,ON,26,26,560,559,OFF,Cooling,0,0,229,0,Cooling,0,0,70.7,70.7,440,P0,P0,71.6,Auto,Auto,Normal,1,Cooling,0,0,70.7,68,440,P0,P0,71.6,Auto,Auto,Normal,2,Cooling,0,7,69.8,46.4,810,P0,P0,69.8,Auto,Auto,Normal
9/19/2026 16:22,Cooling,OFF,0,173.3,255,255,255,255,84,0,0,1,94.1,105.8,149,68.9,66.2,58.1,81.5,76.1,49.1,130.1,4.5,242.3,ON,26,26,560,558,OFF,Cooling,0,0,227,0,Cooling,0,0,70.7,70.7,440,P0,P0,71.6,Auto,Auto,Normal,1,Cooling,0,0,70.7,68.9,440,P0,P0,71.6,Auto,Auto,Normal,2,Cooling,0,7,69.8,46.4,810,P0,P0,69.8,Auto,Auto,Normal
9/19/2026 16:23,Cooling,OFF,0,173.3,255,255,255,255,84,0,0,1,94.1,105.8,149.9,69.8,67.1,60,81.5,76.1,49.1,130.1,4.75,244.6,ON,26,26,560,558,OFF,Cooling,0,0,226,0,Cooling,0,0,70.7,70.7,440,P0,P0,71.6,Auto,Auto,Normal,1,Cooling,0,0,70.7,69.8,440,P0,P0,71.6,Auto,Auto,Normal,2,Cooling,0,7,69.8,46.4,810,P0,P0,69.8,Auto,Auto,Normal
9/19/2026 16:23,Cooling,OFF,0,173.3,255,255,255,255,84,0,0,1,94.1,106.7,151.7,69.8,68,62.6,81.5,77,49.1,130.1,4.75,244.6,ON,26,26,560,559,OFF,Cooling,0,0,226,0,Cooling,0,0,70.7,70.7,440,P0,P0,71.6,Auto,Auto,Normal,1,Cooling,0,0,70.7,69.8,440,P0,P0,71.6,Auto,Auto,Normal,2,Cooling,0,7,69.8,46.4,810,P0,P0,69.8,Auto,Auto,Normal
9/19/2026 16:24,Cooling,OFF,0,175.1,255,255,255,255,82,0,0,1,95,106.7,152.6,71.6,68.9,63.5,82.4,77,49.1,131,4.75,242.3,ON,26,26,560,558,OFF,Cooling,0,0,225,0,Cooling,0,0,70.7,70.7,440,P0,P0,71.6,Auto,Auto,Normal,1,Cooling,0,0,70.7,69.8,440,P0,P0,71.6,Auto,Auto,Normal,2,Cooling,0,7,69.8,46.4,810,P0,P0,69.8,Auto,Auto,Normal
9/19/2026 16:24,Cooling,OFF,0,175.1,255,255,255,255,84,0,0,1,94.1,106.7,154.4,71.6,69.8,64.4,57.2,77,50,131,6,242.8,ON,35,35,760,759,OFF,Cooling,258,0,258,0,Cooling,0,4,70.7,70.7,770,P0,P0,71.6,Auto,Auto,Normal,1,Cooling,0,0,70.7,69.8,440,P0,P0,71.6,Auto,Auto,Normal,2,Cooling,0,7,69.8,47.3,810,P0,P0,69.8,Auto,Auto,Normal
9/19/2026 16:25,Cooling,OFF,0,175.1,255,255,255,255,84,0,0,1,94.1,108.5,157.1,52.7,66.2,57.2,59,62.6,54.5,131.9,7.75,243.4,ON,45,45,760,759,OFF,Cooling,245,245,245,0,Cooling,0,4,70.7,51.8,770,P0,P0,71.6,Auto,Auto,Normal,1,Cooling,0,4,70.7,69.8,770,P0,P0,71.6,Auto,Auto,Normal,2,Cooling,0,7,69.8,50.9,810,P0,P0,69.8,Auto,Auto,Normal
9/19/2026 16:25,Cooling,OFF,0,175.1,255,255,255,255,84,0,0,1,94.1,109.4,158.9,50,57.2,50,57.2,61.7,53.6,133.7,7.75,243.4,ON,45,45,760,759,OFF,Cooling,247,250,246,0,Cooling,0,4,70.7,50.9,770,P0,P0,71.6,Auto,Auto,Normal,1,Cooling,0,4,70.7,52.7,770,P0,P0,71.6,Auto,Auto,Normal,2,Cooling,0,7,69.8,50.9,810,P0,P0,69.8,Auto,Auto,Normal
9/19/2026 16:26,Cooling,OFF,0,176.9,255,255,255,255,84,0,0,1,94.1,109.4,159.8,49.1,49.1,50.9,55.4,59.9,51.8,133.7,7.75,243.4,ON,45,45,760,759,OFF,Cooling,247,250,246,0,Cooling,0,4,70.7,50,770,P0,P0,71.6,Auto,Auto,Normal,1,Cooling,0,4,70.7,50.9,770,P0,P0,71.6,Auto,Auto,Normal,2,Cooling,0,7,69.8,54.5,810,P0,P0,69.8,Auto,Auto,Normal
9/19/2026 16:26,Cooling,OFF,0,178.7,255,255,255,255,84,0,0,1,94.1,109.4,159.8,47.3,47.3,54.5,53.6,59,50.9,133.7,7.75,243.4,ON,45,45,760,759,OFF,Cooling,246,249,245,0,Cooling,0,2,69.8,48.2,770,P0,P0,71.6,Auto,Auto,Normal,1,Cooling,0,4,70.7,49.1,770,P0,P0,71.6,Auto,Auto,Normal,2,Cooling,0,7,70.7,59,810,P0,P0,69.8,Auto,Auto,Normal
9/19/2026 16:27,Cooling,OFF,0,180.5,255,255,255,255,84,0,0,1,93.2,108.5,159.8,46.4,46.4,57.2,51.8,59,50.9,133.7,6,242.8,ON,35,35,760,759,OFF,Cooling,0,259,259,0,Cooling,0,0,69.8,47.3,440,P0,P0,71.6,Auto,Auto,Normal,1,Cooling,0,4,70.7,48.2,770,P0,P0,71.6,Auto,Auto,Normal,2,Cooling,0,7,70.7,59.9,810,P0,P0,69.8,Auto,Auto,Normal
9/19/2026 16:27,Cooling,OFF,0,172.4,255,255,255,255,84,0,0,1,93.2,105.8,158,47.3,45.5,59.9,61.7,59.9,49.1,131.9,6,242.7,ON,35,35,760,759,OFF,Cooling,0,257,257,0,Cooling,0,0,69.8,50,440,P0,P0,71.6,Auto,Auto,Normal,1,Cooling,0,2,69.8,49.1,770,P0,P0,71.6,Auto,Auto,Normal,2,Cooling,0,7,70.7,59,810,P0,P0,69.8,Auto,Auto,Normal
9/19/2026 16:28,Cooling,OFF,0,169.7,255,255,255,255,84,0,0,1,93.2,104.9,158,49.1,44.6,60,66.2,59,49.1,131,6,242.7,ON,35,35,760,759,OFF,Cooling,0,251,255,0,Cooling,0,0,69.8,54.5,440,P0,P0,71.6,Auto,Auto,Normal,1,Cooling,0,2,69.8,49.1,770,P0,P0,71.6,Auto,Auto,Normal,2,Cooling,0,7,70.7,59,810,P0,P0,69.8,Auto,Auto,Normal
9/19/2026 16:28,Cooling,OFF,0,168.8,255,255,255,255,84,0,0,1,93.2,104,157.1,49.1,44.6,61.7,68,59,49.1,131,5.75,242.7,ON,32,22,760,759,OFF,Cooling,0,105,255,0,Cooling,0,0,69.8,57.2,440,P0,P0,71.6,Auto,Auto,Normal,1,Cooling,0,0,69.8,48.2,440,P0,P0,71.6,Auto,Auto,Normal,2,Cooling,0,7,70.7,59.9,810,P0,P0,69.8,Auto,Auto,Normal
9/19/2026 16:29,Cooling,OFF,0,168.8,255,255,255,255,84,0,0,1,93.2,103.1,155.3,50.9,47.3,62.6,69.8,59.9,52.7,130.1,3.75,242.1,ON,22,22,560,558,OFF,Cooling,0,0,251,0,Cooling,0,0,69.8,59,440,P0,P0,71.6,Auto,Auto,Normal,1,Cooling,0,0,69.8,49.1,440,P0,P0,71.6,Auto,Auto,Normal,2,Cooling,0,7,70.7,52.7,810,P0,P0,69.8,Auto,Auto,Normal
9/19/2026 16:29,Cooling,OFF,0,160.7,255,255,255,255,84,0,0,1,93.2,103.1,154.4,53.6,50,64.4,71.6,65.3,51.8,130.1,3.75,242.1,ON,22,22,560,559,OFF,Cooling,0,0,251,0,Cooling,0,0,69.8,59.9,440,P0,P0,71.6,Auto,Auto,Normal,1,Cooling,0,0,69.8,54.5,440,P0,P0,71.6,Auto,Auto,Normal,2,Cooling,0,7,70.7,50,810,P0,P0,69.8,Auto,Auto,Normal
9/19/2026 16:30,Cooling,OFF,0,162.5,255,255,255,255,84,0,0,1,93.2,103.1,153.5,56.3,51.8,60,72.5,68,51.8,129.2,3.75,242.1,ON,22,22,560,559,OFF,Cooling,0,0,246,0,Cooling,0,0,69.8,61.7,440,P0,P0,71.6,Auto,Auto,Normal,1,Cooling,0,0,69.8,57.2,440,P0,P0,71.6,Auto,Auto,Normal,2,Cooling,0,7,69.8,50,810,P0,P0,69.8,Auto,Auto,Normal
9/19/2026 16:30,Cooling,OFF,0,162.5,255,255,255,255,84,0,0,1,93.2,102.2,152.6,59,51.8,50.9,74.3,68.9,51.8,129.2,3.75,242.1,ON,22,22,560,559,OFF,Cooling,0,0,243,0,Cooling,0,0,69.8,63.5,440,P0,P0,71.6,Auto,Auto,Normal,1,Cooling,0,0,69.8,59,440,P0,P0,71.6,Auto,Auto,Normal,2,Cooling,0,7,69.8,50,810,P0,P0,69.8,Auto,Auto,Normal
9/19/2026 16:31,Cooling,OFF,0,162.5,255,255,255,255,84,0,0,1,93.2,102.2,151.7,60,53.6,47.3,75.2,69.8,51.8,129.2,3.75,242.1,ON,22,22,560,558,OFF,Cooling,0,0,239,0,Cooling,0,0,69.8,65.3,440,P0,P0,71.6,Auto,Auto,Normal,1,Cooling,0,0,69.8,59.9,440,P0,P0,71.6,Auto,Auto,Normal,2,Cooling,0,7,69.8,49.1,810,P0,P0,69.8,Auto,Auto,Normal
9/19/2026 16:31,Cooling,OFF,0,162.5,255,255,255,255,84,0,0,1,93.2,102.2,151.7,62.6,55.4,47.3,76.1,71.6,51.8,129.2,3.75,242.1,ON,22,22,560,559,OFF,Cooling,0,0,238,0,Cooling,0,0,69.8,67.1,440,P0,P0,71.6,Auto,Auto,Normal,1,Cooling,0,0,69.8,61.7,440,P0,P0,71.6,Auto,Auto,Normal,2,Cooling,0,7,69.8,49.1,810,P0,P0,69.8,Auto,Auto,Normal
9/19/2026 16:32,Cooling,OFF,0,162.5,255,255,255,255,84,0,0,1,93.2,102.2,150.8,63.5,59,47.3,77,72.5,51.8,129.2,3.75,244.3,ON,22,22,560,559,OFF,Cooling,0,0,234,0,Cooling,0,0,69.8,67.1,440,P0,P0,71.6,Auto,Auto,Normal,1,Cooling,0,0,70.7,63.5,440,P0,P0,71.6,Auto,Auto,Normal,2,Cooling,0,7,69.8,49.1,810,P0,P0,69.8,Auto,Auto,Normal
9/19/2026 16:32,Cooling,OFF,0,162.5,255,255,255,255,84,0,0,1,92.3,102.2,149.9,64.4,60,47.3,77,72.5,51.8,129.2,3.75,242.1,ON,22,22,560,558,OFF,Cooling,0,0,231,0,Cooling,0,0,69.8,68.9,440,P0,P0,71.6,Auto,Auto,Normal,1,Cooling,0,0,70.7,64.4,440,P0,P0,71.6,Auto,Auto,Normal,2,Cooling,0,7,69.8,49.1,810,P0,P0,69.8,Auto,Auto,Normal
9/19/2026 16:33,Cooling,OFF,0,162.5,255,255,255,255,84,0,0,1,92.3,102.2,149,65.3,61.7,47.3,77.9,73.4,51.8,129.2,3.75,242.1,ON,22,22,560,559,OFF,Cooling,0,0,227,0,Cooling,0,0,69.8,68.9,440,P0,P0,71.6,Auto,Auto,Normal,1,Cooling,0,0,70.7,67.1,440,P0,P0,71.6,Auto,Auto,Normal,2,Cooling,0,7,70.7,48.2,810,P0,P0,69.8,Auto,Auto,Normal
9/19/2026 16:33,Cooling,OFF,0,163.4,255,255,255,255,84,0,0,1,93.2,103.1,149,66.2,62.6,49.1,78.8,74.3,50.9,129.2,3.75,242.1,ON,22,22,560,559,OFF,Cooling,0,0,226,0,Cooling,0,0,69.8,69.8,440,P0,P0,71.6,Auto,Auto,Normal,1,Cooling,0,0,70.7,67.1,440,P0,P0,71.6,Auto,Auto,Normal,2,Cooling,0,7,70.7,48.2,810,P0,P0,69.8,Auto,Auto,Normal
9/19/2026 16:34,Cooling,OFF,0,164.3,255,255,255,255,84,0,0,1,92.3,103.1,148.1,66.2,63.5,51.8,78.8,74.3,50.9,129.2,4,242.1,ON,22,22,560,559,OFF,Cooling,0,0,221,0,Cooling,0,0,69.8,69.8,440,P0,P0,71.6,Auto,Auto,Normal,1,Cooling,0,0,70.7,68.9,440,P0,P0,71.6,Auto,Auto,Normal,2,Cooling,0,7,70.7,49.1,810,P0,P0,69.8,Auto,Auto,Normal
9/19/2026 16:34,Cooling,OFF,0,164.3,255,255,255,255,84,0,0,1,92.3,102.2,148.1,67.1,64.4,53.6,79.7,75.2,50.9,129.2,3.75,242.1,ON,22,22,560,558,OFF,Cooling,0,0,220,0,Cooling,0,0,70.7,69.8,440,P0,P0,71.6,Auto,Auto,Normal,1,Cooling,0,0,70.7,69.8,440,P0,P0,71.6,Auto,Auto,Normal,2,Cooling,0,7,70.7,48.2,810,P0,P0,69.8,Auto,Auto,Normal
9/19/2026 16:35,Cooling,OFF,0,163.4,255,255,255,255,84,0,0,1,92.3,102.2,148.1,68,65.3,56.3,79.7,76.1,50,128.3,3.75,242.1,ON,22,22,560,558,OFF,Cooling,0,0,217,0,Cooling,0,0,70.7,69.8,440,P0,P0,71.6,Auto,Auto,Normal,1,Cooling,0,0,70.7,69.8,440,P0,P0,71.6,Auto,Auto,Normal,2,Cooling,0,7,70.7,48.2,810,P0,P0,69.8,Auto,Auto,Normal
9/19/2026 16:35,Cooling,OFF,0,163.4,255,255,255,255,84,0,0,1,92.3,102.2,148.1,68,66.2,59,79.7,76.1,49.1,129.2,3.75,242.1,ON,22,22,560,558,OFF,Cooling,0,0,215,0,Cooling,0,0,70.7,69.8,440,P0,P0,71.6,Auto,Auto,Normal,1,Cooling,0,0,70.7,69.8,440,P0,P0,71.6,Auto,Auto,Normal,2,Cooling,0,7,70.7,48.2,810,P0,P0,69.8,Auto,Auto,Normal
9/19/2026 16:36,Cooling,OFF,0,163.4,255,255,255,255,84,0,0,1,92.3,102.2,148.1,68.9,68,61.7,80.6,77,49.1,129.2,4,242.1,ON,22,22,560,558,OFF,Cooling,0,0,212,0,Cooling,0,0,70.7,70.7,440,P0,P0,71.6,Auto,Auto,Normal,1,Cooling,0,0,70.7,69.8,440,P0,P0,71.6,Auto,Auto,Normal,2,Cooling,0,7,70.7,49.1,810,P0,P0,69.8,Auto,Auto,Normal
9/19/2026 16:36,Cooling,OFF,0,163.4,255,255,255,255,84,0,0,1,92.3,103.1,149,69.8,68,63.5,81.5,77,49.1,129.2,4,242.1,ON,22,22,560,559,OFF,Cooling,0,0,212,0,Cooling,0,0,70.7,70.7,440,P0,P0,71.6,Auto,Auto,Normal,1,Cooling,0,0,70.7,69.8,440,P0,P0,71.6,Auto,Auto,Normal,2,Cooling,0,7,69.8,49.1,810,P0,P0,69.8,Auto,Auto,Normal
9/19/2026 16:37,Cooling,OFF,0,163.4,255,255,255,255,84,0,0,1,92.3,103.1,149.9,70.7,68,65.3,81.5,62.6,52.7,129.2,6,242.7,ON,35,35,760,759,OFF,Cooling,0,258,258,0,Cooling,0,0,70.7,70.7,440,P0,P0,71.6,Auto,Auto,Normal,1,Cooling,0,4,70.7,67.1,770,P0,P0,71.6,Auto,Auto,Normal,2,Cooling,0,7,70.7,49.1,810,P0,P0,69.8,Auto,Auto,Normal
9/19/2026 16:37,Cooling,OFF,0,166.1,255,255,255,255,84,0,0,1,92.3,104.9,150.8,69.8,54.5,52.7,81.5,65.3,53.6,129.2,5.75,242.7,ON,35,35,760,759,OFF,Cooling,0,258,258,0,Cooling,0,0,70.7,70.7,440,P0,P0,71.6,Auto,Auto,Normal,1,Cooling,0,4,70.7,53.6,770,P0,P0,71.6,Auto,Auto,Normal,2,Cooling,0,7,70.7,50.9,810,P0,P0,69.8,Auto,Auto,Normal
9/19/2026 16:38,Cooling,OFF,0,166.1,255,255,255,255,84,0,0,1,92.3,104,151.7,66.2,48.2,48.2,81.5,63.5,51.8,129.2,5.75,242.7,ON,35,35,760,759,OFF,Cooling,0,258,258,0,Cooling,0,0,70.7,70.7,440,P0,P0,71.6,Auto,Auto,Normal,1,Cooling,0,4,70.7,51.8,770,P0,P0,71.6,Auto,Auto,Normal,2,Cooling,0,7,70.7,50,810,P0,P0,69.8,Auto,Auto,Normal
9/19/2026 16:38,Cooling,OFF,0,166.1,255,255,255,255,84,0,0,1,92.3,104,151.7,63.5,46.4,50.9,64.4,62.6,50.9,129.2,6.75,243,ON,41,41,760,759,OFF,Cooling,236,236,236,0,Cooling,0,4,70.7,70.7,770,P0,P0,71.6,Auto,Auto,Normal,1,Cooling,0,4,70.7,50.9,770,P0,P0,71.6,Auto,Auto,Normal,2,Cooling,0,7,70.7,50,810,P0,P0,69.8,Auto,Auto,Normal
9/19/2026 16:39,Cooling,OFF,0,167.9,255,255,255,255,84,0,0,1,92.3,105.8,152.6,62.6,47.3,55.4,55.4,59,50.9,130.1,7,243.1,ON,41,41,760,759,OFF,Cooling,236,236,236,0,Cooling,0,4,70.7,50.9,770,P0,P0,71.6,Auto,Auto,Normal,1,Cooling,0,4,70.7,50,770,P0,P0,71.6,Auto,Auto,Normal,2,Cooling,0,7,70.7,59,810,P0,P0,69.8,Auto,Auto,Normal
9/19/2026 16:39,Cooling,OFF,0,168.8,255,255,255,255,84,0,0,1,92.3,105.8,152.6,49.1,47.3,57.2,53.6,58.1,50.9,130.1,7,243.1,ON,41,41,760,759,OFF,Cooling,235,235,237,0,Cooling,0,4,70.7,50,770,P0,P0,71.6,Auto,Auto,Normal,1,Cooling,0,2,69.8,50,770,P0,P0,71.6,Auto,Auto,Normal,2,Cooling,0,7,70.7,59.9,810,P0,P0,69.8,Auto,Auto,Normal
9/19/2026 16:40,Cooling,OFF,0,171.5,255,255,255,255,84,0,0,1,93.2,106.7,152.6,47.3,47.3,59,53.6,57.2,50.9,130.1,7,240.8,ON,41,41,760,759,OFF,Cooling,233,232,238,0,Cooling,0,4,70.7,49.1,770,P0,P0,71.6,Auto,Auto,Normal,1,Cooling,0,2,69.8,49.1,770,P0,P0,71.6,Auto,Auto,Normal,2,Cooling,0,7,70.7,59.9,810,P0,P0,69.8,Auto,Auto,Normal
9/19/2026 16:40,Cooling,OFF,0,173.3,255,255,255,255,84,0,0,1,93.2,108.5,152.6,47.3,47.3,60,53.6,57.2,50.9,130.1,7,240.8,ON,41,41,760,759,OFF,Cooling,232,231,237,0,Cooling,0,2,69.8,49.1,770,P0,P0,71.6,Auto,Auto,Normal,1,Cooling,0,2,69.8,49.1,770,P0,P0,71.6,Auto,Auto,Normal,2,Cooling,0,7,70.7,60,810,P0,P0,69.8,Auto,Auto,Normal
9/19/2026 16:41,Cooling,OFF,0,173.3,255,255,255,255,84,0,0,1,93.2,106.7,152.6,47.3,47.3,61.7,51.8,59,50.9,130.1,6,242.8,ON,35,35,760,759,OFF,Cooling,0,259,259,0,Cooling,0,0,69.8,48.2,440,P0,P0,71.6,Auto,Auto,Normal,1,Cooling,0,2,69.8,49.1,770,P0,P0,71.6,Auto,Auto,Normal,2,Cooling,0,7,70.7,60,810,P0,P0,69.8,Auto,Auto,Normal
9/19/2026 16:41,Cooling,OFF,0,170.6,255,255,255,255,84,0,0,1,93.2,104.9,151.7,48.2,46.4,62.6,62.6,55.4,51.8,129.2,4,242.1,ON,22,22,560,558,OFF,Cooling,0,0,253,0,Cooling,0,0,69.8,50.9,440,P0,P0,71.6,Auto,Auto,Normal,1,Cooling,0,0,69.8,48.2,440,P0,P0,71.6,Auto,Auto,Normal,2,Cooling,0,7,70.7,59.9,810,P0,P0,69.8,Auto,Auto,Normal
9/19/2026 16:42,Cooling,OFF,0,158.9,255,255,255,255,84,0,0,1,93.2,103.1,150.8,50.9,49.1,64.4,66.2,62.6,53.6,129.2,3.75,244.3,ON,22,22,560,559,OFF,Cooling,0,0,251,0,Cooling,0,0,69.8,54.5,440,P0,P0,71.6,Auto,Auto,Normal,1,Cooling,0,0,69.8,51.8,440,P0,P0,71.6,Auto,Auto,Normal,2,Cooling,0,7,70.7,50.9,810,P0,P0,69.8,Auto,Auto,Normal
9/19/2026 16:42,Cooling,OFF,0,161.6,255,255,255,255,84,0,0,1,93.2,102.2,149.9,51.8,50.9,62.6,68.9,66.2,52.7,128.3,3.75,242.1,ON,22,22,560,559,OFF,Cooling,0,0,247,0,Cooling,0,0,69.8,57.2,440,P0,P0,71.6,Auto,Auto,Normal,1,Cooling,0,0,69.8,56.3,440,P0,P0,71.6,Auto,Auto,Normal,2,Cooling,0,7,70.7,50,810,P0,P0,69.8,Auto,Auto,Normal
9/19/2026 16:43,Cooling,OFF,0,161.6,255,255,255,255,84,0,0,1,93.2,102.2,149,53.6,51.8,49.1,70.7,68,51.8,128.3,3.75,242.1,ON,22,22,560,559,OFF,Cooling,0,0,244,0,Cooling,0,0,69.8,58.1,440,P0,P0,71.6,Auto,Auto,Normal,1,Cooling,0,0,69.8,58.1,440,P0,P0,71.6,Auto,Auto,Normal,2,Cooling,0,7,70.7,50,810,P0,P0,69.8,Auto,Auto,Normal
9/19/2026 16:43,Cooling,OFF,0,162.5,255,255,255,255,84,0,0,1,93.2,103.1,148.1,55.4,51.8,47.3,72.5,69.8,51.8,128.3,3.75,244.4,ON,22,22,560,559,OFF,Cooling,0,0,240,0,Cooling,0,0,69.8,59.9,440,P0,P0,71.6,Auto,Auto,Normal,1,Cooling,0,0,69.8,59.9,440,P0,P0,71.6,Auto,Auto,Normal,2,Cooling,0,7,70.7,50,810,P0,P0,69.8,Auto,Auto,Normal
9/19/2026 16:44,Cooling,OFF,0,161.6,255,255,255,255,84,0,0,1,93.2,103.1,148.1,57.2,53.6,47.3,73.4,69.8,51.8,128.3,3.75,244.4,ON,22,22,560,558,OFF,Cooling,0,0,239,0,Cooling,0,0,69.8,61.7,440,P0,P0,71.6,Auto,Auto,Normal,1,Cooling,0,0,69.8,60,440,P0,P0,71.6,Auto,Auto,Normal,2,Cooling,0,7,70.7,50,810,P0,P0,69.8,Auto,Auto,Normal
9/19/2026 16:44,Cooling,OFF,0,161.6,255,255,255,255,84,0,0,1,93.2,103.1,147.2,59.9,54.5,47.3,74.3,70.7,51.8,128.3,3.75,244.4,ON,22,22,560,558,OFF,Cooling,0,0,235,0,Cooling,0,0,69.8,63.5,440,P0,P0,71.6,Auto,Auto,Normal,1,Cooling,0,0,70.7,63.5,440,P0,P0,71.6,Auto,Auto,Normal,2,Cooling,0,7,70.7,50,810,P0,P0,69.8,Auto,Auto,Normal
9/19/2026 16:45,Cooling,OFF,0,162.5,255,255,255,255,84,0,0,1,93.2,103.1,146.3,61.7,57.2,47.3,75.2,72.5,51.8,128.3,3.75,244.4,ON,22,22,560,559,OFF,Cooling,0,0,232,0,Cooling,0,0,69.8,64.4,440,P0,P0,71.6,Auto,Auto,Normal,1,Cooling,0,0,70.7,65.3,440,P0,P0,71.6,Auto,Auto,Normal,2,Cooling,0,7,70.7,49.1,810,P0,P0,69.8,Auto,Auto,Normal
9/19/2026 16:45,Cooling,OFF,0,164.3,255,255,255,255,84,0,0,1,93.2,103.1,146.3,62.6,59,46.4,76.1,72.5,51.8,128.3,4,244.4,ON,22,22,560,559,OFF,Cooling,0,0,228,0,Cooling,0,0,69.8,67.1,440,P0,P0,71.6,Auto,Auto,Normal,1,Cooling,0,0,70.7,67.1,440,P0,P0,71.6,Auto,Auto,Normal,2,Cooling,0,7,70.7,49.1,810,P0,P0,69.8,Auto,Auto,Normal
9/19/2026 16:46,Cooling,OFF,0,164.3,255,255,255,255,84,0,0,1,93.2,104,146.3,64.4,60,46.4,77,73.4,50.9,128.3,4,244.4,ON,22,22,560,558,OFF,Cooling,0,0,226,0,Cooling,0,0,69.8,67.1,440,P0,P0,71.6,Auto,Auto,Normal,1,Cooling,0,0,70.7,68,440,P0,P0,71.6,Auto,Auto,Normal,2,Cooling,0,7,70.7,48.2,810,P0,P0,69.8,Auto,Auto,Normal
9/19/2026 16:46,Cooling,OFF,0,166.1,255,255,255,255,84,0,0,1,93.2,104,146.3,64.4,61.7,49.1,77,74.3,50.9,128.3,4,244.4,ON,22,22,560,558,OFF,Cooling,0,0,223,0,Cooling,0,0,69.8,68,440,P0,P0,71.6,Auto,Auto,Normal,1,Cooling,0,0,70.7,68.9,440,P0,P0,71.6,Auto,Auto,Normal,2,Cooling,0,7,70.7,49.1,810,P0,P0,69.8,Auto,Auto,Normal
9/19/2026 16:47,Cooling,OFF,0,165.2,255,255,255,255,84,0,0,1,93.2,104,146.3,65.3,62.6,50.9,77.9,74.3,50.9,128.3,4,244.4,ON,22,22,560,559,OFF,Cooling,0,0,221,0,Cooling,0,0,69.8,68.9,440,P0,P0,71.6,Auto,Auto,Normal,1,Cooling,0,0,70.7,69.8,440,P0,P0,71.6,Auto,Auto,Normal,2,Cooling,0,7,70.7,48.2,810,P0,P0,69.8,Auto,Auto,Normal
9/19/2026 16:47,Cooling,OFF,0,167,255,255,255,255,84,0,0,1,93.2,104,146.3,66.2,63.5,53.6,78.8,74.3,50.9,128.3,4,244.4,ON,22,22,560,559,OFF,Cooling,0,0,217,0,Cooling,0,0,69.8,69.8,440,P0,P0,71.6,Auto,Auto,Normal,1,Cooling,0,0,70.7,69.8,440,P0,P0,71.6,Auto,Auto,Normal,2,Cooling,0,7,70.7,48.2,810,P0,P0,69.8,Auto,Auto,Normal
9/19/2026 16:48,Cooling,OFF,0,166.1,255,255,255,255,84,0,0,1,93.2,104,146.3,67.1,64.4,57.2,78.8,75.2,50,128.3,4,244.4,ON,22,22,560,559,OFF,Cooling,0,0,215,0,Cooling,0,0,70.7,69.8,440,P0,P0,71.6,Auto,Auto,Normal,1,Cooling,0,0,70.7,69.8,440,P0,P0,71.6,Auto,Auto,Normal,2,Cooling,0,7,70.7,48.2,810,P0,P0,69.8,Auto,Auto,Normal
9/19/2026 16:48,Cooling,OFF,0,163.4,255,255,255,255,84,0,0,1,93.2,103.1,146.3,68,66.2,59.9,79.7,75.2,49.1,128.3,4,244.4,ON,22,22,560,559,OFF,Cooling,0,0,211,0,Cooling,0,0,70.7,69.8,440,P0,P0,71.6,Auto,Auto,Normal,1,Cooling,0,0,70.7,69.8,440,P0,P0,71.6,Auto,Auto,Normal,2,Cooling,0,7,70.7,50,810,P0,P0,69.8,Auto,Auto,Normal
9/19/2026 16:49,Cooling,OFF,0,162.5,255,255,255,255,84,0,0,1,93.2,103.1,147.2,68,67.1,62.6,79.7,69.8,49.1,128.3,4.25,244.4,ON,28,35,560,559,OFF,Cooling,0,258,210,0,Cooling,0,0,70.7,69.8,440,P0,P0,71.6,Auto,Auto,Normal,1,Cooling,0,4,70.7,69.8,770,P0,P0,71.6,Auto,Auto,Normal,2,Cooling,0,7,70.7,50,810,P0,P0,69.8,Auto,Auto,Normal
9/19/2026 16:49,Cooling,OFF,0,167,255,255,255,255,84,0,0,1,92.3,104,148.1,68.9,66.2,64.4,79.7,64.4,53.6,129.2,5.75,242.7,ON,35,35,760,758,OFF,Cooling,0,258,258,0,Cooling,0,0,70.7,70.7,440,P0,P0,71.6,Auto,Auto,Normal,1,Cooling,0,4,70.7,57.2,770,P0,P0,71.6,Auto,Auto,Normal,2,Cooling,0,7,69.8,50,810,P0,P0,69.8,Auto,Auto,Normal
9/19/2026 16:50,Cooling,OFF,0,166.1,255,255,255,255,84,0,0,1,92.3,104,149.9,68,50.9,50.9,79.7,64.4,52.7,129.2,5.75,242.7,ON,35,35,760,759,OFF,Cooling,0,258,258,0,Cooling,0,0,70.7,70.7,440,P0,P0,71.6,Auto,Auto,Normal,1,Cooling,0,4,70.7,53.6,770,P0,P0,71.6,Auto,Auto,Normal,2,Cooling,0,7,69.8,50,810,P0,P0,69.8,Auto,Auto,Normal
9/19/2026 16:50,Cooling,OFF,0,165.2,255,255,255,255,84,0,0,1,92.3,104,150.8,64.4,47.3,48.2,79.7,63.5,51.8,129.2,5.75,242.7,ON,35,35,760,759,OFF,Cooling,0,258,258,0,Cooling,0,0,70.7,70.7,440,P0,P0,71.6,Auto,Auto,Normal,1,Cooling,0,4,70.7,51.8,770,P0,P0,71.6,Auto,Auto,Normal,2,Cooling,0,7,70.7,50,810,P0,P0,69.8,Auto,Auto,Normal
9/19/2026 16:51,Cooling,OFF,0,165.2,255,255,255,255,84,0,0,1,92.3,104,150.8,62.6,46.4,51.8,80.6,61.7,50.9,128.3,5.75,242.7,ON,35,35,760,759,OFF,Cooling,0,257,257,0,Cooling,0,0,70.7,70.7,440,P0,P0,71.6,Auto,Auto,Normal,1,Cooling,0,4,70.7,50,770,P0,P0,71.6,Auto,Auto,Normal,2,Cooling,0,7,70.7,53.6,810,P0,P0,69.8,Auto,Auto,Normal
9/19/2026 16:51,Cooling,OFF,0,164.3,255,255,255,255,84,0,0,1,92.3,103.1,150.8,60,45.5,55.4,80.6,60,49.1,128.3,5.75,242.7,ON,35,35,760,759,OFF,Cooling,0,254,256,0,Cooling,0,0,70.7,70.7,440,P0,P0,71.6,Auto,Auto,Normal,1,Cooling,0,4,70.7,50,770,P0,P0,71.6,Auto,Auto,Normal,2,Cooling,0,7,70.7,57.2,810,P0,P0,69.8,Auto,Auto,Normal
9/19/2026 16:52,Cooling,OFF,0,163.4,255,255,255,255,84,0,0,1,92.3,103.1,150.8,59.9,44.6,58.1,81.5,59.9,49.1,128.3,5.75,242.7,ON,35,35,760,759,OFF,Cooling,0,251,257,0,Cooling,0,0,70.7,70.7,440,P0,P0,71.6,Auto,Auto,Normal,1,Cooling,0,2,70.7,49.1,770,P0,P0,71.6,Auto,Auto,Normal,2,Cooling,0,7,70.7,59,810,P0,P0,69.8,Auto,Auto,Normal
9/19/2026 16:52,Cooling,OFF,0,163.4,255,255,255,255,84,0,0,1,92.3,104,149.9,61.7,45.5,59.9,54.5,58.1,49.1,129.2,6.75,243,ON,41,41,760,758,OFF,Cooling,236,236,236,0,Cooling,0,4,70.7,54.5,770,P0,P0,71.6,Auto,Auto,Normal,1,Cooling,0,2,69.8,49.1,770,P0,P0,71.6,Auto,Auto,Normal,2,Cooling,0,7,70.7,59.9,810,P0,P0,69.8,Auto,Auto,Normal
9/19/2026 16:53,Cooling,OFF,0,167,255,255,255,255,84,0,0,1,91.4,104.9,149.9,50,47.3,60,53.6,57.2,50.9,129.2,6.75,243,ON,41,41,760,759,OFF,Cooling,235,233,237,0,Cooling,0,4,70.7,49.1,770,P0,P0,71.6,Auto,Auto,Normal,1,Cooling,0,2,69.8,49.1,770,P0,P0,71.6,Auto,Auto,Normal,2,Cooling,0,7,70.7,60,810,P0,P0,69.8,Auto,Auto,Normal
9/19/2026 16:53,Cooling,OFF,0,167,255,255,255,255,84,0,0,1,91.4,104.9,149,47.3,47.3,62.6,54.5,56.3,51.8,128.3,5.75,242.7,ON,35,35,760,759,OFF,Cooling,259,0,259,0,Cooling,0,4,70.7,50,770,P0,P0,71.6,Auto,Auto,Normal,1,Cooling,0,0,69.8,49.1,440,P0,P0,71.6,Auto,Auto,Normal,2,Cooling,0,7,70.7,60,810,P0,P0,69.8,Auto,Auto,Normal
9/19/2026 16:54,Cooling,OFF,0,165.2,255,255,255,255,84,0,0,1,91.4,103.1,148.1,46.4,48.2,62.6,53.6,64.4,50,128.3,5.75,242.7,ON,35,35,760,759,OFF,Cooling,251,0,256,0,Cooling,0,2,69.8,48.2,770,P0,P0,71.6,Auto,Auto,Normal,1,Cooling,0,0,69.8,53.6,440,P0,P0,71.6,Auto,Auto,Normal,2,Cooling,0,7,70.7,59.9,810,P0,P0,69.8,Auto,Auto,Normal
9/19/2026 16:54,Cooling,OFF,0,166.1,255,255,255,255,84,0,0,1,90.5,102.2,148.1,45.5,48.2,62.6,51.8,67.1,49.1,128.3,5.75,242.7,ON,33,22,760,759,OFF,Cooling,138,0,255,0,Cooling,0,0,69.8,46.4,440,P0,P0,71.6,Auto,Auto,Normal,1,Cooling,0,0,69.8,57.2,440,P0,P0,71.6,Auto,Auto,Normal,2,Cooling,0,7,70.7,59.9,810,P0,P0,69.8,Auto,Auto,Normal
9/19/2026 16:55,Cooling,OFF,0,166.1,255,255,255,255,84,0,0,1,90.5,101.3,147.2,46.4,49.1,63.5,57.2,68,51.8,126.5,3.75,242,ON,22,22,560,559,OFF,Cooling,0,0,253,0,Cooling,0,0,69.8,48.2,440,P0,P0,71.6,Auto,Auto,Normal,1,Cooling,0,0,69.8,58.1,440,P0,P0,71.6,Auto,Auto,Normal,2,Cooling,0,7,70.7,51.8,810,P0,P0,69.8,Auto,Auto,Normal
9/19/2026 16:55,Cooling,OFF,0,156.2,255,255,255,255,84,0,0,1,90.5,100.4,146.3,49.1,50.9,66.2,63.5,69.8,50.9,126.5,3.75,242,ON,22,22,560,559,OFF,Cooling,0,0,250,0,Cooling,0,0,69.8,52.7,440,P0,P0,71.6,Auto,Auto,Normal,1,Cooling,0,0,69.8,59.9,440,P0,P0,71.6,Auto,Auto,Normal,2,Cooling,0,7,70.7,49.1,810,P0,P0,69.8,Auto,Auto,Normal
9/19/2026 16:56,Cooling,OFF,0,158,255,255,255,255,84,0,0,1,90.5,100.4,146.3,50.9,51.8,64.4,67.1,69.8,50.9,126.5,3.75,242,ON,22,22,560,559,OFF,Cooling,0,0,248,0,Cooling,0,0,69.8,55.4,440,P0,P0,71.6,Auto,Auto,Normal,1,Cooling,0,0,69.8,61.7,440,P0,P0,71.6,Auto,Auto,Normal,2,Cooling,0,7,70.7,49.1,810,P0,P0,69.8,Auto,Auto,Normal
9/19/2026 16:56,Cooling,OFF,0,156.2,255,255,255,255,84,0,0,1,89.6,99.5,145.4,51.8,54.5,60,69.8,70.7,51.8,125.6,3.75,242,ON,22,22,560,559,OFF,Cooling,0,0,245,0,Cooling,0,0,69.8,57.2,440,P0,P0,71.6,Auto,Auto,Normal,1,Cooling,0,0,70.7,63.5,440,P0,P0,71.6,Auto,Auto,Normal,2,Cooling,0,7,70.7,49.1,810,P0,P0,69.8,Auto,Auto,Normal
9/19/2026 16:57,Cooling,OFF,0,156.2,255,255,255,255,84,0,0,1,89.6,99.5,145.4,53.6,58.1,55.4,70.7,71.6,51.8,125.6,3.75,242,ON,22,22,560,558,OFF,Cooling,0,0,243,0,Cooling,0,0,69.8,59,440,P0,P0,71.6,Auto,Auto,Normal,1,Cooling,0,0,70.7,65.3,440,P0,P0,71.6,Auto,Auto,Normal,2,Cooling,0,7,70.7,49.1,810,P0,P0,69.8,Auto,Auto,Normal
9/19/2026 16:57,Cooling,OFF,0,156.2,255,255,255,255,84,0,0,1,89.6,99.5,144.5,55.4,59,49.1,72.5,72.5,51.8,125.6,3.75,242,ON,22,22,560,559,OFF,Cooling,0,0,240,0,Cooling,0,0,69.8,59.9,440,P0,P0,71.6,Auto,Auto,Normal,1,Cooling,0,0,70.7,67.1,440,P0,P0,71.6,Auto,Auto,Normal,2,Cooling,0,7,70.7,49.1,810,P0,P0,69.8,Auto,Auto,Normal
9/19/2026 16:58,Cooling,OFF,0,156.2,255,255,255,255,84,0,0,1,89.6,99.5,144.5,59,59.9,46.4,73.4,72.5,51.8,125.6,3.75,242,ON,22,22,560,559,OFF,Cooling,0,0,238,0,Cooling,0,0,69.8,60,440,P0,P0,71.6,Auto,Auto,Normal,1,Cooling,0,0,70.7,68,440,P0,P0,71.6,Auto,Auto,Normal,2,Cooling,0,7,70.7,49.1,810,P0,P0,69.8,Auto,Auto,Normal
9/19/2026 16:58,Cooling,OFF,0,156.2,255,255,255,255,84,0,0,1,88.7,99.5,143.6,60,60,46.4,74.3,73.4,50.9,125.6,3.75,242,ON,22,22,560,559,OFF,Cooling,0,0,235,0,Cooling,0,0,69.8,62.6,440,P0,P0,71.6,Auto,Auto,Normal,1,Cooling,0,0,70.7,69.8,440,P0,P0,71.6,Auto,Auto,Normal,2,Cooling,0,7,70.7,49.1,810,P0,P0,69.8,Auto,Auto,Normal
9/19/2026 16:59,Cooling,OFF,0,156.2,255,255,255,255,84,0,0,1,88.7,99.5,143.6,61.7,60,47.3,74.3,74.3,50.9,125.6,3.75,239.7,ON,22,22,560,558,OFF,Cooling,0,0,233,0,Cooling,0,0,69.8,64.4,440,P0,P0,71.6,Auto,Auto,Normal,1,Cooling,0,0,70.7,69.8,440,P0,P0,71.6,Auto,Auto,Normal,2,Cooling,0,7,70.7,48.2,810,P0,P0,69.8,Auto,Auto,Normal
9/19/2026 16:59,Cooling,OFF,0,158,255,255,255,255,84,0,0,1,88.7,99.5,142.7,62.6,61.7,49.1,75.2,74.3,50.9,125.6,3.75,242,ON,22,22,560,558,OFF,Cooling,0,0,230,0,Cooling,0,0,69.8,65.3,440,P0,P0,71.6,Auto,Auto,Normal,1,Cooling,0,0,70.7,69.8,440,P0,P0,71.6,Auto,Auto,Normal,2,Cooling,0,7,70.7,49.1,810,P0,P0,69.8,Auto,Auto,Normal
9/19/2026 17:00,Cooling,OFF,0,158,255,255,255,255,84,0,0,1,88.7,99.5,142.7,64.4,62.6,52.7,77,74.3,50.9,125.6,3.75,242,ON,22,22,560,559,OFF,Cooling,0,0,225,0,Cooling,0,0,69.8,68,440,P0,P0,71.6,Auto,Auto,Normal,1,Cooling,0,0,70.7,69.8,440,P0,P0,71.6,Auto,Auto,Normal,2,Cooling,0,7,70.7,48.2,810,P0,P0,69.8,Auto,Auto,Normal
9/19/2026 17:01,Cooling,OFF,0,158,255,255,255,255,84,0,0,1,88.7,99.5,142.7,65.3,64.4,54.5,77,59,50,125.6,5.25,242.4,ON,32,32,760,581,OFF,Cooling,0,250,250,0,Cooling,0,0,69.8,68.9,440,P0,P0,71.6,Auto,Auto,Normal,1,Cooling,0,4,70.7,69.8,770,P0,P0,71.6,Auto,Auto,Normal,2,Cooling,0,7,70.7,48.2,810,P0,P0,69.8,Auto,Auto,Normal
9/19/2026 17:01,Cooling,OFF,0,158,255,255,255,255,84,0,0,1,87.8,100.4,141.8,66.2,64.4,57.2,77.9,62.6,52.7,125.6,5,242.5,ON,32,32,760,759,OFF,Cooling,0,249,249,0,Cooling,0,0,69.8,69.8,440,P0,P0,71.6,Auto,Auto,Normal,1,Cooling,0,4,70.7,53.6,770,P0,P0,71.6,Auto,Auto,Normal,2,Cooling,0,7,70.7,50,810,P0,P0,69.8,Auto,Auto,Normal
9/19/2026 17:02,Cooling,OFF,0,158,255,255,255,255,84,0,0,1,87.8,100.4,141.8,66.2,50.9,49.1,77.9,62.6,51.8,125.6,5,244.7,ON,32,32,760,759,OFF,Cooling,0,247,246,0,Cooling,0,0,70.7,69.8,440,P0,P0,71.6,Auto,Auto,Normal,1,Cooling,0,4,70.7,52.7,770,P0,P0,71.6,Auto,Auto,Normal,2,Cooling,0,7,70.7,50,810,P0,P0,69.8,Auto,Auto,Normal
9/19/2026 17:02,Cooling,OFF,0,156.2,255,255,255,255,84,0,0,1,86.9,99.5,141.8,63.5,48.2,50,78.8,60,50.9,124.7,5,242.5,ON,32,32,760,759,OFF,Cooling,0,245,243,0,Cooling,0,0,70.7,69.8,440,P0,P0,71.6,Auto,Auto,Normal,1,Cooling,0,4,70.7,50.9,770,P0,P0,71.6,Auto,Auto,Normal,2,Cooling,0,7,69.8,50.9,810,P0,P0,69.8,Auto,Auto,Normal
9/19/2026 17:03,Cooling,OFF,0,155.3,255,255,255,255,84,0,0,1,86.9,99.5,141.8,61.7,46.4,53.6,79.7,59.9,50,124.7,5,244.8,ON,32,32,760,759,OFF,Cooling,0,244,242,0,Cooling,0,0,70.7,69.8,440,P0,P0,71.6,Auto,Auto,Normal,1,Cooling,0,4,70.7,50,770,P0,P0,71.6,Auto,Auto,Normal,2,Cooling,0,7,70.7,57.2,810,P0,P0,69.8,Auto,Auto,Normal
9/19/2026 17:03,Cooling,OFF,0,156.2,255,255,255,255,84,0,0,1,86.9,99.5,140.9,60,45.5,56.3,79.7,59,49.1,124.7,5,244.7,ON,32,32,760,759,OFF,Cooling,0,239,239,0,Cooling,0,0,70.7,69.8,440,P0,P0,71.6,Auto,Auto,Normal,1,Cooling,0,2,69.8,49.1,770,P0,P0,71.6,Auto,Auto,Normal,2,Cooling,0,7,70.7,59,810,P0,P0,69.8,Auto,Auto,Normal
9/19/2026 17:04,Cooling,OFF,0,156.2,255,255,255,255,84,0,0,1,86.9,98.6,140,59,44.6,58.1,79.7,58.1,49.1,124.7,5,244.7,ON,32,32,760,759,OFF,Cooling,0,235,239,0,Cooling,0,0,70.7,69.8,440,P0,P0,71.6,Auto,Auto,Normal,1,Cooling,0,2,69.8,48.2,770,P0,P0,71.6,Auto,Auto,Normal,2,Cooling,0,7,70.7,59.9,810,P0,P0,69.8,Auto,Auto,Normal
9/19/2026 17:04,Cooling,OFF,0,156.2,255,255,255,255,84,0,0,1,86.9,98.6,140,59,44.6,59.9,79.7,57.2,49.1,124.7,5,244.7,ON,32,32,760,759,OFF,Cooling,0,229,242,0,Cooling,0,0,70.7,70.7,440,P0,P0,71.6,Auto,Auto,Normal,1,Cooling,0,2,69.8,48.2,770,P0,P0,71.6,Auto,Auto,Normal,2,Cooling,0,7,70.7,59.9,810,P0,P0,69.8,Auto,Auto,Normal
9/19/2026 17:05,Cooling,OFF,0,156.2,255,255,255,255,84,0,0,1,86.9,98.6,139.1,59,44.6,60,79.7,57.2,49.1,123.8,5,244.7,ON,32,32,760,759,OFF,Cooling,0,227,240,0,Cooling,0,0,70.7,70.7,440,P0,P0,71.6,Auto,Auto,Normal,1,Cooling,0,2,69.8,48.2,770,P0,P0,71.6,Auto,Auto,Normal,2,Cooling,0,7,70.7,59.9,810,P0,P0,69.8,Auto,Auto,Normal
9/19/2026 17:05,Cooling,OFF,0,156.2,255,255,255,255,84,0,0,1,86.9,97.7,139.1,59,44.6,61.7,79.7,57.2,49.1,123.8,5,244.7,ON,32,32,760,759,OFF,Cooling,0,220,238,0,Cooling,0,0,70.7,70.7,440,P0,P0,71.6,Auto,Auto,Normal,1,Cooling,0,2,69.8,48.2,770,P0,P0,71.6,Auto,Auto,Normal,2,Cooling,0,7,70.7,59.9,810,P0,P0,69.8,Auto,Auto,Normal
9/19/2026 17:06,Cooling,OFF,0,156.2,255,255,255,255,84,0,0,1,86.9,97.7,139.1,59,47.3,62.6,79.7,59,51.8,122,3.25,244.2,ON,20,20,560,559,OFF,Cooling,0,0,247,0,Cooling,0,0,70.7,70.7,440,P0,P0,71.6,Auto,Auto,Normal,1,Cooling,0,0,69.8,48.2,440,P0,P0,71.6,Auto,Auto,Normal,2,Cooling,0,7,70.7,55.4,810,P0,P0,69.8,Auto,Auto,Normal
9/19/2026 17:06,Cooling,OFF,0,145.4,255,255,255,255,84,0,0,1,86.9,96.8,138.2,59.9,50,63.5,75.2,64.4,52.7,122,3.5,244.2,ON,26,31,560,558,OFF,Cooling,248,0,248,0,Cooling,0,4,70.7,70.7,770,P0,P0,71.6,Auto,Auto,Normal,1,Cooling,0,0,69.8,53.6,440,P0,P0,71.6,Auto,Auto,Normal,2,Cooling,0,7,70.7,50.9,810,P0,P0,69.8,Auto,Auto,Normal
9/19/2026 17:07,Cooling,OFF,0,145.4,255,255,255,255,84,0,0,1,86.9,97.7,137.3,58.1,51.8,60,56.3,68,51.8,122,4.75,244.7,ON,31,31,760,759,OFF,Cooling,248,0,248,0,Cooling,0,4,70.7,53.6,770,P0,P0,71.6,Auto,Auto,Normal,1,Cooling,0,0,69.8,56.3,440,P0,P0,71.6,Auto,Auto,Normal,2,Cooling,0,7,70.7,50,810,P0,P0,69.8,Auto,Auto,Normal
9/19/2026 17:07,Cooling,OFF,0,151.7,255,255,255,255,84,0,0,1,86.9,98.6,136.4,49.1,51.8,55.4,54.5,68.9,51.8,122,4.75,244.7,ON,31,31,760,759,OFF,Cooling,244,0,245,0,Cooling,0,4,70.7,50,770,P0,P0,71.6,Auto,Auto,Normal,1,Cooling,0,0,69.8,58.1,440,P0,P0,71.6,Auto,Auto,Normal,2,Cooling,0,7,70.7,50.9,810,P0,P0,69.8,Auto,Auto,Normal
9/19/2026 17:08,Cooling,OFF,0,152.6,255,255,255,255,84,0,0,1,86.9,98.6,135.5,47.3,50.9,55.4,53.6,69.8,50.9,121.1,4.75,242.4,ON,31,31,760,759,OFF,Cooling,241,0,242,0,Cooling,0,4,70.7,49.1,770,P0,P0,71.6,Auto,Auto,Normal,1,Cooling,0,0,69.8,59.9,440,P0,P0,71.6,Auto,Auto,Normal,2,Cooling,0,7,70.7,57.2,810,P0,P0,69.8,Auto,Auto,Normal
9/19/2026 17:08,Cooling,OFF,0,155.3,255,255,255,255,84,0,0,1,86.9,98.6,134.6,46.4,50.9,57.2,51.8,69.8,50,121.1,5,242.4,ON,31,31,760,759,OFF,Cooling,236,0,239,0,Cooling,0,2,69.8,48.2,770,P0,P0,71.6,Auto,Auto,Normal,1,Cooling,0,0,69.8,59.9,440,P0,P0,71.6,Auto,Auto,Normal,2,Cooling,0,7,70.7,59.9,810,P0,P0,69.8,Auto,Auto,Normal
9/19/2026 17:09,Cooling,OFF,0,156.2,255,255,255,255,84,0,0,1,86.9,98.6,134.6,45.5,50.9,59.9,50.9,70.7,49.1,121.1,4,242.1,ON,22,20,560,605,OFF,Cooling,0,0,246,0,Cooling,0,0,69.8,47.3,440,P0,P0,71.6,Auto,Auto,Normal,1,Cooling,0,0,70.7,61.7,440,P0,P0,71.6,Auto,Auto,Normal,2,Cooling,0,7,70.7,60,810,P0,P0,69.8,Auto,Auto,Normal
9/19/2026 17:09,Cooling,OFF,0,148.1,255,255,255,255,84,0,0,1,86.9,97.7,133.7,48.2,51.8,62.6,59,70.7,51.8,121.1,3.25,244.2,ON,20,20,560,559,OFF,Cooling,0,0,244,0,Cooling,0,0,69.8,50,440,P0,P0,71.6,Auto,Auto,Normal,1,Cooling,0,0,70.7,62.6,440,P0,P0,71.6,Auto,Auto,Normal,2,Cooling,0,7,70.7,51.8,810,P0,P0,69.8,Auto,Auto,Normal
9/19/2026 17:10,Cooling,OFF,0,150.8,255,255,255,255,84,0,0,1,87.8,98.6,133.7,50.9,52.7,65.3,64.4,70.7,51.8,121.1,3.5,241.9,ON,20,20,560,558,OFF,Cooling,0,0,242,0,Cooling,0,0,69.8,53.6,440,P0,P0,71.6,Auto,Auto,Normal,1,Cooling,0,0,70.7,64.4,440,P0,P0,71.6,Auto,Auto,Normal,2,Cooling,0,7,70.7,50,810,P0,P0,69.8,Auto,Auto,Normal
9/19/2026 17:10,Cooling,OFF,0,153.5,255,255,255,255,84,0,0,1,87.8,98.6,132.8,51.8,54.5,64.4,67.1,71.6,51.8,121.1,3.5,241.9,ON,20,20,560,559,OFF,Cooling,0,0,236,0,Cooling,0,0,69.8,56.3,440,P0,P0,71.6,Auto,Auto,Normal,1,Cooling,0,0,70.7,66.2,440,P0,P0,71.6,Auto,Auto,Normal,2,Cooling,0,7,70.7,50,810,P0,P0,69.8,Auto,Auto,Normal
9/19/2026 17:11,Cooling,OFF,0,153.5,255,255,255,255,84,0,0,1,88.7,98.6,132.8,53.6,59,60,69.8,72.5,51.8,121.1,3.5,241.9,ON,20,20,560,558,OFF,Cooling,0,0,234,0,Cooling,0,0,69.8,57.2,440,P0,P0,71.6,Auto,Auto,Normal,1,Cooling,0,0,70.7,67.1,440,P0,P0,71.6,Auto,Auto,Normal,2,Cooling,0,7,70.7,50,810,P0,P0,69.8,Auto,Auto,Normal
9/19/2026 17:11,Cooling,OFF,0,153.5,255,255,255,255,84,0,0,1,89.6,98.6,132.8,55.4,61.7,57.2,70.7,72.5,51.8,121.1,3.5,241.9,ON,20,20,560,558,OFF,Cooling,0,0,230,0,Cooling,0,0,69.8,59,440,P0,P0,71.6,Auto,Auto,Normal,1,Cooling,0,0,70.7,68,440,P0,P0,71.6,Auto,Auto,Normal,2,Cooling,0,7,70.7,50,810,P0,P0,69.8,Auto,Auto,Normal
9/19/2026 17:12,Cooling,OFF,0,153.5,255,255,255,255,84,0,0,1,89.6,98.6,132.8,58.1,62.6,55.4,72.5,72.5,51.8,121.1,3.5,241.9,ON,20,20,560,558,OFF,Cooling,0,0,228,0,Cooling,0,0,69.8,59.9,440,P0,P0,71.6,Auto,Auto,Normal,1,Cooling,0,0,70.7,69.8,440,P0,P0,71.6,Auto,Auto,Normal,2,Cooling,0,7,70.7,50,810,P0,P0,69.8,Auto,Auto,Normal
9/19/2026 17:12,Cooling,OFF,0,153.5,255,255,255,255,84,0,0,1,89.6,98.6,132.8,60,63.5,55.4,73.4,73.4,51.8,121.1,3.5,241.9,ON,20,20,560,559,OFF,Cooling,0,0,224,0,Cooling,0,0,69.8,61.7,440,P0,P0,71.6,Auto,Auto,Normal,1,Cooling,0,0,70.7,69.8,440,P0,P0,71.6,Auto,Auto,Normal,2,Cooling,0,7,70.7,50,810,P0,P0,69.8,Auto,Auto,Normal
9/19/2026 17:13,Cooling,OFF,0,153.5,255,255,255,255,84,0,0,1,89.6,98.6,132.8,63.5,64.4,55.4,74.3,74.3,50.9,121.1,3.5,241.9,ON,20,20,560,559,OFF,Cooling,0,0,222,0,Cooling,0,0,69.8,63.5,440,P0,P0,71.6,Auto,Auto,Normal,1,Cooling,0,0,70.7,69.8,440,P0,P0,71.6,Auto,Auto,Normal,2,Cooling,0,7,70.7,50,810,P0,P0,69.8,Auto,Auto,Normal
9/19/2026 17:13,Cooling,OFF,0,153.5,255,255,255,255,84,0,0,1,89.6,98.6,132.8,65.3,65.3,55.4,74.3,59.9,50.9,121.1,4.75,242.3,ON,33,33,760,559,OFF,Cooling,0,252,252,0,Cooling,0,0,69.8,64.4,440,P0,P0,71.6,Auto,Auto,Normal,1,Cooling,0,4,70.7,69.8,770,P0,P0,71.6,Auto,Auto,Normal,2,Cooling,0,7,70.7,50,810,P0,P0,69.8,Auto,Auto,Normal
9/19/2026 17:14,Cooling,OFF,0,157.1,255,255,255,255,84,0,0,1,89.6,100.4,133.7,66.2,65.3,57.2,76.1,62.6,51.8,122,5.25,242.5,ON,33,33,760,759,OFF,Cooling,0,250,250,0,Cooling,0,0,69.8,66.2,440,P0,P0,71.6,Auto,Auto,Normal,1,Cooling,0,4,70.7,53.6,770,P0,P0,71.6,Auto,Auto,Normal,2,Cooling,0,7,70.7,50,810,P0,P0,69.8,Auto,Auto,Normal
9/19/2026 17:14,Cooling,OFF,0,157.1,255,255,255,255,84,0,0,1,89.6,101.3,134.6,66.2,50,53.6,77,62.6,51.8,122,5.25,242.5,ON,33,33,760,759,OFF,Cooling,0,250,250,0,Cooling,0,0,69.8,67.1,440,P0,P0,71.6,Auto,Auto,Normal,1,Cooling,0,4,70.7,51.8,770,P0,P0,71.6,Auto,Auto,Normal,2,Cooling,0,7,70.7,50,810,P0,P0,69.8,Auto,Auto,Normal
9/19/2026 17:15,Cooling,OFF,0,158.9,255,255,255,255,84,0,0,1,89.6,101.3,135.5,63.5,47.3,52.7,77,60,50.9,122,5.25,242.5,ON,33,33,760,759,OFF,Cooling,0,249,249,0,Cooling,0,0,69.8,68,440,P0,P0,71.6,Auto,Auto,Normal,1,Cooling,0,4,70.7,50.9,770,P0,P0,71.6,Auto,Auto,Normal,2,Cooling,0,7,70.7,54.5,810,P0,P0,69.8,Auto,Auto,Normal
9/19/2026 17:15,Cooling,OFF,0,158,255,255,255,255,84,0,0,1,89.6,100.4,135.5,61.7,45.5,55.4,77,59.9,50,123.8,5.25,242.5,ON,33,33,760,759,OFF,Cooling,0,247,247,0,Cooling,0,0,69.8,68.9,440,P0,P0,71.6,Auto,Auto,Normal,1,Cooling,0,4,70.7,50,770,P0,P0,71.6,Auto,Auto,Normal,2,Cooling,0,7,70.7,58.1,810,P0,P0,69.8,Auto,Auto,Normal
9/19/2026 17:16,Cooling,OFF,0,158,255,255,255,255,84,0,0,1,89.6,100.4,136.4,60,45.5,58.1,77.9,59,49.1,123.8,5.25,242.5,ON,33,33,760,758,OFF,Cooling,0,243,246,0,Cooling,0,0,70.7,69.8,440,P0,P0,71.6,Auto,Auto,Normal,1,Cooling,0,2,69.8,49.1,770,P0,P0,71.6,Auto,Auto,Normal,2,Cooling,0,7,70.7,59.9,810,P0,P0,69.8,Auto,Auto,Normal
9/19/2026 17:16,Cooling,OFF,0,158,255,255,255,255,84,0,0,1,89.6,100.4,136.4,60,45.5,59.9,77.9,59,49.1,123.8,5.25,242.5,ON,33,33,760,759,OFF,Cooling,0,239,246,0,Cooling,0,0,70.7,69.8,440,P0,P0,71.6,Auto,Auto,Normal,1,Cooling,0,2,69.8,49.1,770,P0,P0,71.6,Auto,Auto,Normal,2,Cooling,0,7,70.7,59.9,810,P0,P0,69.8,Auto,Auto,Normal
9/19/2026 17:17,Cooling,OFF,0,158.9,255,255,255,255,84,0,0,1,89.6,100.4,136.4,60,44.6,61.7,78.8,59,49.1,123.8,5.25,242.5,ON,33,33,760,759,OFF,Cooling,0,233,250,0,Cooling,0,0,70.7,69.8,440,P0,P0,71.6,Auto,Auto,Normal,1,Cooling,0,2,69.8,49.1,770,P0,P0,71.6,Auto,Auto,Normal,2,Cooling,0,7,70.7,60,810,P0,P0,69.8,Auto,Auto,Normal
9/19/2026 17:17,Cooling,OFF,0,158.9,255,255,255,255,84,0,0,1,89.6,100.4,135.5,59.9,45.5,62.6,79.7,58.1,49.1,123.8,5.25,242.5,ON,30,22,760,759,OFF,Cooling,0,80,253,0,Cooling,0,0,70.7,69.8,440,P0,P0,71.6,Auto,Auto,Normal,1,Cooling,0,0,69.8,48.2,440,P0,P0,71.6,Auto,Auto,Normal,2,Cooling,0,7,70.7,60,810,P0,P0,69.8,Auto,Auto,Normal
9/19/2026 17:18,Cooling,OFF,0,150.8,255,255,255,255,84,0,0,1,89.6,100.4,135.5,59.9,48.2,63.5,79.7,61.7,52.7,122,3.75,242,ON,22,22,560,559,OFF,Cooling,0,0,250,0,Cooling,0,0,70.7,69.8,440,P0,P0,71.6,Auto,Auto,Normal,1,Cooling,0,0,69.8,50,440,P0,P0,71.6,Auto,Auto,Normal,2,Cooling,0,7,70.7,51.8,810,P0,P0,69.8,Auto,Auto,Normal
9/19/2026 17:18,Cooling,OFF,0,153.5,255,255,255,255,84,0,0,1,90.5,101.3,135.5,62.6,50.9,64.4,79.7,67.1,52.7,122,3.75,242,ON,22,22,560,558,OFF,Cooling,0,0,249,0,Cooling,0,0,70.7,70.7,440,P0,P0,71.6,Auto,Auto,Normal,1,Cooling,0,0,69.8,54.5,440,P0,P0,71.6,Auto,Auto,Normal,2,Cooling,0,7,70.7,50,810,P0,P0,69.8,Auto,Auto,Normal
9/19/2026 17:19,Cooling,OFF,0,157.1,255,255,255,255,84,0,0,1,90.5,100.4,135.5,64.4,51.8,51.8,80.6,69.8,51.8,122,3.75,242,ON,22,22,560,558,OFF,Cooling,0,0,244,0,Cooling,0,0,70.7,70.7,440,P0,P0,71.6,Auto,Auto,Normal,1,Cooling,0,0,69.8,57.2,440,P0,P0,71.6,Auto,Auto,Normal,2,Cooling,0,7,70.7,50,810,P0,P0,69.8,Auto,Auto,Normal
9/19/2026 17:19,Cooling,OFF,0,157.1,255,255,255,255,84,0,0,1,91.4,100.4,134.6,65.3,53.6,47.3,80.6,71.6,51.8,122,3.75,242,ON,22,22,560,558,OFF,Cooling,0,0,241,0,Cooling,0,0,70.7,70.7,440,P0,P0,71.6,Auto,Auto,Normal,1,Cooling,0,0,69.8,59,440,P0,P0,71.6,Auto,Auto,Normal,2,Cooling,0,7,70.7,49.1,810,P0,P0,69.8,Auto,Auto,Normal
9/19/2026 17:20,Cooling,OFF,0,156.2,255,255,255,255,84,0,0,1,90.5,99.5,134.6,66.2,55.4,46.4,81.5,72.5,51.8,122,3.75,242,ON,22,22,560,559,OFF,Cooling,0,0,237,0,Cooling,0,0,70.7,70.7,440,P0,P0,71.6,Auto,Auto,Normal,1,Cooling,0,0,69.8,59.9,440,P0,P0,71.6,Auto,Auto,Normal,2,Cooling,0,7,70.7,49.1,810,P0,P0,69.8,Auto,Auto,Normal
9/19/2026 17:20,Cooling,OFF,0,156.2,255,255,255,255,84,0,0,1,91.4,99.5,134.6,66.2,59,47.3,59,74.3,51.8,122,5.5,242.6,ON,35,35,760,765,OFF,Cooling,258,0,258,0,Cooling,0,4,70.7,70.7,770,P0,P0,71.6,Auto,Auto,Normal,1,Cooling,0,0,70.7,60,440,P0,P0,71.6,Auto,Auto,Normal,2,Cooling,0,7,70.7,49.1,810,P0,P0,69.8,Auto,Auto,Normal
9/19/2026 17:21,Cooling,OFF,0,158,255,255,255,255,84,0,0,1,90.5,101.3,134.6,51.8,56.3,48.2,57.2,74.3,52.7,123.8,5.5,242.6,ON,35,35,760,759,OFF,Cooling,256,0,256,0,Cooling,0,4,70.7,50,770,P0,P0,71.6,Auto,Auto,Normal,1,Cooling,0,0,70.7,62.6,440,P0,P0,71.6,Auto,Auto,Normal,2,Cooling,0,7,70.7,50,810,P0,P0,69.8,Auto,Auto,Normal
9/19/2026 17:21,Cooling,OFF,0,159.8,255,255,255,255,84,0,0,1,90.5,101.3,135.5,47.3,51.8,48.2,55.4,74.3,51.8,123.8,5.75,242.6,ON,35,35,760,759,OFF,Cooling,253,0,253,0,Cooling,0,4,70.7,49.1,770,P0,P0,71.6,Auto,Auto,Normal,1,Cooling,0,0,70.7,64.4,440,P0,P0,71.6,Auto,Auto,Normal,2,Cooling,0,7,70.7,49.1,810,P0,P0,69.8,Auto,Auto,Normal
9/19/2026 17:22,Cooling,OFF,0,159.8,255,255,255,255,84,0,0,1,90.5,101.3,135.5,46.4,50.9,51.8,53.6,74.3,50.9,123.8,5.75,242.6,ON,35,35,760,759,OFF,Cooling,251,0,251,0,Cooling,0,2,69.8,48.2,770,P0,P0,71.6,Auto,Auto,Normal,1,Cooling,0,0,70.7,66.2,440,P0,P0,71.6,Auto,Auto,Normal,2,Cooling,0,7,70.7,53.6,810,P0,P0,69.8,Auto,Auto,Normal
9/19/2026 17:22,Cooling,OFF,0,162.5,255,255,255,255,84,0,0,1,90.5,101.3,136.4,45.5,50,55.4,51.8,74.3,49.1,124.7,5.5,242.6,ON,35,35,760,759,OFF,Cooling,247,0,250,0,Cooling,0,2,69.8,46.4,770,P0,P0,71.6,Auto,Auto,Normal,1,Cooling,0,0,70.7,67.1,440,P0,P0,71.6,Auto,Auto,Normal,2,Cooling,0,7,70.7,57.2,810,P0,P0,69.8,Auto,Auto,Normal
9/19/2026 17:23,Cooling,OFF,0,163.4,255,255,255,255,84,0,0,1,90.5,101.3,136.4,44.6,50,59,50,74.3,50,123.8,4,242.2,ON,22,22,560,561,OFF,Cooling,0,0,253,0,Cooling,0,0,69.8,46.4,440,P0,P0,71.6,Auto,Auto,Normal,1,Cooling,0,0,70.7,68.9,440,P0,P0,71.6,Auto,Auto,Normal,2,Cooling,0,7,70.7,59,810,P0,P0,69.8,Auto,Auto,Normal
9/19/2026 17:23,Cooling,OFF,0,152.6,255,255,255,255,84,0,0,1,90.5,99.5,135.5,47.3,50.9,62.6,59.9,74.3,51.8,123.8,3.75,242,ON,22,22,560,558,OFF,Cooling,0,0,250,0,Cooling,0,0,69.8,49.1,440,P0,P0,71.6,Auto,Auto,Normal,1,Cooling,0,0,70.7,68.9,440,P0,P0,71.6,Auto,Auto,Normal,2,Cooling,0,7,70.7,50,810,P0,P0,69.8,Auto,Auto,Normal
9/19/2026 17:24,Cooling,OFF,0,153.5,255,255,255,255,84,0,0,1,90.5,99.5,135.5,50,52.7,64.4,65.3,74.3,51.8,123.8,3.75,244.3,ON,22,22,560,559,OFF,Cooling,0,0,249,0,Cooling,0,0,69.8,53.6,440,P0,P0,71.6,Auto,Auto,Normal,1,Cooling,0,0,70.7,69.8,440,P0,P0,71.6,Auto,Auto,Normal,2,Cooling,0,7,70.7,49.1,810,P0,P0,69.8,Auto,Auto,Normal
9/19/2026 17:24,Cooling,OFF,0,156.2,255,255,255,255,84,0,0,1,90.5,99.5,134.6,51.8,59,61.7,68.9,74.3,51.8,123.8,3.75,242,ON,22,22,560,558,OFF,Cooling,0,0,243,0,Cooling,0,0,69.8,56.3,440,P0,P0,71.6,Auto,Auto,Normal,1,Cooling,0,0,70.7,69.8,440,P0,P0,71.6,Auto,Auto,Normal,2,Cooling,0,7,69.8,49.1,810,P0,P0,69.8,Auto,Auto,Normal
9/19/2026 17:25,Cooling,OFF,0,156.2,255,255,255,255,84,0,0,1,90.5,99.5,134.6,54.5,61.7,55.4,70.7,71.6,51.8,123.8,4,244.3,ON,28,34,560,559,OFF,Cooling,0,245,241,0,Cooling,0,0,69.8,57.2,440,P0,P0,71.6,Auto,Auto,Normal,1,Cooling,0,4,70.7,69.8,770,P0,P0,71.6,Auto,Auto,Normal,2,Cooling,0,7,69.8,49.1,810,P0,P0,69.8,Auto,Auto,Normal
9/19/2026 17:25,Cooling,OFF,0,158.9,255,255,255,255,84,0,0,1,90.5,100.4,135.5,57.2,63.5,51.8,72.5,60,51.8,123.8,5.5,242.6,ON,34,34,760,759,OFF,Cooling,0,256,256,0,Cooling,0,0,69.8,58.1,440,P0,P0,71.6,Auto,Auto,Normal,1,Cooling,0,4,70.7,59.9,770,P0,P0,71.6,Auto,Auto,Normal,2,Cooling,0,7,69.8,49.1,810,P0,P0,69.8,Auto,Auto,Normal
9/19/2026 17:26,Cooling,OFF,0,159.8,255,255,255,255,84,0,0,1,90.5,101.3,136.4,61.7,50.9,52.7,74.3,61.7,50.9,124.7,5.5,242.6,ON,34,34,760,759,OFF,Cooling,0,258,254,0,Cooling,0,0,69.8,59.9,440,P0,P0,71.6,Auto,Auto,Normal,1,Cooling,0,4,70.7,50.9,770,P0,P0,71.6,Auto,Auto,Normal,2,Cooling,0,7,69.8,50.9,810,P0,P0,69.8,Auto,Auto,Normal
9/19/2026 17:26,Cooling,OFF,0,159.8,255,255,255,255,84,0,0,1,90.5,102.2,137.3,60,45.5,55.4,75.2,60,50,124.7,5.5,244.9,ON,34,34,760,759,OFF,Cooling,0,254,252,0,Cooling,0,0,69.8,60,440,P0,P0,71.6,Auto,Auto,Normal,1,Cooling,0,4,70.7,50,770,P0,P0,71.6,Auto,Auto,Normal,2,Cooling,0,7,69.8,57.2,810,P0,P0,69.8,Auto,Auto,Normal
9/19/2026 17:27,Cooling,OFF,0,161.6,255,255,255,255,84,0,0,1,91.4,102.2,137.3,59.9,45.5,58.1,76.1,59.9,49.1,124.7,5.5,244.9,ON,34,34,760,759,OFF,Cooling,0,252,250,0,Cooling,0,0,69.8,62.6,440,P0,P0,71.6,Auto,Auto,Normal,1,Cooling,0,4,70.7,49.1,770,P0,P0,71.6,Auto,Auto,Normal,2,Cooling,0,7,70.7,59.9,810,P0,P0,69.8,Auto,Auto,Normal
9/19/2026 17:27,Cooling,OFF,0,162.5,255,255,255,255,84,0,0,1,91.4,102.2,138.2,59.9,44.6,59.9,77,59,49.1,124.7,5.5,242.6,ON,34,34,760,759,OFF,Cooling,0,247,249,0,Cooling,0,0,69.8,63.5,440,P0,P0,71.6,Auto,Auto,Normal,1,Cooling,0,2,69.8,49.1,770,P0,P0,71.6,Auto,Auto,Normal,2,Cooling,0,7,70.7,59.9,810,P0,P0,69.8,Auto,Auto,Normal
9/19/2026 17:28,Cooling,OFF,0,164.3,255,255,255,255,84,0,0,1,92.3,103.1,138.2,59.9,44.6,60,77,59,49.1,124.7,5.5,242.6,ON,34,34,760,759,OFF,Cooling,0,242,249,0,Cooling,0,0,69.8,65.3,440,P0,P0,71.6,Auto,Auto,Normal,1,Cooling,0,2,69.8,48.2,770,P0,P0,71.6,Auto,Auto,Normal,2,Cooling,0,7,70.7,61.7,810,P0,P0,69.8,Auto,Auto,Normal
9/19/2026 17:28,Cooling,OFF,0,164.3,255,255,255,255,84,0,0,1,92.3,102.2,139.1,59.9,44.6,62.6,77.9,59,49.1,124.7,5.5,242.6,ON,34,34,760,759,OFF,Cooling,0,237,259,0,Cooling,0,0,69.8,67.1,440,P0,P0,71.6,Auto,Auto,Normal,1,Cooling,0,2,69.8,48.2,770,P0,P0,71.6,Auto,Auto,Normal,2,Cooling,0,7,70.7,61.7,810,P0,P0,69.8,Auto,Auto,Normal
9/19/2026 17:29,Cooling,OFF,0,164.3,255,255,255,255,84,0,0,1,92.3,102.2,139.1,59.9,45.5,62.6,78.8,57.2,51.8,124.7,3.75,242,ON,22,22,560,558,OFF,Cooling,0,0,253,0,Cooling,0,0,69.8,67.1,440,P0,P0,71.6,Auto,Auto,Normal,1,Cooling,0,0,69.8,48.2,440,P0,P0,71.6,Auto,Auto,Normal,2,Cooling,0,7,70.7,59.9,810,P0,P0,69.8,Auto,Auto,Normal
9/19/2026 17:29,Cooling,OFF,0,153.5,255,255,255,255,84,0,0,1,92.3,101.3,138.2,60,49.1,64.4,79.7,65.3,53.6,124.7,3.75,244.3,ON,22,22,560,558,OFF,Cooling,0,0,252,0,Cooling,0,0,69.8,68,440,P0,P0,71.6,Auto,Auto,Normal,1,Cooling,0,0,69.8,52.7,440,P0,P0,71.6,Auto,Auto,Normal,2,Cooling,0,7,70.7,50,810,P0,P0,69.8,Auto,Auto,Normal
9/19/2026 17:30,Cooling,OFF,0,158.9,255,255,255,255,84,0,0,1,92.3,100.4,138.2,62.6,51.8,61.7,79.7,69.8,51.8,124.7,3.75,244.3,ON,22,22,560,558,OFF,Cooling,0,0,247,0,Cooling,0,0,69.8,68.9,440,P0,P0,71.6,Auto,Auto,Normal,1,Cooling,0,0,69.8,55.4,440,P0,P0,71.6,Auto,Auto,Normal,2,Cooling,0,7,70.7,50,810,P0,P0,69.8,Auto,Auto,Normal
9/19/2026 17:30,Cooling,OFF,0,158,255,255,255,255,84,0,0,1,92.3,99.5,137.3,64.4,52.7,48.2,79.7,71.6,51.8,124.7,3.75,242,ON,22,22,560,559,OFF,Cooling,0,0,243,0,Cooling,0,0,69.8,69.8,440,P0,P0,71.6,Auto,Auto,Normal,1,Cooling,0,0,69.8,57.2,440,P0,P0,71.6,Auto,Auto,Normal,2,Cooling,0,7,70.7,49.1,810,P0,P0,69.8,Auto,Auto,Normal
9/19/2026 17:31,Cooling,OFF,0,156.2,255,255,255,255,84,0,0,1,91.4,99.5,136.4,66.2,53.6,47.3,79.7,72.5,51.8,123.8,3.75,242,ON,22,22,560,559,OFF,Cooling,0,0,240,0,Cooling,0,0,69.8,69.8,440,P0,P0,71.6,Auto,Auto,Normal,1,Cooling,0,0,69.8,59,440,P0,P0,71.6,Auto,Auto,Normal,2,Cooling,0,7,70.7,49.1,810,P0,P0,69.8,Auto,Auto,Normal
9/19/2026 17:31,Cooling,OFF,0,155.3,255,255,255,255,84,0,0,1,91.4,98.6,136.4,66.2,57.2,46.4,80.6,74.3,51.8,123.8,3.75,244.3,ON,22,22,560,559,OFF,Cooling,0,0,237,0,Cooling,0,0,70.7,69.8,440,P0,P0,71.6,Auto,Auto,Normal,1,Cooling,0,0,69.8,59.9,440,P0,P0,71.6,Auto,Auto,Normal,2,Cooling,0,7,70.7,49.1,810,P0,P0,69.8,Auto,Auto,Normal
9/19/2026 17:32,Cooling,OFF,0,154.4,255,255,255,255,84,0,0,1,90.5,98.6,136.4,67.1,59.9,46.4,80.6,74.3,50.9,123.8,3.75,242,ON,22,22,560,559,OFF,Cooling,0,0,233,0,Cooling,0,0,70.7,69.8,440,P0,P0,71.6,Auto,Auto,Normal,1,Cooling,0,0,69.8,61.7,440,P0,P0,71.6,Auto,Auto,Normal,2,Cooling,0,7,70.7,49.1,810,P0,P0,69.8,Auto,Auto,Normal
9/19/2026 17:32,Cooling,OFF,0,154.4,255,255,255,255,84,0,0,1,90.5,98.6,135.5,68,61.7,46.4,81.5,75.2,50.9,123.8,3.75,242,ON,22,22,560,559,OFF,Cooling,0,0,230,0,Cooling,0,0,70.7,69.8,440,P0,P0,71.6,Auto,Auto,Normal,1,Cooling,0,0,70.7,62.6,440,P0,P0,71.6,Auto,Auto,Normal,2,Cooling,0,7,70.7,48.2,810,P0,P0,69.8,Auto,Auto,Normal
9/19/2026 17:33,Cooling,OFF,0,155.3,255,255,255,255,84,0,0,1,90.5,98.6,135.5,68,63.5,49.1,82.4,76.1,50.9,123.8,3.75,242,ON,22,22,560,558,OFF,Cooling,0,0,226,0,Cooling,0,0,70.7,69.8,440,P0,P0,71.6,Auto,Auto,Normal,1,Cooling,0,0,70.7,64.4,440,P0,P0,71.6,Auto,Auto,Normal,2,Cooling,0,7,70.7,48.2,810,P0,P0,69.8,Auto,Auto,Normal
9/19/2026 17:33,Cooling,OFF,0,154.4,255,255,255,255,84,0,0,1,90.5,99.5,135.5,68.9,64.4,51.8,82.4,77,50,123.8,3.75,242,ON,22,22,560,559,OFF,Cooling,0,0,224,0,Cooling,0,0,70.7,70.7,440,P0,P0,71.6,Auto,Auto,Normal,1,Cooling,0,0,70.7,66.2,440,P0,P0,71.6,Auto,Auto,Normal,2,Cooling,0,7,70.7,48.2,810,P0,P0,69.8,Auto,Auto,Normal
9/19/2026 17:34,Cooling,OFF,0,158,255,255,255,255,84,0,0,1,89.6,99.5,136.4,69.8,66.2,53.6,82.4,77,50,123.8,3.75,242,ON,22,22,560,559,OFF,Cooling,0,0,222,0,Cooling,0,0,70.7,70.7,440,P0,P0,71.6,Auto,Auto,Normal,1,Cooling,0,0,70.7,67.1,440,P0,P0,71.6,Auto,Auto,Normal,2,Cooling,0,7,70.7,48.2,810,P0,P0,69.8,Auto,Auto,Normal
9/19/2026 17:34,Cooling,OFF,0,158,255,255,255,255,84,0,0,1,90.5,99.5,136.4,69.8,67.1,57.2,83.3,77.9,49.1,123.8,3.75,242,ON,22,22,560,559,OFF,Cooling,0,0,220,0,Cooling,0,0,70.7,70.7,440,P0,P0,71.6,Auto,Auto,Normal,1,Cooling,0,0,70.7,68,440,P0,P0,71.6,Auto,Auto,Normal,2,Cooling,0,7,70.7,48.2,810,P0,P0,69.8,Auto,Auto,Normal
9/19/2026 17:35,Cooling,OFF,0,158.9,255,255,255,255,84,0,0,1,90.5,100.4,137.3,71.6,68,59.9,83.3,77.9,49.1,123.8,3.75,242,ON,22,22,560,559,OFF,Cooling,0,0,217,0,Cooling,0,0,70.7,70.7,440,P0,P0,71.6,Auto,Auto,Normal,1,Cooling,0,0,70.7,68.9,440,P0,P0,71.6,Auto,Auto,Normal,2,Cooling,0,7,70.7,48.2,810,P0,P0,69.8,Auto,Auto,Normal
9/19/2026 17:35,Cooling,OFF,0,158.9,255,255,255,255,84,0,0,1,90.5,100.4,138.2,72.5,68.9,62.6,83.3,77.9,49.1,123.8,3.75,239.7,ON,22,22,560,559,OFF,Cooling,0,0,217,0,Cooling,0,0,70.7,70.7,440,P0,P0,71.6,Auto,Auto,Normal,1,Cooling,0,0,70.7,69.8,440,P0,P0,71.6,Auto,Auto,Normal,2,Cooling,0,7,69.8,48.2,810,P0,P0,69.8,Auto,Auto,Normal
9/19/2026 17:36,Cooling,OFF,0,158.9,255,255,255,255,84,0,0,1,90.5,102.2,139.1,68,69.8,64.4,58.1,77.9,53.6,124.7,5.5,240.3,ON,34,34,760,759,OFF,Cooling,256,0,256,0,Cooling,0,4,70.7,55.4,770,P0,P0,71.6,Auto,Auto,Normal,1,Cooling,0,0,70.7,69.8,440,P0,P0,71.6,Auto,Auto,Normal,2,Cooling,0,7,69.8,50,810,P0,P0,69.8,Auto,Auto,Normal
9/19/2026 17:36,Cooling,OFF,0,159.8,255,255,255,255,84,0,0,1,90.5,101.3,140,50.9,55.4,50.9,57.2,77.9,53.6,124.7,5.5,240.3,ON,34,34,760,759,OFF,Cooling,254,0,254,0,Cooling,0,4,70.7,50.9,770,P0,P0,71.6,Auto,Auto,Normal,1,Cooling,0,0,70.7,69.8,440,P0,P0,71.6,Auto,Auto,Normal,2,Cooling,0,7,69.8,50.9,810,P0,P0,69.8,Auto,Auto,Normal
9/19/2026 17:37,Cooling,OFF,0,158.9,255,255,255,255,84,0,0,1,89.6,100.4,140,48.2,52.7,48.2,55.4,72.5,51.8,124.7,6,240.4,ON,40,40,760,759,OFF,Cooling,234,234,252,0,Cooling,0,4,70.7,50,770,P0,P0,71.6,Auto,Auto,Normal,1,Cooling,0,4,70.7,69.8,770,P0,P0,71.6,Auto,Auto,Normal,2,Cooling,0,7,69.8,50,810,P0,P0,69.8,Auto,Auto,Normal
9/19/2026 17:37,Cooling,OFF,0,146.3,255,255,255,255,84,0,0,1,89.6,101.3,140.9,47.3,58.1,50,53.6,57.2,50.9,124.7,6.5,240.6,ON,40,40,760,759,OFF,Cooling,234,234,234,0,Cooling,0,2,69.8,49.1,770,P0,P0,71.6,Auto,Auto,Normal,1,Cooling,0,4,70.7,67.1,770,P0,P0,71.6,Auto,Auto,Normal,2,Cooling,0,7,70.7,53.6,810,P0,P0,69.8,Auto,Auto,Normal
9/19/2026 17:38,Cooling,OFF,0,147.2,255,255,255,255,84,0,0,1,88.7,101.3,140.9,47.3,60,53.6,53.6,57.2,50.9,124.7,6.5,240.6,ON,40,40,760,759,OFF,Cooling,232,236,234,0,Cooling,0,0,69.8,49.1,770,P0,P0,71.6,Auto,Auto,Normal,1,Cooling,0,4,70.7,50,770,P0,P0,71.6,Auto,Auto,Normal,2,Cooling,0,7,70.7,59,810,P0,P0,69.8,Auto,Auto,Normal
9/19/2026 17:38,Cooling,OFF,0,149,255,255,255,255,84,0,0,1,88.7,101.3,140.9,48.2,60,57.2,58.1,59,50.9,124.7,5.25,240.2,ON,32,32,760,759,OFF,Cooling,0,251,251,0,Cooling,0,0,69.8,48.2,440,P0,P0,71.6,Auto,Auto,Normal,1,Cooling,0,4,70.7,50,770,P0,P0,71.6,Auto,Auto,Normal,2,Cooling,0,7,70.7,59.9,810,P0,P0,69.8,Auto,Auto,Normal
9/19/2026 17:39,Cooling,OFF,0,159.8,255,255,255,255,84,0,0,1,88.7,100.4,140.9,50,48.2,59.9,65.3,59,50,124.7,5.25,240.2,ON,32,32,760,758,OFF,Cooling,0,247,249,0,Cooling,0,0,69.8,52.7,440,P0,P0,71.6,Auto,Auto,Normal,1,Cooling,0,4,70.7,50,770,P0,P0,71.6,Auto,Auto,Normal,2,Cooling,0,7,70.7,59.9,810,P0,P0,69.8,Auto,Auto,Normal
9/19/2026 17:39,Cooling,OFF,0,158.9,255,255,255,255,84,0,0,1,89.6,99.5,140,50.9,45.5,60,68.9,58.1,49.1,123.8,5.25,240.2,ON,32,32,760,759,OFF,Cooling,0,244,246,0,Cooling,0,0,69.8,55.4,440,P0,P0,71.6,Auto,Auto,Normal,1,Cooling,0,4,69.8,49.1,770,P0,P0,71.6,Auto,Auto,Normal,2,Cooling,0,7,70.7,59.9,810,P0,P0,69.8,Auto,Auto,Normal
9/19/2026 17:40,Cooling,OFF,0,157.1,255,255,255,255,84,0,0,1,89.6,100.4,140,50.9,45.5,62.6,71.6,58.1,49.1,123.8,5.25,242.5,ON,32,32,760,759,OFF,Cooling,0,238,245,0,Cooling,0,0,69.8,57.2,440,P0,P0,71.6,Auto,Auto,Normal,1,Cooling,0,2,69.8,49.1,770,P0,P0,71.6,Auto,Auto,Normal,2,Cooling,0,7,70.7,59.9,810,P0,P0,69.8,Auto,Auto,Normal
9/19/2026 17:40,Cooling,OFF,0,158,255,255,255,255,84,0,0,1,89.6,100.4,140,51.8,45.5,62.6,72.5,57.2,49.1,123.8,5.25,242.5,ON,32,32,760,759,OFF,Cooling,0,234,246,0,Cooling,0,0,69.8,59,440,P0,P0,71.6,Auto,Auto,Normal,1,Cooling,0,2,69.8,48.2,770,P0,P0,71.6,Auto,Auto,Normal,2,Cooling,0,7,70.7,60,810,P0,P0,69.8,Auto,Auto,Normal
9/19/2026 17:41,Cooling,OFF,0,158,255,255,255,255,84,0,0,1,89.6,99.5,139.1,53.6,45.5,62.6,74.3,55.4,50.9,123.8,3.75,242,ON,22,22,560,558,OFF,Cooling,0,0,253,0,Cooling,0,0,69.8,59.9,440,P0,P0,71.6,Auto,Auto,Normal,1,Cooling,0,0,69.8,48.2,440,P0,P0,71.6,Auto,Auto,Normal,2,Cooling,0,7,70.7,62.6,810,P0,P0,69.8,Auto,Auto,Normal
9/19/2026 17:41,Cooling,OFF,0,145.4,255,255,255,255,84,0,0,1,89.6,99.5,139.1,55.4,49.1,64.4,75.2,62.6,52.7,122,3.75,242,ON,22,22,560,558,OFF,Cooling,0,0,253,0,Cooling,0,0,69.8,61.7,440,P0,P0,71.6,Auto,Auto,Normal,1,Cooling,0,0,69.8,51.8,440,P0,P0,71.6,Auto,Auto,Normal,2,Cooling,0,7,70.7,50.9,810,P0,P0,69.8,Auto,Auto,Normal
9/19/2026 17:42,Cooling,OFF,0,153.5,255,255,255,255,84,0,0,1,89.6,98.6,139.1,53.6,50.9,62.6,53.6,51.8,52.7,122,3.5,242,ON,22,22,560,558,OFF,Cooling,0,0,250,0,Cooling,0,0,69.8,64.4,440,P0,P0,71.6,Auto,Auto,Normal,1,Cooling,0,0,69.8,56.3,440,P0,P0,71.6,Auto,Auto,Normal,2,Cooling,0,7,70.7,50,810,P0,P0,69.8,Auto,Auto,Normal
9/19/2026 17:42,Cooling,OFF,0,153.5,255,255,255,255,84,0,0,1,88.7,97.7,138.2,55.4,51.8,50.9,65.3,60,51.8,122,3.5,244.3,ON,22,22,560,559,OFF,Cooling,0,0,247,0,Cooling,0,0,69.8,65.3,440,P0,P0,71.6,Auto,Auto,Normal,1,Cooling,0,0,69.8,58.1,440,P0,P0,71.6,Auto,Auto,Normal,2,Cooling,0,7,70.7,50,810,P0,P0,69.8,Auto,Auto,Normal
9/19/2026 17:43,Cooling,OFF,0,152.6,255,255,255,255,84,0,0,1,88.7,96.8,137.3,59,52.7,47.3,69.8,65.3,50.9,122,3.5,242,ON,22,22,560,558,OFF,Cooling,0,0,243,0,Cooling,0,0,69.8,65.3,440,P0,P0,71.6,Auto,Auto,Normal,1,Cooling,0,0,69.8,59,440,P0,P0,71.6,Auto,Auto,Normal,2,Cooling,0,7,70.7,49.1,810,P0,P0,69.8,Auto,Auto,Normal
9/19/2026 17:43,Cooling,OFF,0,151.7,255,255,255,255,84,0,0,1,87.8,96.8,137.3,60,54.5,46.4,71.6,67.1,50.9,122,3.5,242,ON,22,22,560,559,OFF,Cooling,0,0,242,0,Cooling,0,0,69.8,66.2,440,P0,P0,71.6,Auto,Auto,Normal,1,Cooling,0,0,69.8,59.9,440,P0,P0,71.6,Auto,Auto,Normal,2,Cooling,0,7,70.7,48.2,810,P0,P0,69.8,Auto,Auto,Normal
9/19/2026 17:44,Cooling,OFF,0,152.6,255,255,255,255,84,0,0,1,87.8,97.7,137.3,62.6,57.2,45.5,72.5,68.9,50.9,122,3.5,244.3,ON,22,22,560,559,OFF,Cooling,0,0,239,0,Cooling,0,0,69.8,67.1,440,P0,P0,71.6,Auto,Auto,Normal,1,Cooling,0,0,70.7,61.7,440,P0,P0,71.6,Auto,Auto,Normal,2,Cooling,0,7,70.7,48.2,810,P0,P0,69.8,Auto,Auto,Normal
9/19/2026 17:44,Cooling,OFF,0,152.6,255,255,255,255,84,0,0,1,86.9,97.7,136.4,63.5,59,45.5,74.3,69.8,50.9,122,3.5,244.3,ON,22,22,560,559,OFF,Cooling,0,0,236,0,Cooling,0,0,69.8,68,440,P0,P0,71.6,Auto,Auto,Normal,1,Cooling,0,0,70.7,63.5,440,P0,P0,71.6,Auto,Auto,Normal,2,Cooling,0,7,70.7,48.2,810,P0,P0,69.8,Auto,Auto,Normal
9/19/2026 17:45,Cooling,OFF,0,153.5,255,255,255,255,84,0,0,1,86.9,97.7,136.4,64.4,60,45.5,74.3,70.7,50.9,121.1,3.5,244.3,ON,22,22,560,559,OFF,Cooling,0,0,233,0,Cooling,0,0,69.8,68,440,P0,P0,71.6,Auto,Auto,Normal,1,Cooling,0,0,70.7,64.4,440,P0,P0,71.6,Auto,Auto,Normal,2,Cooling,0,7,70.7,48.2,810,P0,P0,69.8,Auto,Auto,Normal
9/19/2026 17:45,Cooling,OFF,0,153.5,255,255,255,255,84,0,0,1,86.9,97.7,136.4,65.3,60,47.3,75.2,71.6,50.9,121.1,3.5,244.3,ON,22,22,560,558,OFF,Cooling,0,0,231,0,Cooling,0,0,70.7,68.9,440,P0,P0,71.6,Auto,Auto,Normal,1,Cooling,0,0,70.7,66.2,440,P0,P0,71.6,Auto,Auto,Normal,2,Cooling,0,7,70.7,48.2,810,P0,P0,69.8,Auto,Auto,Normal
9/19/2026 17:46,Cooling,OFF,0,153.5,255,255,255,255,84,0,0,1,86.9,97.7,135.5,66.2,62.6,49.1,76.1,72.5,50,121.1,3.5,244.3,ON,22,22,560,559,OFF,Cooling,0,0,226,0,Cooling,0,0,70.7,69.8,440,P0,P0,71.6,Auto,Auto,Normal,1,Cooling,0,0,70.7,67.1,440,P0,P0,71.6,Auto,Auto,Normal,2,Cooling,0,7,70.7,48.2,810,P0,P0,69.8,Auto,Auto,Normal
9/19/2026 17:46,Cooling,OFF,0,153.5,255,255,255,255,84,0,0,1,86.9,97.7,135.5,66.2,62.6,51.8,77,72.5,49.1,121.1,3.5,244.3,ON,22,22,560,559,OFF,Cooling,0,0,224,0,Cooling,0,0,70.7,69.8,440,P0,P0,71.6,Auto,Auto,Normal,1,Cooling,0,0,70.7,68,440,P0,P0,71.6,Auto,Auto,Normal,2,Cooling,0,7,70.7,48.2,810,P0,P0,69.8,Auto,Auto,Normal
9/19/2026 17:47,Cooling,OFF,0,153.5,255,255,255,255,84,0,0,1,86.9,97.7,135.5,67.1,64.4,54.5,77,73.4,49.1,121.1,3.75,244.3,ON,22,22,560,559,OFF,Cooling,0,0,221,0,Cooling,0,0,70.7,69.8,440,P0,P0,71.6,Auto,Auto,Normal,1,Cooling,0,0,70.7,69.8,440,P0,P0,71.6,Auto,Auto,Normal,2,Cooling,0,7,70.7,47.3,810,P0,P0,69.8,Auto,Auto,Normal
9/19/2026 17:47,Cooling,OFF,0,154.4,255,255,255,255,84,0,0,1,86.9,97.7,136.4,68,65.3,58.1,77,74.3,49.1,121.1,3.75,244.3,ON,22,22,560,559,OFF,Cooling,0,0,221,0,Cooling,0,0,70.7,69.8,440,P0,P0,71.6,Auto,Auto,Normal,1,Cooling,0,0,70.7,69.8,440,P0,P0,71.6,Auto,Auto,Normal,2,Cooling,0,7,70.7,48.2,810,P0,P0,69.8,Auto,Auto,Normal
9/19/2026 17:48,Cooling,OFF,0,153.5,255,255,255,255,84,0,0,1,86.9,97.7,136.4,68,66.2,60,77,74.3,49.1,121.1,3.75,244.3,ON,22,22,560,559,OFF,Cooling,0,0,217,0,Cooling,0,0,70.7,69.8,440,P0,P0,71.6,Auto,Auto,Normal,1,Cooling,0,0,70.7,69.8,440,P0,P0,71.6,Auto,Auto,Normal,2,Cooling,0,7,70.7,48.2,810,P0,P0,69.8,Auto,Auto,Normal
9/19/2026 17:48,Cooling,OFF,0,152.6,255,255,255,255,84,0,0,1,86.9,97.7,137.3,69.8,68,62.6,77.9,74.3,48.2,121.1,3.75,244.3,ON,22,22,560,558,OFF,Cooling,0,0,217,0,Cooling,0,0,70.7,69.8,440,P0,P0,71.6,Auto,Auto,Normal,1,Cooling,0,0,70.7,69.8,440,P0,P0,71.6,Auto,Auto,Normal,2,Cooling,0,7,70.7,49.1,810,P0,P0,69.8,Auto,Auto,Normal
9/19/2026 17:49,Cooling,OFF,0,153.5,255,255,255,255,84,0,0,1,86.9,98.6,138.2,69.8,68,64.4,77.9,57.2,49.1,122,5,244.7,ON,31,31,760,736,OFF,Cooling,0,247,247,0,Cooling,0,0,70.7,70.7,440,P0,P0,71.6,Auto,Auto,Normal,1,Cooling,0,4,70.7,69.8,770,P0,P0,71.6,Auto,Auto,Normal,2,Cooling,0,7,70.7,49.1,810,P0,P0,69.8,Auto,Auto,Normal
9/19/2026 17:49,Cooling,OFF,0,158,255,255,255,255,84,0,0,1,86.9,99.5,139.1,70.7,66.2,65.3,78.8,62.6,52.7,122,4.75,244.7,ON,31,31,760,759,OFF,Cooling,34,247,247,0,Cooling,0,4,70.7,70.7,440,P0,P0,71.6,Auto,Auto,Normal,1,Cooling,0,4,70.7,53.6,770,P0,P0,71.6,Auto,Auto,Normal,2,Cooling,0,7,69.8,50,810,P0,P0,69.8,Auto,Auto,Normal
9/19/2026 17:50,Cooling,OFF,0,149,255,255,255,255,84,0,0,1,86.9,100.4,140.9,68,51.8,52.7,57.2,60,53.6,122,5.5,242.6,ON,35,35,760,759,OFF,Cooling,213,213,213,0,Cooling,0,4,70.7,55.4,770,P0,P0,71.6,Auto,Auto,Normal,1,Cooling,0,4,70.7,53.6,770,P0,P0,71.6,Auto,Auto,Normal,2,Cooling,0,7,69.8,52.7,810,P0,P0,69.8,Auto,Auto,Normal
9/19/2026 17:50,Cooling,OFF,0,140.9,255,255,255,255,84,0,0,1,86.9,101.3,141.8,51.8,50.9,51.8,55.4,59,52.7,122,5.5,242.6,ON,35,35,760,758,OFF,Cooling,217,215,215,0,Cooling,0,4,70.7,51.8,770,P0,P0,71.6,Auto,Auto,Normal,1,Cooling,0,4,70.7,52.7,770,P0,P0,71.6,Auto,Auto,Normal,2,Cooling,0,7,69.8,53.6,810,P0,P0,69.8,Auto,Auto,Normal
9/19/2026 17:51,Cooling,OFF,0,142.7,255,255,255,255,84,0,0,1,86.9,100.4,141.8,50,50,53.6,54.5,57.2,51.8,122,5.5,242.6,ON,35,35,760,759,OFF,Cooling,217,215,215,0,Cooling,0,4,70.7,50.9,770,P0,P0,71.6,Auto,Auto,Normal,1,Cooling,0,4,70.7,51.8,770,P0,P0,71.6,Auto,Auto,Normal,2,Cooling,0,7,69.8,59,810,P0,P0,69.8,Auto,Auto,Normal
9/19/2026 17:51,Cooling,OFF,0,144.5,255,255,255,255,84,0,0,1,86.9,100.4,141.8,49.1,49.1,56.3,53.6,56.3,50.9,122,5.5,242.6,ON,35,35,760,759,OFF,Cooling,217,215,217,0,Cooling,0,4,70.7,50,770,P0,P0,71.6,Auto,Auto,Normal,1,Cooling,0,2,69.8,50,770,P0,P0,71.6,Auto,Auto,Normal,2,Cooling,0,7,69.8,59.9,810,P0,P0,69.8,Auto,Auto,Normal
9/19/2026 17:52,Cooling,OFF,0,143.6,255,255,255,255,84,0,0,1,86.9,99.5,140.9,49.1,49.1,58.1,53.6,55.4,50.9,122,5.5,242.6,ON,35,35,760,759,OFF,Cooling,216,214,216,0,Cooling,0,2,69.8,50,770,P0,P0,71.6,Auto,Auto,Normal,1,Cooling,0,2,69.8,50,770,P0,P0,71.6,Auto,Auto,Normal,2,Cooling,0,7,69.8,60,810,P0,P0,69.8,Auto,Auto,Normal
9/19/2026 17:52,Cooling,OFF,0,143.6,255,255,255,255,84,0,0,1,86.9,99.5,140,48.2,48.2,59.9,51.8,55.4,50.9,122,5,242.4,ON,31,31,760,758,OFF,Cooling,0,259,259,0,Cooling,0,0,69.8,50,440,P0,P0,71.6,Auto,Auto,Normal,1,Cooling,0,2,69.8,50,770,P0,P0,71.6,Auto,Auto,Normal,2,Cooling,0,7,70.7,61.7,810,P0,P0,69.8,Auto,Auto,Normal
9/19/2026 17:53,Cooling,OFF,0,143.6,255,255,255,255,84,0,0,1,86.9,98.6,139.1,49.1,49.1,61.7,60,57.2,53.6,121.1,3.25,241.9,ON,20,20,560,558,OFF,Cooling,0,0,246,0,Cooling,0,0,69.8,50,440,P0,P0,71.6,Auto,Auto,Normal,1,Cooling,0,0,69.8,50,440,P0,P0,71.6,Auto,Auto,Normal,2,Cooling,0,7,70.7,55.4,810,P0,P0,69.8,Auto,Auto,Normal
9/19/2026 17:53,Cooling,OFF,0,147.2,255,255,255,255,84,0,0,1,86.9,97.7,139.1,51.8,50.9,63.5,65.3,63.5,53.6,121.1,3.25,241.9,ON,20,20,560,559,OFF,Cooling,0,0,243,0,Cooling,0,0,69.8,53.6,440,P0,P0,71.6,Auto,Auto,Normal,1,Cooling,0,0,69.8,53.6,440,P0,P0,71.6,Auto,Auto,Normal,2,Cooling,0,7,70.7,50.9,810,P0,P0,69.8,Auto,Auto,Normal
9/19/2026 17:54,Cooling,OFF,0,149,255,255,255,255,84,0,0,1,86.9,97.7,138.2,52.7,51.8,59.9,68,66.2,51.8,121.1,3.25,241.9,ON,20,20,560,559,OFF,Cooling,0,0,242,0,Cooling,0,0,69.8,57.2,440,P0,P0,71.6,Auto,Auto,Normal,1,Cooling,0,0,69.8,57.2,440,P0,P0,71.6,Auto,Auto,Normal,2,Cooling,0,7,70.7,50,810,P0,P0,69.8,Auto,Auto,Normal
9/19/2026 17:54,Cooling,OFF,0,151.7,255,255,255,255,84,0,0,1,86.9,97.7,138.2,53.6,51.8,48.2,69.8,68,51.8,120.2,3.25,241.9,ON,20,20,560,559,OFF,Cooling,0,0,238,0,Cooling,0,0,69.8,58.1,440,P0,P0,71.6,Auto,Auto,Normal,1,Cooling,0,0,69.8,59.9,440,P0,P0,71.6,Auto,Auto,Normal,2,Cooling,0,7,70.7,50,810,P0,P0,69.8,Auto,Auto,Normal
9/19/2026 17:55,Cooling,OFF,0,151.7,255,255,255,255,84,0,0,1,86.9,97.7,137.3,54.5,52.7,47.3,71.6,68.9,51.8,120.2,3.25,244.2,ON,20,20,560,559,OFF,Cooling,0,0,235,0,Cooling,0,0,69.8,59.9,440,P0,P0,71.6,Auto,Auto,Normal,1,Cooling,0,0,69.8,62.6,440,P0,P0,71.6,Auto,Auto,Normal,2,Cooling,0,7,70.7,50,810,P0,P0,69.8,Auto,Auto,Normal
9/19/2026 17:55,Cooling,OFF,0,151.7,255,255,255,255,84,0,0,1,87.8,97.7,137.3,57.2,53.6,47.3,72.5,69.8,51.8,120.2,3.5,241.9,ON,20,20,560,558,OFF,Cooling,0,0,232,0,Cooling,0,0,69.8,61.7,440,P0,P0,71.6,Auto,Auto,Normal,1,Cooling,0,0,69.8,64.4,440,P0,P0,71.6,Auto,Auto,Normal,2,Cooling,0,7,70.7,50,810,P0,P0,69.8,Auto,Auto,Normal
9/19/2026 17:56,Cooling,OFF,0,151.7,255,255,255,255,84,0,0,1,87.8,98.6,136.4,59.9,54.5,47.3,74.3,70.7,51.8,120.2,3.5,241.9,ON,20,20,560,558,OFF,Cooling,0,0,229,0,Cooling,0,0,69.8,63.5,440,P0,P0,71.6,Auto,Auto,Normal,1,Cooling,0,0,69.8,66.2,440,P0,P0,71.6,Auto,Auto,Normal,2,Cooling,0,7,70.7,50,810,P0,P0,69.8,Auto,Auto,Normal
9/19/2026 17:56,Cooling,OFF,0,152.6,255,255,255,255,84,0,0,1,87.8,97.7,135.5,61.7,57.2,47.3,74.3,72.5,51.8,120.2,3.25,241.9,ON,20,20,560,558,OFF,Cooling,0,0,226,0,Cooling,0,0,69.8,65.3,440,P0,P0,71.6,Auto,Auto,Normal,1,Cooling,0,0,69.8,67.1,440,P0,P0,71.6,Auto,Auto,Normal,2,Cooling,0,7,70.7,50,810,P0,P0,69.8,Auto,Auto,Normal
9/19/2026 17:57,Cooling,OFF,0,151.7,255,255,255,255,84,0,0,1,86.9,97.7,135.5,62.6,59,47.3,75.2,72.5,50.9,120.2,3.25,241.9,ON,20,20,560,559,OFF,Cooling,0,0,223,0,Cooling,0,0,69.8,67.1,440,P0,P0,71.6,Auto,Auto,Normal,1,Cooling,0,0,69.8,68.9,440,P0,P0,71.6,Auto,Auto,Normal,2,Cooling,0,7,70.7,49.1,810,P0,P0,69.8,Auto,Auto,Normal
9/19/2026 17:57,Cooling,OFF,0,150.8,255,255,255,255,84,0,0,1,86.9,96.8,134.6,64.4,60,49.1,76.1,73.4,50.9,120.2,3.25,241.9,ON,20,20,560,559,OFF,Cooling,0,0,218,0,Cooling,0,0,69.8,67.1,440,P0,P0,71.6,Auto,Auto,Normal,1,Cooling,0,0,70.7,68.9,440,P0,P0,71.6,Auto,Auto,Normal,2,Cooling,0,7,69.8,49.1,810,P0,P0,69.8,Auto,Auto,Normal
9/19/2026 17:58,Cooling,OFF,0,149,255,255,255,255,84,0,0,1,86.9,96.8,134.6,65.3,62.6,50.9,77,74.3,50.9,120.2,3.25,241.9,ON,20,20,560,559,OFF,Cooling,0,0,217,0,Cooling,0,0,69.8,68,440,P0,P0,71.6,Auto,Auto,Normal,1,Cooling,0,0,70.7,69.8,440,P0,P0,71.6,Auto,Auto,Normal,2,Cooling,0,7,70.7,50,810,P0,P0,69.8,Auto,Auto,Normal
9/19/2026 17:58,Cooling,OFF,0,149,255,255,255,255,84,0,0,1,86.9,96.8,134.6,66.2,63.5,53.6,77,74.3,50,120.2,3.25,241.9,ON,20,20,560,558,OFF,Cooling,0,0,214,0,Cooling,0,0,69.8,68.9,440,P0,P0,71.6,Auto,Auto,Normal,1,Cooling,0,0,70.7,69.8,440,P0,P0,71.6,Auto,Auto,Normal,2,Cooling,0,7,70.7,50,810,P0,P0,69.8,Auto,Auto,Normal
9/19/2026 17:59,Cooling,OFF,0,149,255,255,255,255,84,0,0,1,86.9,95.9,134.6,67.1,64.4,57.2,77,74.3,49.1,120.2,3.25,241.9,ON,20,20,560,559,OFF,Cooling,0,0,213,0,Cooling,0,0,69.8,69.8,440,P0,P0,71.6,Auto,Auto,Normal,1,Cooling,0,0,70.7,69.8,440,P0,P0,71.6,Auto,Auto,Normal,2,Cooling,0,7,70.7,50,810,P0,P0,69.8,Auto,Auto,Normal
9/19/2026 17:59,Cooling,OFF,0,149.9,255,255,255,255,84,0,0,1,86.9,96.8,134.6,68,66.2,60,77.9,75.2,49.1,120.2,3.25,241.9,ON,20,20,560,559,OFF,Cooling,0,0,210,0,Cooling,0,0,70.7,69.8,440,P0,P0,71.6,Auto,Auto,Normal,1,Cooling,0,0,70.7,69.8,440,P0,P0,71.6,Auto,Auto,Normal,2,Cooling,0,7,70.7,50,810,P0,P0,69.8,Auto,Auto,Normal
9/19/2026 18:00,Cooling,OFF,0,149,255,255,255,255,84,0,0,1,86,96.8,135.5,69.8,68,64.4,77.9,76.1,49.1,120.2,3.25,241.9,ON,20,20,560,558,OFF,Cooling,0,0,208,0,Cooling,0,0,70.7,69.8,440,P0,P0,71.6,Auto,Auto,Normal,1,Cooling,0,0,70.7,69.8,440,P0,P0,71.6,Auto,Auto,Normal,2,Cooling,0,7,70.7,50,810,P0,P0,69.8,Auto,Auto,Normal
9/19/2026 18:01,Cooling,OFF,0,149,255,255,255,255,84,0,0,1,86,96.8,136.4,69.8,68.9,65.3,78.8,76.1,49.1,120.2,3.25,241.9,ON,20,20,560,559,OFF,Cooling,0,0,206,0,Cooling,0,0,70.7,69.8,440,P0,P0,71.6,Auto,Auto,Normal,1,Cooling,0,0,70.7,69.8,440,P0,P0,71.6,Auto,Auto,Normal,2,Cooling,0,7,70.7,52.7,810,P0,P0,69.8,Auto,Auto,Normal
9/19/2026 18:01,Cooling,OFF,0,147.2,255,255,255,255,84,0,0,1,86,95.9,137.3,70.7,69.8,66.2,78.8,56.3,49.1,120.2,4.75,242.3,ON,30,30,560,559,OFF,Cooling,0,245,245,0,Cooling,0,0,70.7,70.7,440,P0,P0,71.6,Auto,Auto,Normal,1,Cooling,0,4,70.7,70.7,770,P0,P0,71.6,Auto,Auto,Normal,2,Cooling,0,7,70.7,52.7,810,P0,P0,69.8,Auto,Auto,Normal
9/19/2026 18:02,Cooling,OFF,0,147.2,255,255,255,255,84,0,0,1,86,98.6,139.1,70.7,68,67.1,78.8,62.6,53.6,120.2,4.75,242.4,ON,30,30,560,558,OFF,Cooling,0,245,245,0,Cooling,0,0,70.7,70.7,440,P0,P0,71.6,Auto,Auto,Normal,1,Cooling,0,4,70.7,53.6,770,P0,P0,71.6,Auto,Auto,Normal,2,Cooling,0,7,70.7,50.9,810,P0,P0,69.8,Auto,Auto,Normal
9/19/2026 18:02,Cooling,OFF,0,153.5,255,255,255,255,84,0,0,1,86,100.4,140.9,69.8,51.8,53.6,78.8,62.6,53.6,121.1,4.75,242.4,ON,30,30,560,558,OFF,Cooling,0,245,245,0,Cooling,0,0,70.7,70.7,440,P0,P0,71.6,Auto,Auto,Normal,1,Cooling,0,4,70.7,53.6,770,P0,P0,71.6,Auto,Auto,Normal,2,Cooling,0,7,70.7,51.8,810,P0,P0,69.8,Auto,Auto,Normal
9/19/2026 18:03,Cooling,OFF,0,155.3,255,255,255,255,84,0,0,1,86,100.4,141.8,66.2,49.1,50,79.7,61.7,52.7,121.1,4.75,242.4,ON,30,30,560,558,OFF,Cooling,0,247,247,0,Cooling,0,0,70.7,70.7,440,P0,P0,71.6,Auto,Auto,Normal,1,Cooling,0,4,70.7,52.7,770,P0,P0,71.6,Auto,Auto,Normal,2,Cooling,0,7,70.7,50,810,P0,P0,69.8,Auto,Auto,Normal
9/19/2026 18:03,Cooling,OFF,0,156.2,255,255,255,255,84,0,0,1,86,100.4,141.8,64.4,48.2,51.8,77,60,51.8,121.1,4.75,242.4,ON,34,35,760,559,OFF,Cooling,200,246,246,0,Cooling,0,4,70.7,70.7,770,P0,P0,71.6,Auto,Auto,Normal,1,Cooling,0,4,70.7,50.9,770,P0,P0,71.6,Auto,Auto,Normal,2,Cooling,0,7,70.7,54.5,810,P0,P0,69.8,Auto,Auto,Normal
9/19/2026 18:04,Cooling,OFF,0,141.8,255,255,255,255,84,0,0,1,86,99.5,141.8,63.5,49.1,55.4,54.5,57.2,51.8,121.1,5.5,242.6,ON,35,35,760,758,OFF,Cooling,221,221,221,0,Cooling,0,4,70.7,55.4,770,P0,P0,71.6,Auto,Auto,Normal,1,Cooling,0,2,70.7,50.9,770,P0,P0,71.6,Auto,Auto,Normal,2,Cooling,0,7,70.7,59,810,P0,P0,69.8,Auto,Auto,Normal
9/19/2026 18:04,Cooling,OFF,0,141.8,255,255,255,255,84,0,0,1,86,98.6,140.9,50.9,49.1,57.2,53.6,57.2,51.8,121.1,5.5,242.6,ON,35,35,760,759,OFF,Cooling,221,220,221,0,Cooling,0,4,70.7,50,770,P0,P0,71.6,Auto,Auto,Normal,1,Cooling,0,2,69.8,50,770,P0,P0,71.6,Auto,Auto,Normal,2,Cooling,0,7,70.7,60,810,P0,P0,69.8,Auto,Auto,Normal
9/19/2026 18:05,Cooling,OFF,0,142.7,255,255,255,255,84,0,0,1,86,99.5,140,49.1,49.1,59,53.6,56.3,50.9,121.1,5.5,242.6,ON,35,35,760,759,OFF,Cooling,219,218,221,0,Cooling,0,4,70.7,50,770,P0,P0,71.6,Auto,Auto,Normal,1,Cooling,0,2,69.8,50,770,P0,P0,71.6,Auto,Auto,Normal,2,Cooling,0,7,70.7,61.7,810,P0,P0,69.8,Auto,Auto,Normal
9/19/2026 18:05,Cooling,OFF,0,142.7,255,255,255,255,84,0,0,1,86,99.5,139.1,49.1,48.2,60,53.6,55.4,50.9,121.1,5.5,242.6,ON,35,35,760,759,OFF,Cooling,219,218,221,0,Cooling,0,2,69.8,50,770,P0,P0,71.6,Auto,Auto,Normal,1,Cooling,0,2,69.8,50,770,P0,P0,71.6,Auto,Auto,Normal,2,Cooling,0,7,70.7,62.6,810,P0,P0,69.8,Auto,Auto,Normal
9/19/2026 18:06,Cooling,OFF,0,143.6,255,255,255,255,84,0,0,1,86.9,100.4,139.1,49.1,48.2,61.7,51.8,56.3,50.9,121.1,4.75,244.6,ON,30,30,760,759,OFF,Cooling,0,245,245,0,Cooling,0,0,69.8,49.1,440,P0,P0,71.6,Auto,Auto,Normal,1,Cooling,0,2,69.8,50,770,P0,P0,71.6,Auto,Auto,Normal,2,Cooling,0,7,70.7,62.6,810,P0,P0,69.8,Auto,Auto,Normal
9/19/2026 18:06,Cooling,OFF,0,155.3,255,255,255,255,84,0,0,1,86.9,98.6,138.2,49.1,47.3,62.6,60,55.4,50.9,120.2,3.5,242,ON,20,20,560,559,OFF,Cooling,0,0,246,0,Cooling,0,0,69.8,50.9,440,P0,P0,71.6,Auto,Auto,Normal,1,Cooling,0,0,69.8,50,440,P0,P0,71.6,Auto,Auto,Normal,2,Cooling,0,7,70.7,62.6,810,P0,P0,69.8,Auto,Auto,Normal
9/19/2026 18:07,Cooling,OFF,0,144.5,255,255,255,255,84,0,0,1,86.9,97.7,137.3,51.8,50,64.4,65.3,60,53.6,120.2,3.25,241.9,ON,20,20,560,559,OFF,Cooling,0,0,244,0,Cooling,0,0,69.8,54.5,440,P0,P0,71.6,Auto,Auto,Normal,1,Cooling,0,0,69.8,51.8,440,P0,P0,71.6,Auto,Auto,Normal,2,Cooling,0,7,70.7,52.7,810,P0,P0,69.8,Auto,Auto,Normal
9/19/2026 18:07,Cooling,OFF,0,146.3,255,255,255,255,84,0,0,1,86.9,96.8,136.4,52.7,50.9,64.4,68,65.3,51.8,118.4,3.25,241.9,ON,20,20,560,559,OFF,Cooling,0,0,240,0,Cooling,0,0,69.8,57.2,440,P0,P0,71.6,Auto,Auto,Normal,1,Cooling,0,0,69.8,55.4,440,P0,P0,71.6,Auto,Auto,Normal,2,Cooling,0,7,70.7,50,810,P0,P0,69.8,Auto,Auto,Normal
9/19/2026 18:08,Cooling,OFF,0,148.1,255,255,255,255,84,0,0,1,86.9,95.9,135.5,53.6,51.8,58.1,69.8,67.1,51.8,118.4,3.25,241.9,ON,20,20,560,558,OFF,Cooling,0,0,237,0,Cooling,0,0,69.8,59,440,P0,P0,71.6,Auto,Auto,Normal,1,Cooling,0,0,69.8,58.1,440,P0,P0,71.6,Auto,Auto,Normal,2,Cooling,0,7,70.7,50,810,P0,P0,69.8,Auto,Auto,Normal
9/19/2026 18:08,Cooling,OFF,0,147.2,255,255,255,255,84,0,0,1,86.9,95.9,134.6,55.4,52.7,48.2,71.6,68.9,51.8,118.4,3.25,241.9,ON,20,20,560,559,OFF,Cooling,0,0,233,0,Cooling,0,0,69.8,59.9,440,P0,P0,71.6,Auto,Auto,Normal,1,Cooling,0,0,69.8,59.9,440,P0,P0,71.6,Auto,Auto,Normal,2,Cooling,0,7,70.7,50,810,P0,P0,69.8,Auto,Auto,Normal
9/19/2026 18:09,Cooling,OFF,0,147.2,255,255,255,255,84,0,0,1,86.9,95.9,133.7,57.2,53.6,47.3,72.5,69.8,51.8,118.4,3.25,241.9,ON,20,20,560,558,OFF,Cooling,0,0,230,0,Cooling,0,0,69.8,62.6,440,P0,P0,71.6,Auto,Auto,Normal,1,Cooling,0,0,69.8,62.6,440,P0,P0,71.6,Auto,Auto,Normal,2,Cooling,0,7,70.7,50,810,P0,P0,69.8,Auto,Auto,Normal
9/19/2026 18:09,Cooling,OFF,0,147.2,255,255,255,255,84,0,0,1,86,95.9,133.7,59,55.4,47.3,73.4,70.7,51.8,118.4,3.25,241.9,ON,20,20,560,559,OFF,Cooling,0,0,228,0,Cooling,0,0,69.8,63.5,440,P0,P0,71.6,Auto,Auto,Normal,1,Cooling,0,0,69.8,64.4,440,P0,P0,71.6,Auto,Auto,Normal,2,Cooling,0,7,70.7,50,810,P0,P0,69.8,Auto,Auto,Normal
9/19/2026 18:10,Cooling,OFF,0,148.1,255,255,255,255,84,0,0,1,86,96.8,132.8,60,58.1,47.3,74.3,71.6,50.9,118.4,3.25,241.9,ON,20,20,560,559,OFF,Cooling,0,0,225,0,Cooling,0,0,69.8,66.2,440,P0,P0,71.6,Auto,Auto,Normal,1,Cooling,0,0,70.7,66.2,440,P0,P0,71.6,Auto,Auto,Normal,2,Cooling,0,7,70.7,50,810,P0,P0,69.8,Auto,Auto,Normal
9/19/2026 18:10,Cooling,OFF,0,148.1,255,255,255,255,84,0,0,1,86,95.9,132.8,62.6,59.9,47.3,74.3,72.5,50.9,118.4,3.25,241.9,ON,20,20,560,559,OFF,Cooling,0,0,222,0,Cooling,0,0,69.8,67.1,440,P0,P0,71.6,Auto,Auto,Normal,1,Cooling,0,0,70.7,67.1,440,P0,P0,71.6,Auto,Auto,Normal,2,Cooling,0,7,70.7,50,810,P0,P0,69.8,Auto,Auto,Normal
9/19/2026 18:11,Cooling,OFF,0,147.2,255,255,255,255,84,0,0,1,86,95.9,132.8,63.5,60,50,75.2,72.5,50.9,118.4,3.25,241.9,ON,20,20,560,559,OFF,Cooling,0,0,221,0,Cooling,0,0,69.8,68,440,P0,P0,71.6,Auto,Auto,Normal,1,Cooling,0,0,70.7,68.9,440,P0,P0,71.6,Auto,Auto,Normal,2,Cooling,0,7,69.8,49.1,810,P0,P0,69.8,Auto,Auto,Normal
9/19/2026 18:11,Cooling,OFF,0,147.2,255,255,255,255,84,0,0,1,86,95.9,132.8,64.4,62.6,51.8,76.1,73.4,50.9,118.4,3.25,241.9,ON,20,20,560,558,OFF,Cooling,0,0,218,0,Cooling,0,0,69.8,68.9,440,P0,P0,71.6,Auto,Auto,Normal,1,Cooling,0,0,70.7,69.8,440,P0,P0,71.6,Auto,Auto,Normal,2,Cooling,0,7,69.8,50,810,P0,P0,69.8,Auto,Auto,Normal
9/19/2026 18:12,Cooling,OFF,0,148.1,255,255,255,255,84,0,0,1,86,95.9,132.8,65.3,63.5,55.4,77,73.4,50,118.4,3.25,241.9,ON,20,20,560,558,OFF,Cooling,0,0,216,0,Cooling,0,0,69.8,68.9,440,P0,P0,71.6,Auto,Auto,Normal,1,Cooling,0,0,70.7,69.8,440,P0,P0,71.6,Auto,Auto,Normal,2,Cooling,0,7,70.7,50,810,P0,P0,69.8,Auto,Auto,Normal
9/19/2026 18:12,Cooling,OFF,0,147.2,255,255,255,255,84,0,0,1,86,95.9,132.8,66.2,64.4,57.2,77,74.3,50,117.5,3.25,244.2,ON,20,20,560,558,OFF,Cooling,0,0,213,0,Cooling,0,0,70.7,69.8,440,P0,P0,71.6,Auto,Auto,Normal,1,Cooling,0,0,70.7,69.8,440,P0,P0,71.6,Auto,Auto,Normal,2,Cooling,0,7,70.7,49.1,810,P0,P0,69.8,Auto,Auto,Normal
9/19/2026 18:13,Cooling,OFF,0,149.9,255,255,255,255,84,0,0,1,86,96.8,132.8,67.1,65.3,59.9,77,74.3,50,117.5,3.25,244.2,ON,20,20,560,558,OFF,Cooling,0,0,212,0,Cooling,0,0,70.7,69.8,440,P0,P0,71.6,Auto,Auto,Normal,1,Cooling,0,0,70.7,69.8,440,P0,P0,71.6,Auto,Auto,Normal,2,Cooling,0,7,70.7,49.1,810,P0,P0,69.8,Auto,Auto,Normal
9/19/2026 18:13,Cooling,OFF,0,149,255,255,255,255,84,0,0,1,86.9,96.8,132.8,68,67.1,61.7,77,74.3,49.1,117.5,3.25,244.2,ON,20,20,560,558,OFF,Cooling,0,0,208,0,Cooling,0,0,70.7,69.8,440,P0,P0,71.6,Auto,Auto,Normal,1,Cooling,0,0,70.7,69.8,440,P0,P0,71.6,Auto,Auto,Normal,2,Cooling,0,7,70.7,50,810,P0,P0,69.8,Auto,Auto,Normal
9/19/2026 18:14,Cooling,OFF,0,149,255,255,255,255,84,0,0,1,86,96.8,133.7,68.9,68,62.6,77,75.2,49.1,117.5,3.25,244.2,ON,20,20,560,559,OFF,Cooling,0,0,208,0,Cooling,0,0,70.7,69.8,440,P0,P0,71.6,Auto,Auto,Normal,1,Cooling,0,0,70.7,69.8,440,P0,P0,71.6,Auto,Auto,Normal,2,Cooling,0,7,70.7,50,810,P0,P0,69.8,Auto,Auto,Normal
9/19/2026 18:14,Cooling,OFF,0,147.2,255,255,255,255,84,0,0,1,86,96.8,134.6,69.8,68,64.4,77.9,57.2,50.9,118.4,4.75,242.3,ON,30,30,560,559,OFF,Cooling,0,245,245,0,Cooling,0,0,70.7,69.8,440,P0,P0,71.6,Auto,Auto,Normal,1,Cooling,0,4,70.7,69.8,770,P0,P0,71.6,Auto,Auto,Normal,2,Cooling,0,7,70.7,50,810,P0,P0,69.8,Auto,Auto,Normal
9/19/2026 18:15,Cooling,OFF,0,153.5,255,255,255,255,84,0,0,1,86,98.6,136.4,69.8,66.2,64.4,77.9,62.6,53.6,118.4,4.75,244.6,ON,30,30,560,559,OFF,Cooling,0,247,247,0,Cooling,0,0,70.7,70.7,440,P0,P0,71.6,Auto,Auto,Normal,1,Cooling,0,4,70.7,53.6,770,P0,P0,71.6,Auto,Auto,Normal,2,Cooling,0,7,70.7,50.9,810,P0,P0,69.8,Auto,Auto,Normal
9/19/2026 18:15,Cooling,OFF,0,153.5,255,255,255,255,84,0,0,1,85.1,98.6,138.2,68,50.9,50,77.9,62.6,52.7,118.4,4.75,244.7,ON,30,30,560,559,OFF,Cooling,0,247,247,0,Cooling,0,0,70.7,70.7,440,P0,P0,71.6,Auto,Auto,Normal,1,Cooling,0,4,70.7,53.6,770,P0,P0,71.6,Auto,Auto,Normal,2,Cooling,0,7,70.7,50.9,810,P0,P0,69.8,Auto,Auto,Normal
9/19/2026 18:16,Cooling,OFF,0,153.5,255,255,255,255,84,0,0,1,85.1,99.5,139.1,64.4,49.1,50,77.9,61.7,51.8,120.2,4.75,244.7,ON,32,35,760,559,OFF,Cooling,128,247,247,0,Cooling,0,4,70.7,70.7,440,P0,P0,71.6,Auto,Auto,Normal,1,Cooling,0,4,70.7,52.7,770,P0,P0,71.6,Auto,Auto,Normal,2,Cooling,0,7,69.8,50.9,810,P0,P0,69.8,Auto,Auto,Normal
9/19/2026 18:16,Cooling,OFF,0,140.9,255,255,255,255,84,0,0,1,85.1,99.5,139.1,63.5,49.1,52.7,55.4,58.1,51.8,120.2,5.25,244.9,ON,35,35,760,759,OFF,Cooling,221,221,221,0,Cooling,0,4,70.7,53.6,770,P0,P0,71.6,Auto,Auto,Normal,1,Cooling,0,4,70.7,50.9,770,P0,P0,71.6,Auto,Auto,Normal,2,Cooling,0,7,69.8,58.1,810,P0,P0,69.8,Auto,Auto,Normal
9/19/2026 18:17,Cooling,OFF,0,140.9,255,255,255,255,84,0,0,1,85.1,98.6,139.1,50.9,49.1,55.4,53.6,57.2,51.8,120.2,5.5,242.6,ON,35,35,760,759,OFF,Cooling,221,220,221,0,Cooling,0,4,70.7,50,770,P0,P0,71.6,Auto,Auto,Normal,1,Cooling,0,2,69.8,50.9,770,P0,P0,71.6,Auto,Auto,Normal,2,Cooling,0,7,69.8,59.9,810,P0,P0,69.8,Auto,Auto,Normal
9/19/2026 18:17,Cooling,OFF,0,141.8,255,255,255,255,84,0,0,1,85.1,98.6,138.2,49.1,49.1,58.1,53.6,56.3,50.9,120.2,5.25,242.6,ON,35,35,760,759,OFF,Cooling,220,219,222,0,Cooling,0,4,70.7,50,770,P0,P0,71.6,Auto,Auto,Normal,1,Cooling,0,2,69.8,50,770,P0,P0,71.6,Auto,Auto,Normal,2,Cooling,0,7,69.8,60,810,P0,P0,69.8,Auto,Auto,Normal
9/19/2026 18:18,Cooling,OFF,0,141.8,255,255,255,255,84,0,0,1,84.2,97.7,137.3,49.1,48.2,59,52.7,55.4,50.9,120.2,5.25,242.6,ON,35,35,760,759,OFF,Cooling,219,218,221,0,Cooling,0,2,70.7,50,770,P0,P0,71.6,Auto,Auto,Normal,1,Cooling,0,2,69.8,50,770,P0,P0,71.6,Auto,Auto,Normal,2,Cooling,0,7,69.8,62.6,810,P0,P0,69.8,Auto,Auto,Normal
9/19/2026 18:18,Cooling,OFF,0,140,255,255,255,255,84,0,0,1,84.2,97.7,136.4,49.1,49.1,60,53.6,53.6,51.8,118.4,4.5,242.3,ON,29,29,560,558,OFF,Cooling,242,0,242,0,Cooling,0,2,69.8,50,770,P0,P0,71.6,Auto,Auto,Normal,1,Cooling,0,0,69.8,50,440,P0,P0,71.6,Auto,Auto,Normal,2,Cooling,0,7,69.8,62.6,810,P0,P0,69.8,Auto,Auto,Normal
9/19/2026 18:19,Cooling,OFF,0,151.7,255,255,255,255,84,0,0,1,84.2,97.7,135.5,49.1,49.1,61.7,51.8,60,51.8,118.4,3.25,241.9,ON,19,19,560,558,OFF,Cooling,0,0,244,0,Cooling,0,0,69.8,50,440,P0,P0,71.6,Auto,Auto,Normal,1,Cooling,0,0,69.8,53.6,440,P0,P0,71.6,Auto,Auto,Normal,2,Cooling,0,7,70.7,62.6,810,P0,P0,69.8,Auto,Auto,Normal
9/19/2026 18:19,Cooling,OFF,0,140,255,255,255,255,84,0,0,1,84.2,95.9,133.7,49.1,50.9,63.5,59.9,64.4,51.8,117.5,3,241.8,ON,19,19,560,558,OFF,Cooling,0,0,242,0,Cooling,0,0,69.8,50,440,P0,P0,71.6,Auto,Auto,Normal,1,Cooling,0,0,69.8,57.2,440,P0,P0,71.6,Auto,Auto,Normal,2,Cooling,0,7,70.7,52.7,810,P0,P0,69.8,Auto,Auto,Normal
9/19/2026 18:20,Cooling,OFF,0,142.7,255,255,255,255,84,0,0,1,84.2,94.1,132.8,50.9,51.8,65.3,64.4,66.2,51.8,117.5,3,241.8,ON,19,19,560,558,OFF,Cooling,0,0,237,0,Cooling,0,0,69.8,53.6,440,P0,P0,71.6,Auto,Auto,Normal,1,Cooling,0,0,69.8,59.9,440,P0,P0,71.6,Auto,Auto,Normal,2,Cooling,0,7,70.7,50.9,810,P0,P0,69.8,Auto,Auto,Normal
9/19/2026 18:20,Cooling,OFF,0,142.7,255,255,255,255,84,0,0,1,84.2,94.1,132.8,51.8,53.6,63.5,67.1,68,51.8,117.5,3,241.8,ON,19,19,560,559,OFF,Cooling,0,0,236,0,Cooling,0,0,69.8,57.2,440,P0,P0,71.6,Auto,Auto,Normal,1,Cooling,0,0,69.8,61.7,440,P0,P0,71.6,Auto,Auto,Normal,2,Cooling,0,7,70.7,50,810,P0,P0,69.8,Auto,Auto,Normal
9/19/2026 18:21,Cooling,OFF,0,143.6,255,255,255,255,84,0,0,1,83.3,94.1,131.9,53.6,54.5,58.1,68.9,68,51.8,116.6,3,244.1,ON,19,19,560,559,OFF,Cooling,0,0,232,0,Cooling,0,0,69.8,58.1,440,P0,P0,71.6,Auto,Auto,Normal,1,Cooling,0,0,69.8,64.4,440,P0,P0,71.6,Auto,Auto,Normal,2,Cooling,0,7,70.7,50,810,P0,P0,69.8,Auto,Auto,Normal
9/19/2026 18:21,Cooling,OFF,0,143.6,255,255,255,255,84,0,0,1,83.3,94.1,131,54.5,57.2,51.8,70.7,69.8,51.8,116.6,3,241.8,ON,19,19,560,559,OFF,Cooling,0,0,229,0,Cooling,0,0,69.8,59.9,440,P0,P0,71.6,Auto,Auto,Normal,1,Cooling,0,0,70.7,65.3,440,P0,P0,71.6,Auto,Auto,Normal,2,Cooling,0,7,69.8,50,810,P0,P0,69.8,Auto,Auto,Normal
9/19/2026 18:22,Cooling,OFF,0,143.6,255,255,255,255,84,0,0,1,83.3,94.1,131,56.3,59,49.1,71.6,69.8,50.9,116.6,3,244.1,ON,19,19,560,558,OFF,Cooling,0,0,227,0,Cooling,0,0,69.8,60,440,P0,P0,71.6,Auto,Auto,Normal,1,Cooling,0,0,70.7,67.1,440,P0,P0,71.6,Auto,Auto,Normal,2,Cooling,0,7,69.8,50,810,P0,P0,69.8,Auto,Auto,Normal
9/19/2026 18:22,Cooling,OFF,0,143.6,255,255,255,255,84,0,0,1,83.3,94.1,130.1,59,59.9,50.9,72.5,70.7,50.9,116.6,3,241.8,ON,19,19,560,558,OFF,Cooling,0,0,224,0,Cooling,0,0,69.8,62.6,440,P0,P0,71.6,Auto,Auto,Normal,1,Cooling,0,0,70.7,68.9,440,P0,P0,71.6,Auto,Auto,Normal,2,Cooling,0,7,70.7,50,810,P0,P0,69.8,Auto,Auto,Normal
9/19/2026 18:23,Cooling,OFF,0,143.6,255,255,255,255,84,0,0,1,83.3,94.1,130.1,60,60,51.8,73.4,71.6,50.9,116.6,3,241.8,ON,19,19,560,559,OFF,Cooling,0,0,221,0,Cooling,0,0,69.8,64.4,440,P0,P0,71.6,Auto,Auto,Normal,1,Cooling,0,0,70.7,68.9,440,P0,P0,71.6,Auto,Auto,Normal,2,Cooling,0,7,70.7,50,810,P0,P0,69.8,Auto,Auto,Normal
9/19/2026 18:23,Cooling,OFF,0,143.6,255,255,255,255,84,0,0,1,83.3,94.1,129.2,62.6,62.6,53.6,74.3,72.5,50.9,116.6,3,241.8,ON,19,19,560,559,OFF,Cooling,0,0,218,0,Cooling,0,0,69.8,66.2,440,P0,P0,71.6,Auto,Auto,Normal,1,Cooling,0,0,70.7,69.8,440,P0,P0,71.6,Auto,Auto,Normal,2,Cooling,0,7,70.7,50,810,P0,P0,69.8,Auto,Auto,Normal
9/19/2026 18:24,Cooling,OFF,0,143.6,255,255,255,255,84,0,0,1,82.4,94.1,129.2,63.5,62.6,55.4,74.3,72.5,50,115.7,3,241.8,ON,19,19,560,559,OFF,Cooling,0,0,216,0,Cooling,0,0,69.8,67.1,440,P0,P0,71.6,Auto,Auto,Normal,1,Cooling,0,0,70.7,69.8,440,P0,P0,71.6,Auto,Auto,Normal,2,Cooling,0,7,70.7,50,810,P0,P0,69.8,Auto,Auto,Normal
9/19/2026 18:24,Cooling,OFF,0,143.6,255,255,255,255,84,0,0,1,82.4,94.1,128.3,64.4,64.4,57.2,74.3,72.5,50,115.7,3,241.8,ON,19,19,560,559,OFF,Cooling,0,0,214,0,Cooling,0,0,69.8,68,440,P0,P0,71.6,Auto,Auto,Normal,1,Cooling,0,0,70.7,69.8,440,P0,P0,71.6,Auto,Auto,Normal,2,Cooling,0,7,70.7,50,810,P0,P0,69.8,Auto,Auto,Normal
9/19/2026 18:25,Cooling,OFF,0,143.6,255,255,255,255,84,0,0,1,82.4,94.1,128.3,65.3,64.4,59.9,75.2,72.5,49.1,115.7,3,244.1,ON,19,19,560,559,OFF,Cooling,0,0,210,0,Cooling,0,0,69.8,68.9,440,P0,P0,71.6,Auto,Auto,Normal,1,Cooling,0,0,70.7,69.8,440,P0,P0,71.6,Auto,Auto,Normal,2,Cooling,0,7,70.7,50.9,810,P0,P0,69.8,Auto,Auto,Normal
9/19/2026 18:25,Cooling,OFF,0,142.7,255,255,255,255,84,0,0,1,82.4,94.1,128.3,66.2,66.2,61.7,75.2,73.4,49.1,115.7,3,244.1,ON,19,19,560,559,OFF,Cooling,0,0,208,0,Cooling,0,0,69.8,69.8,440,P0,P0,71.6,Auto,Auto,Normal,1,Cooling,0,0,70.7,69.8,440,P0,P0,71.6,Auto,Auto,Normal,2,Cooling,0,7,70.7,52.7,810,P0,P0,69.8,Auto,Auto,Normal
9/19/2026 18:26,Cooling,OFF,0,140,255,255,255,255,84,0,0,1,82.4,94.1,129.2,67.1,66.2,63.5,76.1,57.2,50.9,115.7,4.25,242.2,ON,27,27,560,559,OFF,Cooling,0,240,240,0,Cooling,0,0,70.7,69.8,440,P0,P0,71.6,Auto,Auto,Normal,1,Cooling,0,4,70.7,69.8,770,P0,P0,71.6,Auto,Auto,Normal,2,Cooling,0,7,70.7,50,810,P0,P0,69.8,Auto,Auto,Normal
9/19/2026 18:26,Cooling,OFF,0,140,255,255,255,255,84,0,0,1,82.4,95,130.1,68,65.3,64.4,76.1,61.7,53.6,116.6,4.25,242.1,ON,27,27,560,558,OFF,Cooling,0,240,240,0,Cooling,0,0,70.7,69.8,440,P0,P0,71.6,Auto,Auto,Normal,1,Cooling,0,4,70.7,53.6,770,P0,P0,71.6,Auto,Auto,Normal,2,Cooling,0,7,70.7,51.8,810,P0,P0,69.8,Auto,Auto,Normal
9/19/2026 18:27,Cooling,OFF,0,140,255,255,255,255,84,0,0,1,82.4,95.9,131,66.2,51.8,54.5,77,60,53.6,116.6,4,244.4,ON,27,27,560,558,OFF,Cooling,0,240,240,0,Cooling,0,0,70.7,69.8,440,P0,P0,71.6,Auto,Auto,Normal,1,Cooling,0,4,70.7,53.6,770,P0,P0,71.6,Auto,Auto,Normal,2,Cooling,0,7,70.7,51.8,810,P0,P0,69.8,Auto,Auto,Normal
9/19/2026 18:27,Cooling,OFF,0,140,255,255,255,255,84,0,0,1,82.4,96.8,131,64.4,50,51.8,77,60,52.7,116.6,4.25,242.2,ON,27,27,560,558,OFF,Cooling,0,240,240,0,Cooling,0,0,70.7,69.8,440,P0,P0,71.6,Auto,Auto,Normal,1,Cooling,0,4,70.7,52.7,770,P0,P0,71.6,Auto,Auto,Normal,2,Cooling,0,7,70.7,53.6,810,P0,P0,69.8,Auto,Auto,Normal
9/19/2026 18:28,Cooling,OFF,0,140,255,255,255,255,84,0,0,1,82.4,95.9,130.1,62.6,49.1,53.6,77,59,51.8,116.6,4,244.4,ON,27,27,560,559,OFF,Cooling,0,240,240,0,Cooling,0,0,70.7,70.7,440,P0,P0,71.6,Auto,Auto,Normal,1,Cooling,0,4,70.7,51.8,770,P0,P0,71.6,Auto,Auto,Normal,2,Cooling,0,7,70.7,59,810,P0,P0,69.8,Auto,Auto,Normal
9/19/2026 18:28,Cooling,OFF,0,140,255,255,255,255,84,0,0,1,82.4,95.9,130.1,61.7,48.2,56.3,77,59,50.9,116.6,4,242.2,ON,27,27,560,559,OFF,Cooling,0,240,240,0,Cooling,0,0,70.7,70.7,440,P0,P0,71.6,Auto,Auto,Normal,1,Cooling,0,4,70.7,50.9,770,P0,P0,71.6,Auto,Auto,Normal,2,Cooling,0,7,70.7,59.9,810,P0,P0,69.8,Auto,Auto,Normal
9/19/2026 18:29,Cooling,OFF,0,140,255,255,255,255,84,0,0,1,82.4,95.9,130.1,60,47.3,58.1,77,58.1,50.9,116.6,4.25,242.2,ON,27,27,560,558,OFF,Cooling,0,240,240,0,Cooling,0,0,70.7,70.7,440,P0,P0,71.6,Auto,Auto,Normal,1,Cooling,0,2,69.8,50,770,P0,P0,71.6,Auto,Auto,Normal,2,Cooling,0,7,70.7,61.7,810,P0,P0,69.8,Auto,Auto,Normal
9/19/2026 18:29,Cooling,OFF,0,140,255,255,255,255,84,0,0,1,82.4,95,129.2,60,47.3,59.9,77,57.2,50,116.6,4.25,242.2,ON,30,32,560,559,OFF,Cooling,180,240,240,0,Cooling,0,4,70.7,70.7,770,P0,P0,71.6,Auto,Auto,Normal,1,Cooling,0,2,69.8,50,770,P0,P0,71.6,Auto,Auto,Normal,2,Cooling,0,7,70.7,62.6,810,P0,P0,69.8,Auto,Auto,Normal
9/19/2026 18:30,Cooling,OFF,0,140,255,255,255,255,84,0,0,1,82.4,95,128.3,60,48.2,60,53.6,55.4,50.9,116.6,4.75,242.3,ON,32,32,760,759,OFF,Cooling,217,217,217,0,Cooling,0,4,70.7,57.2,770,P0,P0,71.6,Auto,Auto,Normal,1,Cooling,0,2,69.8,50,770,P0,P0,71.6,Auto,Auto,Normal,2,Cooling,0,7,70.7,64.4,810,P0,P0,69.8,Auto,Auto,Normal
9/19/2026 18:30,Cooling,OFF,0,140,255,255,255,255,84,0,0,1,82.4,95,128.3,51.8,49.1,62.6,53.6,55.4,50.9,115.7,4.75,240,ON,32,32,760,759,OFF,Cooling,217,217,217,0,Cooling,0,4,70.7,50,770,P0,P0,71.6,Auto,Auto,Normal,1,Cooling,0,2,69.8,50,770,P0,P0,71.6,Auto,Auto,Normal,2,Cooling,0,7,70.7,65.3,810,P0,P0,69.8,Auto,Auto,Normal
9/19/2026 18:31,Cooling,OFF,0,140,255,255,255,255,84,0,0,1,82.4,94.1,128.3,49.1,49.1,62.6,53.6,55.4,50.9,115.7,4.75,242.3,ON,32,32,760,759,OFF,Cooling,217,217,217,0,Cooling,0,4,70.7,50,770,P0,P0,71.6,Auto,Auto,Normal,1,Cooling,0,2,69.8,50,770,P0,P0,71.6,Auto,Auto,Normal,2,Cooling,0,7,70.7,66.2,810,P0,P0,69.8,Auto,Auto,Normal
9/19/2026 18:31,Cooling,OFF,0,140,255,255,255,255,84,0,0,1,82.4,95,127.4,49.1,49.1,62.6,52.7,55.4,50.9,115.7,4.75,242.3,ON,32,32,760,759,OFF,Cooling,217,217,217,0,Cooling,0,2,69.8,50,770,P0,P0,71.6,Auto,Auto,Normal,1,Cooling,0,2,69.8,50,770,P0,P0,71.6,Auto,Auto,Normal,2,Cooling,0,7,70.7,67.1,810,P0,P0,69.8,Auto,Auto,Normal
9/19/2026 18:32,Cooling,OFF,0,140,255,255,255,255,84,0,0,1,82.4,94.1,126.5,49.1,49.1,63.5,52.7,55.4,50.9,115.7,4.75,242.3,ON,32,32,760,759,OFF,Cooling,217,217,217,0,Cooling,0,2,69.8,50,770,P0,P0,71.6,Auto,Auto,Normal,1,Cooling,0,2,69.8,50,770,P0,P0,71.6,Auto,Auto,Normal,2,Cooling,0,7,70.7,67.1,810,P0,P0,69.8,Auto,Auto,Normal
9/19/2026 18:32,Cooling,OFF,0,140,255,255,255,255,84,0,0,1,82.4,94.1,125.6,50,50,63.5,53.6,56.3,53.6,115.7,3,241.7,ON,18,18,560,559,OFF,Cooling,0,0,243,0,Cooling,0,0,69.8,50,440,P0,P0,71.6,Auto,Auto,Normal,1,Cooling,0,0,69.8,50,440,P0,P0,71.6,Auto,Auto,Normal,2,Cooling,0,7,70.7,66.2,810,P0,P0,69.8,Auto,Auto,Normal
9/19/2026 18:33,Cooling,OFF,0,140,255,255,255,255,84,0,0,1,82.4,93.2,124.7,51.8,51.8,65.3,61.7,61.7,52.7,113.9,2.75,241.7,ON,18,18,560,559,OFF,Cooling,0,0,243,0,Cooling,0,0,69.8,53.6,440,P0,P0,71.6,Auto,Auto,Normal,1,Cooling,0,0,69.8,55.4,440,P0,P0,71.6,Auto,Auto,Normal,2,Cooling,0,7,70.7,53.6,810,P0,P0,69.8,Auto,Auto,Normal
9/19/2026 18:33,Cooling,OFF,0,140,255,255,255,255,84,0,0,1,82.4,92.3,123.8,51.8,52.7,66.2,65.3,64.4,51.8,113.9,2.75,241.7,ON,18,18,560,558,OFF,Cooling,0,0,243,0,Cooling,0,0,69.8,54.5,440,P0,P0,71.6,Auto,Auto,Normal,1,Cooling,0,0,69.8,57.2,440,P0,P0,71.6,Auto,Auto,Normal,2,Cooling,0,7,70.7,50.9,810,P0,P0,69.8,Auto,Auto,Normal
9/19/2026 18:34,Cooling,OFF,0,140,255,255,255,255,84,0,0,1,82.4,92.3,123.8,53.6,53.6,58.1,68,66.2,51.8,113,2.75,241.7,ON,18,18,560,559,OFF,Cooling,0,0,243,0,Cooling,0,0,69.8,57.2,440,P0,P0,71.6,Auto,Auto,Normal,1,Cooling,0,0,69.8,59.9,440,P0,P0,71.6,Auto,Auto,Normal,2,Cooling,0,7,70.7,50.9,810,P0,P0,69.8,Auto,Auto,Normal
9/19/2026 18:34,Cooling,OFF,0,140,255,255,255,255,84,0,0,1,82.4,92.3,122.9,53.6,54.5,49.1,68.9,67.1,52.7,113,2.75,241.7,ON,18,18,560,559,OFF,Cooling,0,0,243,0,Cooling,0,0,69.8,58.1,440,P0,P0,71.6,Auto,Auto,Normal,1,Cooling,0,0,69.8,60,440,P0,P0,71.6,Auto,Auto,Normal,2,Cooling,0,7,70.7,50.9,810,P0,P0,69.8,Auto,Auto,Normal
9/19/2026 18:35,Cooling,OFF,0,140,255,255,255,255,84,0,0,1,82.4,92.3,122.9,55.4,55.4,49.1,69.8,68,52.7,113,2.75,241.7,ON,18,18,560,558,OFF,Cooling,0,0,243,0,Cooling,0,0,69.8,59.9,440,P0,P0,71.6,Auto,Auto,Normal,1,Cooling,0,0,70.7,62.6,440,P0,P0,71.6,Auto,Auto,Normal,2,Cooling,0,7,70.7,50.9,810,P0,P0,69.8,Auto,Auto,Normal
9/19/2026 18:35,Cooling,OFF,0,140,255,255,255,255,84,0,0,1,82.4,93.2,122.9,56.3,56.3,49.1,70.7,68.9,52.7,113,3,241.7,ON,18,18,560,558,OFF,Cooling,0,0,243,0,Cooling,0,0,69.8,61.7,440,P0,P0,71.6,Auto,Auto,Normal,1,Cooling,0,0,70.7,64.4,440,P0,P0,71.6,Auto,Auto,Normal,2,Cooling,0,7,70.7,51.8,810,P0,P0,69.8,Auto,Auto,Normal
9/19/2026 18:36,Cooling,OFF,0,140,255,255,255,255,84,0,0,1,82.4,93.2,122.9,59,58.1,49.1,72.5,69.8,52.7,113,3,241.7,ON,18,18,560,559,OFF,Cooling,0,0,243,0,Cooling,0,0,69.8,63.5,440,P0,P0,71.6,Auto,Auto,Normal,1,Cooling,0,0,70.7,65.3,440,P0,P0,71.6,Auto,Auto,Normal,2,Cooling,0,7,70.7,50.9,810,P0,P0,69.8,Auto,Auto,Normal
9/19/2026 18:36,Cooling,OFF,0,140,255,255,255,255,84,0,0,1,82.4,93.2,122,60,59,49.1,72.5,69.8,52.7,113,3,241.7,ON,18,18,560,559,OFF,Cooling,0,0,243,0,Cooling,0,0,69.8,64.4,440,P0,P0,71.6,Auto,Auto,Normal,1,Cooling,0,0,70.7,67.1,440,P0,P0,71.6,Auto,Auto,Normal,2,Cooling,0,7,70.7,50.9,810,P0,P0,69.8,Auto,Auto,Normal
9/19/2026 18:37,Cooling,OFF,0,140,255,255,255,255,84,0,0,1,82.4,94.1,122,61.7,59.9,49.1,73.4,70.7,52.7,112.1,3,241.7,ON,18,18,560,559,OFF,Cooling,0,0,243,0,Cooling,0,0,69.8,67.1,440,P0,P0,71.6,Auto,Auto,Normal,1,Cooling,0,0,70.7,68,440,P0,P0,71.6,Auto,Auto,Normal,2,Cooling,0,7,70.7,51.8,810,P0,P0,69.8,Auto,Auto,Normal
9/19/2026 18:37,Cooling,OFF,0,140,255,255,255,255,84,0,0,1,82.4,94.1,121.1,62.6,60,49.1,74.3,70.7,52.7,112.1,3,241.7,ON,18,18,560,558,OFF,Cooling,0,0,243,0,Cooling,0,0,69.8,67.1,440,P0,P0,71.6,Auto,Auto,Normal,1,Cooling,0,0,70.7,68.9,440,P0,P0,71.6,Auto,Auto,Normal,2,Cooling,0,7,70.7,51.8,810,P0,P0,69.8,Auto,Auto,Normal
9/19/2026 18:38,Cooling,OFF,0,140,255,255,255,255,84,0,0,1,82.4,93.2,121.1,63.5,60,49.1,74.3,71.6,52.7,112.1,3,241.7,ON,18,18,560,558,OFF,Cooling,0,0,243,0,Cooling,0,0,69.8,68,440,P0,P0,71.6,Auto,Auto,Normal,1,Cooling,0,0,70.7,69.8,440,P0,P0,71.6,Auto,Auto,Normal,2,Cooling,0,7,70.7,50.9,810,P0,P0,69.8,Auto,Auto,Normal
9/19/2026 18:38,Cooling,OFF,0,140,255,255,255,255,84,0,0,1,82.4,93.2,120.2,64.4,61.7,49.1,74.3,72.5,52.7,112.1,3,241.7,ON,18,18,560,559,OFF,Cooling,0,0,243,0,Cooling,0,0,69.8,68.9,440,P0,P0,71.6,Auto,Auto,Normal,1,Cooling,0,0,70.7,69.8,440,P0,P0,71.6,Auto,Auto,Normal,2,Cooling,0,7,70.7,50.9,810,P0,P0,69.8,Auto,Auto,Normal
9/19/2026 18:39,Cooling,OFF,0,140,255,255,255,255,84,0,0,1,82.4,93.2,120.2,64.4,62.6,49.1,75.2,60,53.6,112.1,4,239.7,ON,27,27,560,559,OFF,Cooling,0,240,240,0,Cooling,0,0,70.7,69.8,440,P0,P0,71.6,Auto,Auto,Normal,1,Cooling,0,4,70.7,69.8,770,P0,P0,71.6,Auto,Auto,Normal,2,Cooling,0,7,70.7,50.9,810,P0,P0,69.8,Auto,Auto,Normal
9/19/2026 18:39,Cooling,OFF,0,140,255,255,255,255,84,0,0,1,82.4,95,120.2,65.3,63.5,49.1,75.2,59.9,52.7,112.1,4.25,242.2,ON,27,27,560,559,OFF,Cooling,0,240,240,0,Cooling,0,0,70.7,69.8,440,P0,P0,71.6,Auto,Auto,Normal,1,Cooling,0,4,70.7,56.3,770,P0,P0,71.6,Auto,Auto,Normal,2,Cooling,0,7,70.7,51.8,810,P0,P0,69.8,Auto,Auto,Normal
9/19/2026 18:40,Cooling,OFF,0,140,255,255,255,255,84,0,0,1,83.3,95.9,121.1,66.2,53.6,50.9,76.1,60,52.7,113,4.25,242.2,ON,27,27,560,559,OFF,Cooling,0,240,240,0,Cooling,0,0,70.7,69.8,440,P0,P0,71.6,Auto,Auto,Normal,1,Cooling,0,4,70.7,52.7,770,P0,P0,71.6,Auto,Auto,Normal,2,Cooling,0,7,70.7,51.8,810,P0,P0,69.8,Auto,Auto,Normal
9/19/2026 18:40,Cooling,OFF,0,140,255,255,255,255,84,0,0,1,83.3,96.8,122,64.4,50,50.9,76.1,59.9,51.8,113,4.25,239.9,ON,27,27,560,559,OFF,Cooling,0,240,240,0,Cooling,0,0,70.7,69.8,440,P0,P0,71.6,Auto,Auto,Normal,1,Cooling,0,4,70.7,51.8,770,P0,P0,71.6,Auto,Auto,Normal,2,Cooling,0,7,70.7,56.3,810,P0,P0,69.8,Auto,Auto,Normal
9/19/2026 18:41,Cooling,OFF,0,140,255,255,255,255,84,0,0,1,83.3,96.8,122,62.6,49.1,53.6,77,59,50.9,113,4.25,239.9,ON,27,27,560,558,OFF,Cooling,0,240,240,0,Cooling,0,0,70.7,69.8,440,P0,P0,71.6,Auto,Auto,Normal,1,Cooling,0,4,70.7,50.9,770,P0,P0,71.6,Auto,Auto,Normal,2,Cooling,0,7,70.7,59.9,810,P0,P0,69.8,Auto,Auto,Normal
9/19/2026 18:41,Cooling,OFF,0,140,255,255,255,255,84,0,0,1,83.3,95.9,122,61.7,48.2,57.2,77,58.1,50.9,113,4.25,239.8,ON,27,27,560,558,OFF,Cooling,0,240,240,0,Cooling,0,0,70.7,70.7,440,P0,P0,71.6,Auto,Auto,Normal,1,Cooling,0,4,70.7,50,770,P0,P0,71.6,Auto,Auto,Normal,2,Cooling,0,7,70.7,60,810,P0,P0,69.8,Auto,Auto,Normal
9/19/2026 18:42,Cooling,OFF,0,140,255,255,255,255,84,0,0,1,82.4,95,122,60,47.3,59,77,58.1,50.9,113,4.25,242.2,ON,27,27,560,559,OFF,Cooling,0,240,240,0,Cooling,0,0,70.7,70.7,440,P0,P0,71.6,Auto,Auto,Normal,1,Cooling,0,2,69.8,50,770,P0,P0,71.6,Auto,Auto,Normal,2,Cooling,0,7,70.7,62.6,810,P0,P0,69.8,Auto,Auto,Normal
9/19/2026 18:42,Cooling,OFF,0,140,255,255,255,255,84,0,0,1,82.4,95,122,59,47.3,60,53.6,56.3,50,113,5,242.4,ON,33,33,760,759,OFF,Cooling,218,218,218,0,Cooling,0,4,70.7,64.4,770,P0,P0,71.6,Auto,Auto,Normal,1,Cooling,0,2,69.8,50,770,P0,P0,71.6,Auto,Auto,Normal,2,Cooling,0,7,70.7,64.4,810,P0,P0,69.8,Auto,Auto,Normal
9/19/2026 18:43,Cooling,OFF,0,140,255,255,255,255,84,0,0,1,82.4,95,122.9,53.6,49.1,61.7,53.6,55.4,50.9,113,4.75,242.4,ON,33,33,760,759,OFF,Cooling,218,218,218,0,Cooling,0,4,70.7,50,770,P0,P0,71.6,Auto,Auto,Normal,1,Cooling,0,2,69.8,50,770,P0,P0,71.6,Auto,Auto,Normal,2,Cooling,0,7,70.7,67.1,810,P0,P0,69.8,Auto,Auto,Normal
9/19/2026 18:43,Cooling,OFF,0,140,255,255,255,255,84,0,0,1,82.4,95,122.9,49.1,49.1,62.6,53.6,55.4,50.9,113,5,240.1,ON,33,33,760,759,OFF,Cooling,218,218,218,0,Cooling,0,4,70.7,50,770,P0,P0,71.6,Auto,Auto,Normal,1,Cooling,0,2,69.8,50,770,P0,P0,71.6,Auto,Auto,Normal,2,Cooling,0,7,70.7,67.1,810,P0,P0,69.8,Auto,Auto,Normal
9/19/2026 18:44,Cooling,OFF,0,140,255,255,255,255,84,0,0,1,82.4,95,122.9,49.1,49.1,62.6,52.7,55.4,50.9,113,4.75,240.1,ON,33,33,760,759,OFF,Cooling,218,218,218,0,Cooling,0,4,70.7,50,770,P0,P0,71.6,Auto,Auto,Normal,1,Cooling,0,2,69.8,50,770,P0,P0,71.6,Auto,Auto,Normal,2,Cooling,0,9,71.6,67.1,810,P0,P0,69.8,Auto,Auto,Normal
9/19/2026 18:44,Cooling,OFF,0,140,255,255,255,255,84,0,0,1,82.4,95,122.9,49.1,49.1,62.6,52.7,55.4,50.9,113,5.25,240.2,ON,35,35,760,759,OFF,Cooling,224,224,224,0,Cooling,0,2,69.8,50,770,P0,P0,71.6,Auto,Auto,Normal,1,Cooling,0,2,69.8,50,770,P0,P0,71.6,Auto,Auto,Normal,2,Cooling,0,9,71.6,67.1,810,P0,P0,69.8,Auto,Auto,Normal
9/19/2026 18:45,Cooling,OFF,0,140,255,255,255,255,84,0,0,1,82.4,95,122.9,48.2,48.2,63.5,50.9,53.6,50.9,113,3.25,241.8,ON,18,18,560,558,OFF,Cooling,80,80,245,0,Cooling,0,0,69.8,49.1,440,P0,P0,71.6,Auto,Auto,Normal,1,Cooling,0,0,69.8,50,440,P0,P0,71.6,Auto,Auto,Normal,2,Cooling,0,9,71.6,67.1,810,P0,P0,69.8,Auto,Auto,Normal
9/19/2026 18:45,Cooling,OFF,0,140,255,255,255,255,84,0,0,1,82.4,94.1,122,50.9,50.9,64.4,57.2,55.4,53.6,112.1,2.75,241.7,ON,18,18,560,559,OFF,Cooling,0,0,245,0,Cooling,0,0,69.8,51.8,440,P0,P0,71.6,Auto,Auto,Normal,1,Cooling,0,0,69.8,51.8,440,P0,P0,71.6,Auto,Auto,Normal,2,Cooling,0,9,71.6,64.4,810,P0,P0,69.8,Auto,Auto,Normal
9/19/2026 18:46,Cooling,OFF,0,140,255,255,255,255,84,0,0,1,82.4,92.3,122,51.8,51.8,66.2,62.6,60,52.7,112.1,2.75,241.7,ON,18,18,560,559,OFF,Cooling,0,0,245,0,Cooling,0,0,69.8,54.5,440,P0,P0,71.6,Auto,Auto,Normal,1,Cooling,0,0,69.8,56.3,440,P0,P0,71.6,Auto,Auto,Normal,2,Cooling,0,9,71.6,51.8,810,P0,P0,69.8,Auto,Auto,Normal
9/19/2026 18:46,Cooling,OFF,0,140,255,255,255,255,84,0,0,1,81.5,91.4,121.1,53.6,53.6,63.5,66.2,63.5,51.8,112.1,3.25,239.5,ON,21,21,560,559,OFF,Cooling,0,0,255,0,Cooling,0,0,69.8,56.3,440,P0,P0,71.6,Auto,Auto,Normal,1,Cooling,0,0,69.8,58.1,440,P0,P0,71.6,Auto,Auto,Normal,2,Cooling,0,9,71.6,50.9,810,P0,P0,69.8,Auto,Auto,Normal
9/19/2026 18:47,Cooling,OFF,0,140,255,255,255,255,84,0,0,1,81.5,92.3,121.1,53.6,53.6,48.2,68,65.3,51.8,112.1,3.25,239.6,ON,21,21,560,558,OFF,Cooling,0,0,255,0,Cooling,0,0,69.8,57.2,440,P0,P0,71.6,Auto,Auto,Normal,1,Cooling,0,0,69.8,59.9,440,P0,P0,71.6,Auto,Auto,Normal,2,Cooling,0,9,71.6,50,810,P0,P0,69.8,Auto,Auto,Normal
9/19/2026 18:47,Cooling,OFF,0,140,255,255,255,255,84,0,0,1,81.5,93.2,121.1,53.6,53.6,47.3,69.8,66.2,51.8,112.1,3.25,239.6,ON,21,21,560,559,OFF,Cooling,0,0,255,0,Cooling,0,0,69.8,59,440,P0,P0,71.6,Auto,Auto,Normal,1,Cooling,0,0,69.8,61.7,440,P0,P0,71.6,Auto,Auto,Normal,2,Cooling,0,9,70.7,50,810,P0,P0,69.8,Auto,Auto,Normal
9/19/2026 18:48,Cooling,OFF,0,140,255,255,255,255,84,0,0,1,81.5,93.2,121.1,55.4,55.4,47.3,70.7,68,51.8,112.1,3.25,239.6,ON,21,21,560,559,OFF,Cooling,0,0,255,0,Cooling,0,0,69.8,60,440,P0,P0,71.6,Auto,Auto,Normal,1,Cooling,0,0,70.7,62.6,440,P0,P0,71.6,Auto,Auto,Normal,2,Cooling,0,9,70.7,50,810,P0,P0,69.8,Auto,Auto,Normal
9/19/2026 18:48,Cooling,OFF,0,140,255,255,255,255,84,0,0,1,81.5,93.2,121.1,57.2,56.3,47.3,71.6,68,51.8,112.1,3.5,239.6,ON,22,22,560,559,OFF,Cooling,0,0,259,0,Cooling,0,0,69.8,62.6,440,P0,P0,71.6,Auto,Auto,Normal,1,Cooling,0,0,70.7,64.4,440,P0,P0,71.6,Auto,Auto,Normal,2,Cooling,0,9,70.7,50,810,P0,P0,69.8,Auto,Auto,Normal
9/19/2026 18:49,Cooling,OFF,0,140,255,255,255,255,84,0,0,1,81.5,94.1,121.1,59,57.2,47.3,72.5,68.9,51.8,112.1,3.5,239.6,ON,22,22,560,559,OFF,Cooling,0,0,259,0,Cooling,0,0,69.8,63.5,440,P0,P0,71.6,Auto,Auto,Normal,1,Cooling,0,0,70.7,66.2,440,P0,P0,71.6,Auto,Auto,Normal,2,Cooling,0,9,70.7,50,810,P0,P0,69.8,Auto,Auto,Normal
9/19/2026 18:49,Cooling,OFF,0,140,255,255,255,255,84,0,0,1,82.4,94.1,120.2,60,58.1,47.3,72.5,69.8,51.8,112.1,3.5,241.9,ON,22,22,560,559,OFF,Cooling,0,0,259,0,Cooling,0,0,69.8,65.3,440,P0,P0,71.6,Auto,Auto,Normal,1,Cooling,0,0,70.7,67.1,440,P0,P0,71.6,Auto,Auto,Normal,2,Cooling,0,9,70.7,50,810,P0,P0,69.8,Auto,Auto,Normal
9/19/2026 18:50,Cooling,OFF,0,140,255,255,255,255,84,0,0,1,81.5,93.2,120.2,61.7,59,47.3,73.4,69.8,51.8,112.1,3.5,241.9,ON,22,22,560,559,OFF,Cooling,0,0,259,0,Cooling,0,0,69.8,67.1,440,P0,P0,71.6,Auto,Auto,Normal,1,Cooling,0,0,70.7,68,440,P0,P0,71.6,Auto,Auto,Normal,2,Cooling,0,9,70.7,50,810,P0,P0,69.8,Auto,Auto,Normal
9/19/2026 18:50,Cooling,OFF,0,140,255,255,255,255,84,0,0,1,81.5,93.2,120.2,62.6,59,46.4,73.4,70.7,51.8,112.1,4,239.8,ON,27,27,560,558,OFF,Cooling,0,0,274,0,Cooling,0,0,69.8,67.1,440,P0,P0,71.6,Auto,Auto,Normal,1,Cooling,0,0,70.7,68.9,440,P0,P0,71.6,Auto,Auto,Normal,2,Cooling,0,9,70.7,49.1,810,P0,P0,69.8,Auto,Auto,Normal
9/19/2026 18:51,Cooling,OFF,0,140,255,255,255,255,84,0,0,1,81.5,94.1,120.2,62.6,59,44.6,74.3,71.6,51.8,112.1,4.25,242.2,ON,27,27,560,559,OFF,Cooling,0,0,274,0,Cooling,0,0,69.8,68,440,P0,P0,71.6,Auto,Auto,Normal,1,Cooling,0,0,70.7,69.8,440,P0,P0,71.6,Auto,Auto,Normal,2,Cooling,0,9,70.7,47.3,810,P0,P0,69.8,Auto,Auto,Normal
9/19/2026 18:51,Cooling,OFF,0,140,255,255,255,255,84,0,0,1,81.5,94.1,121.1,62.6,59,44.6,74.3,72.5,51.8,112.1,4.25,239.8,ON,27,27,560,558,OFF,Cooling,0,0,274,0,Cooling,0,0,70.7,68.9,440,P0,P0,71.6,Auto,Auto,Normal,1,Cooling,0,0,70.7,69.8,440,P0,P0,71.6,Auto,Auto,Normal,2,Cooling,0,9,70.7,47.3,810,P0,P0,69.8,Auto,Auto,Normal
9/19/2026 18:52,Cooling,OFF,0,140,255,255,255,255,84,0,0,1,81.5,94.1,122,62.6,59,43.7,74.3,72.5,50.9,112.1,4.25,242.2,ON,27,27,560,558,OFF,Cooling,0,0,274,0,Cooling,0,0,70.7,68.9,440,P0,P0,71.6,Auto,Auto,Normal,1,Cooling,0,0,70.7,69.8,440,P0,P0,71.6,Auto,Auto,Normal,2,Cooling,0,9,70.7,47.3,810,P0,P0,69.8,Auto,Auto,Normal
9/19/2026 18:52,Cooling,OFF,0,140,255,255,255,255,84,0,0,1,81.5,94.1,122,63.5,60,45.5,74.3,58.1,50.9,112.1,4.5,240,ON,30,30,560,559,OFF,Cooling,0,251,251,0,Cooling,0,0,70.7,69.8,440,P0,P0,71.6,Auto,Auto,Normal,1,Cooling,0,4,70.7,69.8,770,P0,P0,71.6,Auto,Auto,Normal,2,Cooling,0,9,70.7,49.1,810,P0,P0,69.8,Auto,Auto,Normal
9/19/2026 18:53,Cooling,OFF,0,140,255,255,255,255,84,0,0,1,81.5,95,122.9,64.4,59,48.2,75.2,60,51.8,112.1,4.5,242.3,ON,30,30,560,559,OFF,Cooling,0,251,251,0,Cooling,0,0,70.7,69.8,440,P0,P0,71.6,Auto,Auto,Normal,1,Cooling,0,4,70.7,52.7,770,P0,P0,71.6,Auto,Auto,Normal,2,Cooling,0,9,70.7,50.9,810,P0,P0,69.8,Auto,Auto,Normal
9/19/2026 18:53,Cooling,OFF,0,140,255,255,255,255,84,0,0,1,81.5,95.9,122.9,62.6,48.2,49.1,75.2,59.9,50.9,113,4.5,242.3,ON,30,30,560,559,OFF,Cooling,0,251,251,0,Cooling,0,0,70.7,69.8,440,P0,P0,71.6,Auto,Auto,Normal,1,Cooling,0,4,70.7,50.9,770,P0,P0,71.6,Auto,Auto,Normal,2,Cooling,0,9,70.7,53.6,810,P0,P0,69.8,Auto,Auto,Normal
9/19/2026 18:54,Cooling,OFF,0,140,255,255,255,255,84,0,0,1,81.5,95,122.9,60,47.3,51.8,75.2,59,50,113,4.5,240,ON,30,30,560,558,OFF,Cooling,0,251,251,0,Cooling,0,0,70.7,69.8,440,P0,P0,71.6,Auto,Auto,Normal,1,Cooling,0,4,70.7,50,770,P0,P0,71.6,Auto,Auto,Normal,2,Cooling,0,9,70.7,57.2,810,P0,P0,69.8,Auto,Auto,Normal
9/19/2026 18:54,Cooling,OFF,0,140,255,255,255,255,84,0,0,1,81.5,95,122.9,59.9,45.5,55.4,76.1,59,49.1,113,5,240.1,ON,33,33,760,759,OFF,Cooling,0,259,259,0,Cooling,0,0,70.7,69.8,440,P0,P0,71.6,Auto,Auto,Normal,1,Cooling,0,4,70.7,50,770,P0,P0,71.6,Auto,Auto,Normal,2,Cooling,0,9,70.7,59,810,P0,P0,69.8,Auto,Auto,Normal
9/19/2026 18:55,Cooling,OFF,0,140,255,255,255,255,84,0,0,1,81.5,94.1,122.9,59,44.6,57.2,60,57.2,48.2,113,4.75,240.1,ON,33,33,760,759,OFF,Cooling,223,223,223,0,Cooling,0,4,70.7,70.7,770,P0,P0,71.6,Auto,Auto,Normal,1,Cooling,0,4,70.7,48.2,770,P0,P0,71.6,Auto,Auto,Normal,2,Cooling,0,9,70.7,59,810,P0,P0,69.8,Auto,Auto,Normal
9/19/2026 18:55,Cooling,OFF,0,140,255,255,255,255,84,0,0,1,80.6,94.1,122.9,59.9,47.3,59,53.6,55.4,50.9,112.1,4.75,240.1,ON,33,33,760,758,OFF,Cooling,223,223,223,0,Cooling,0,4,70.7,51.8,770,P0,P0,71.6,Auto,Auto,Normal,1,Cooling,0,2,69.8,50,770,P0,P0,71.6,Auto,Auto,Normal,2,Cooling,0,7,70.7,59.9,810,P0,P0,69.8,Auto,Auto,Normal
9/19/2026 18:56,Cooling,OFF,0,140,255,255,255,255,84,0,0,1,80.6,94.1,122,50,49.1,59.9,53.6,55.4,50.9,112.1,4.75,240,ON,32,32,760,759,OFF,Cooling,220,220,220,0,Cooling,0,4,70.7,50,770,P0,P0,71.6,Auto,Auto,Normal,1,Cooling,0,2,69.8,50,770,P0,P0,71.6,Auto,Auto,Normal,2,Cooling,0,7,70.7,60,810,P0,P0,69.8,Auto,Auto,Normal
9/19/2026 18:56,Cooling,OFF,0,140,255,255,255,255,84,0,0,1,80.6,94.1,122,49.1,49.1,60,53.6,55.4,50.9,112.1,4.75,240,ON,32,32,760,758,OFF,Cooling,220,220,220,0,Cooling,0,4,70.7,50,770,P0,P0,71.6,Auto,Auto,Normal,1,Cooling,0,2,69.8,50,770,P0,P0,71.6,Auto,Auto,Normal,2,Cooling,0,7,70.7,62.6,810,P0,P0,69.8,Auto,Auto,Normal
9/19/2026 18:57,Cooling,OFF,0,140,255,255,255,255,84,0,0,1,80.6,94.1,121.1,49.1,49.1,61.7,52.7,55.4,50.9,112.1,4.75,240,ON,32,32,760,759,OFF,Cooling,220,220,220,0,Cooling,0,2,69.8,50,770,P0,P0,71.6,Auto,Auto,Normal,1,Cooling,0,2,69.8,50,770,P0,P0,71.6,Auto,Auto,Normal,2,Cooling,0,7,70.7,64.4,810,P0,P0,69.8,Auto,Auto,Normal
9/19/2026 18:57,Cooling,OFF,0,140,255,255,255,255,84,0,0,1,80.6,94.1,121.1,49.1,49.1,62.6,52.7,55.4,50.9,112.1,4.75,240,ON,32,32,760,759,OFF,Cooling,220,220,220,0,Cooling,0,2,69.8,50,770,P0,P0,71.6,Auto,Auto,Normal,1,Cooling,0,2,69.8,50,770,P0,P0,71.6,Auto,Auto,Normal,2,Cooling,0,7,70.7,66.2,810,P0,P0,69.8,Auto,Auto,Normal
9/19/2026 18:58,Cooling,OFF,0,140,255,255,255,255,84,0,0,1,80.6,94.1,120.2,49.1,49.1,62.6,51.8,53.6,51.8,110.3,2.75,239.4,ON,17,17,560,558,OFF,Cooling,0,0,243,0,Cooling,0,0,69.8,50,440,P0,P0,71.6,Auto,Auto,Normal,1,Cooling,0,0,69.8,50,440,P0,P0,71.6,Auto,Auto,Normal,2,Cooling,0,7,70.7,67.1,810,P0,P0,69.8,Auto,Auto,Normal
9/19/2026 18:58,Cooling,OFF,0,140,255,255,255,255,84,0,0,1,80.6,91.4,119.3,50.9,51.8,63.5,59,59,53.6,110.3,2.75,239.4,ON,17,17,560,559,OFF,Cooling,0,0,243,0,Cooling,0,0,69.8,52.7,440,P0,P0,71.6,Auto,Auto,Normal,1,Cooling,0,0,69.8,54.5,440,P0,P0,71.6,Auto,Auto,Normal,2,Cooling,0,7,70.7,58.1,810,P0,P0,69.8,Auto,Auto,Normal
9/19/2026 18:59,Cooling,OFF,0,140,255,255,255,255,84,0,0,1,79.7,90.5,118.4,51.8,51.8,65.3,63.5,62.6,52.7,109.4,2.75,239.4,ON,17,17,560,558,OFF,Cooling,0,0,243,0,Cooling,0,0,69.8,53.6,440,P0,P0,71.6,Auto,Auto,Normal,1,Cooling,0,0,69.8,57.2,440,P0,P0,71.6,Auto,Auto,Normal,2,Cooling,0,7,70.7,52.7,810,P0,P0,69.8,Auto,Auto,Normal
9/19/2026 18:59,Cooling,OFF,0,140,255,255,255,255,84,0,0,1,80.6,90.5,118.4,53.6,53.6,62.6,66.2,64.4,52.7,109.4,2.75,239.4,ON,17,17,560,558,OFF,Cooling,0,0,243,0,Cooling,0,0,69.8,54.5,440,P0,P0,71.6,Auto,Auto,Normal,1,Cooling,0,0,69.8,59,440,P0,P0,71.6,Auto,Auto,Normal,2,Cooling,0,7,70.7,51.8,810,P0,P0,69.8,Auto,Auto,Normal
9/19/2026 19:00,Cooling,OFF,0,140,255,255,255,255,84,0,0,1,79.7,89.6,117.5,54.5,54.5,50,68.9,66.2,53.6,109.4,2.75,239.4,ON,17,17,560,558,OFF,Cooling,0,0,243,0,Cooling,0,0,69.8,58.1,440,P0,P0,71.6,Auto,Auto,Normal,1,Cooling,0,0,69.8,60,440,P0,P0,71.6,Auto,Auto,Normal,2,Cooling,0,7,70.7,51.8,810,P0,P0,69.8,Auto,Auto,Normal
9/19/2026 19:01,Cooling,OFF,0,140,255,255,255,255,84,0,0,1,80.6,89.6,116.6,55.4,55.4,50,69.8,68,53.6,108.5,2.75,241.7,ON,17,17,560,559,OFF,Cooling,0,0,243,0,Cooling,0,0,69.8,59.9,440,P0,P0,71.6,Auto,Auto,Normal,1,Cooling,0,0,70.7,62.6,440,P0,P0,71.6,Auto,Auto,Normal,2,Cooling,0,7,70.7,51.8,810,P0,P0,69.8,Auto,Auto,Normal
9/19/2026 19:01,Cooling,OFF,0,140,255,255,255,255,84,0,0,1,79.7,89.6,115.7,57.2,57.2,50,70.7,68,52.7,108.5,2.75,241.7,ON,17,17,560,559,OFF,Cooling,0,0,243,0,Cooling,0,0,69.8,61.7,440,P0,P0,71.6,Auto,Auto,Normal,1,Cooling,0,0,70.7,63.5,440,P0,P0,71.6,Auto,Auto,Normal,2,Cooling,0,7,70.7,51.8,810,P0,P0,69.8,Auto,Auto,Normal
9/19/2026 19:02,Cooling,OFF,0,140,255,255,255,255,84,0,0,1,79.7,89.6,115.7,59,59,50,71.6,68.9,53.6,108.5,2.75,241.7,ON,17,17,560,559,OFF,Cooling,0,0,243,0,Cooling,0,0,69.8,63.5,440,P0,P0,71.6,Auto,Auto,Normal,1,Cooling,0,0,70.7,65.3,440,P0,P0,71.6,Auto,Auto,Normal,2,Cooling,0,7,70.7,51.8,810,P0,P0,69.8,Auto,Auto,Normal
9/19/2026 19:02,Cooling,OFF,0,140,255,255,255,255,84,0,0,1,79.7,89.6,114.8,60,59.9,50,72.5,69.8,53.6,108.5,2.75,241.7,ON,17,17,560,558,OFF,Cooling,0,0,243,0,Cooling,0,0,69.8,64.4,440,P0,P0,71.6,Auto,Auto,Normal,1,Cooling,0,0,70.7,66.2,440,P0,P0,71.6,Auto,Auto,Normal,2,Cooling,0,7,70.7,51.8,810,P0,P0,69.8,Auto,Auto,Normal
9/19/2026 19:03,Cooling,OFF,0,140,255,255,255,255,84,0,0,1,79.7,89.6,114.8,61.7,60,50,72.5,69.8,53.6,108.5,2.75,241.7,ON,17,17,560,559,OFF,Cooling,0,0,243,0,Cooling,0,0,69.8,66.2,440,P0,P0,71.6,Auto,Auto,Normal,1,Cooling,0,0,70.7,67.1,440,P0,P0,71.6,Auto,Auto,Normal,2,Cooling,0,7,70.7,51.8,810,P0,P0,69.8,Auto,Auto,Normal
9/19/2026 19:03,Cooling,OFF,0,140,255,255,255,255,84,0,0,1,79.7,89.6,113.9,62.6,60,50,73.4,70.7,53.6,108.5,2.75,241.7,ON,17,17,560,559,OFF,Cooling,0,0,243,0,Cooling,0,0,69.8,67.1,440,P0,P0,71.6,Auto,Auto,Normal,1,Cooling,0,0,70.7,68.9,440,P0,P0,71.6,Auto,Auto,Normal,2,Cooling,0,7,70.7,51.8,810,P0,P0,69.8,Auto,Auto,Normal
9/19/2026 19:04,Cooling,OFF,0,140,255,255,255,255,84,0,0,1,79.7,89.6,113.9,63.5,61.7,50,73.4,70.7,52.7,108.5,2.75,241.7,ON,17,17,560,558,OFF,Cooling,0,0,243,0,Cooling,0,0,69.8,68,440,P0,P0,71.6,Auto,Auto,Normal,1,Cooling,0,0,70.7,69.8,440,P0,P0,71.6,Auto,Auto,Normal,2,Cooling,0,7,70.7,51.8,810,P0,P0,69.8,Auto,Auto,Normal
9/19/2026 19:04,Cooling,OFF,0,140,255,255,255,255,84,0,0,1,79.7,89.6,113.9,64.4,61.7,50,74.3,71.6,53.6,107.6,2.75,241.7,ON,17,17,560,558,OFF,Cooling,0,0,243,0,Cooling,0,0,70.7,68.9,440,P0,P0,71.6,Auto,Auto,Normal,1,Cooling,0,0,70.7,69.8,440,P0,P0,71.6,Auto,Auto,Normal,2,Cooling,0,7,70.7,51.8,810,P0,P0,69.8,Auto,Auto,Normal
9/19/2026 19:05,Cooling,OFF,0,140,255,255,255,255,84,0,0,1,79.7,89.6,113.9,64.4,62.6,50,74.3,59,52.7,107.6,3.75,242,ON,26,26,560,558,OFF,Cooling,0,241,241,0,Cooling,0,0,70.7,68.9,440,P0,P0,71.6,Auto,Auto,Normal,1,Cooling,0,4,70.7,69.8,770,P0,P0,71.6,Auto,Auto,Normal,2,Cooling,0,7,70.7,51.8,810,P0,P0,69.8,Auto,Auto,Normal
9/19/2026 19:05,Cooling,OFF,0,140,255,255,255,255,84,0,0,1,79.7,92.3,113.9,64.4,62.6,49.1,74.3,59,52.7,108.5,3.75,242,ON,26,26,560,559,OFF,Cooling,0,241,241,0,Cooling,0,0,70.7,69.8,440,P0,P0,71.6,Auto,Auto,Normal,1,Cooling,0,4,70.7,57.2,770,P0,P0,71.6,Auto,Auto,Normal,2,Cooling,0,7,70.7,51.8,810,P0,P0,69.8,Auto,Auto,Normal
9/19/2026 19:06,Cooling,OFF,0,140,255,255,255,255,84,0,0,1,79.7,94.1,113.9,65.3,53.6,51.8,74.3,59.9,52.7,108.5,3.75,239.7,ON,26,26,560,558,OFF,Cooling,0,241,241,0,Cooling,0,0,70.7,69.8,440,P0,P0,71.6,Auto,Auto,Normal,1,Cooling,0,4,70.7,52.7,770,P0,P0,71.6,Auto,Auto,Normal,2,Cooling,0,7,70.7,52.7,810,P0,P0,69.8,Auto,Auto,Normal
9/19/2026 19:06,Cooling,OFF,0,140,255,255,255,255,84,0,0,1,79.7,94.1,113.9,63.5,50,53.6,74.3,59,51.8,108.5,3.75,242.1,ON,26,26,560,558,OFF,Cooling,0,241,241,0,Cooling,0,0,70.7,69.8,440,P0,P0,71.6,Auto,Auto,Normal,1,Cooling,0,4,70.7,51.8,770,P0,P0,71.6,Auto,Auto,Normal,2,Cooling,0,7,70.7,58.1,810,P0,P0,69.8,Auto,Auto,Normal
9/19/2026 19:07,Cooling,OFF,0,140,255,255,255,255,84,0,0,1,79.7,93.2,114.8,62.6,49.1,56.3,74.3,59,50.9,108.5,4,239.8,ON,26,26,560,559,OFF,Cooling,0,241,241,0,Cooling,0,0,70.7,69.8,440,P0,P0,71.6,Auto,Auto,Normal,1,Cooling,0,4,70.7,50.9,770,P0,P0,71.6,Auto,Auto,Normal,2,Cooling,0,7,70.7,59.9,810,P0,P0,69.8,Auto,Auto,Normal
9/19/2026 19:07,Cooling,OFF,0,140,255,255,255,255,84,0,0,1,79.7,93.2,114.8,60,48.2,58.1,75.2,58.1,50.9,108.5,3.75,242.1,ON,26,26,560,558,OFF,Cooling,0,241,241,0,Cooling,0,0,70.7,69.8,440,P0,P0,71.6,Auto,Auto,Normal,1,Cooling,0,4,70.7,50,770,P0,P0,71.6,Auto,Auto,Normal,2,Cooling,0,7,70.7,62.6,810,P0,P0,69.8,Auto,Auto,Normal
9/19/2026 19:08,Cooling,OFF,0,140,255,255,255,255,84,0,0,1,79.7,93.2,114.8,60,47.3,59.9,75.2,57.2,50.9,108.5,3.75,239.8,ON,26,26,560,559,OFF,Cooling,0,241,241,0,Cooling,0,0,70.7,69.8,440,P0,P0,71.6,Auto,Auto,Normal,1,Cooling,0,4,70.7,50,770,P0,P0,71.6,Auto,Auto,Normal,2,Cooling,0,7,70.7,64.4,810,P0,P0,69.8,Auto,Auto,Normal
9/19/2026 19:08,Cooling,OFF,0,140,255,255,255,255,84,0,0,1,79.7,94.1,114.8,56.3,49.1,60,53.6,56.3,50.9,109.4,4.75,240,ON,32,32,760,765,OFF,Cooling,221,221,221,0,Cooling,0,4,70.7,67.1,770,P0,P0,71.6,Auto,Auto,Normal,1,Cooling,0,2,69.8,50.9,770,P0,P0,71.6,Auto,Auto,Normal,2,Cooling,0,9,70.7,66.2,810,P0,P0,69.8,Auto,Auto,Normal
9/19/2026 19:09,Cooling,OFF,0,140,255,255,255,255,84,0,0,1,79.7,93.2,115.7,53.6,49.1,61.7,53.6,55.4,50.9,109.4,4.5,240,ON,32,32,760,759,OFF,Cooling,221,221,221,0,Cooling,0,4,70.7,50,770,P0,P0,71.6,Auto,Auto,Normal,1,Cooling,0,2,69.8,50,770,P0,P0,71.6,Auto,Auto,Normal,2,Cooling,0,9,70.7,67.1,810,P0,P0,69.8,Auto,Auto,Normal
9/19/2026 19:09,Cooling,OFF,0,140,255,255,255,255,84,0,0,1,79.7,93.2,115.7,49.1,49.1,62.6,53.6,55.4,50.9,109.4,4.5,240,ON,32,32,760,759,OFF,Cooling,221,221,221,0,Cooling,0,4,70.7,50,770,P0,P0,71.6,Auto,Auto,Normal,1,Cooling,0,2,69.8,50,770,P0,P0,71.6,Auto,Auto,Normal,2,Cooling,0,9,70.7,67.1,810,P0,P0,69.8,Auto,Auto,Normal
9/19/2026 19:10,Cooling,OFF,0,140,255,255,255,255,84,0,0,1,79.7,93.2,115.7,49.1,49.1,62.6,52.7,55.4,50.9,109.4,4.5,240,ON,32,32,760,759,OFF,Cooling,221,221,221,0,Cooling,0,4,70.7,50,770,P0,P0,71.6,Auto,Auto,Normal,1,Cooling,0,2,69.8,50,770,P0,P0,71.6,Auto,Auto,Normal,2,Cooling,0,9,71.6,67.1,810,P0,P0,69.8,Auto,Auto,Normal
9/19/2026 19:10,Cooling,OFF,0,140,255,255,255,255,84,0,0,1,79.7,93.2,115.7,49.1,49.1,62.6,52.7,55.4,50.9,109.4,5,240.1,ON,35,35,760,759,OFF,Cooling,229,229,229,0,Cooling,0,2,69.8,50,770,P0,P0,71.6,Auto,Auto,Normal,1,Cooling,0,2,69.8,50,770,P0,P0,71.6,Auto,Auto,Normal,2,Cooling,0,9,71.6,68,810,P0,P0,69.8,Auto,Auto,Normal
9/19/2026 19:11,Cooling,OFF,0,140,255,255,255,255,84,0,0,1,79.7,93.2,115.7,49.1,49.1,62.6,51.8,54.5,51.8,108.5,2.75,241.7,ON,16,16,560,558,OFF,Cooling,0,0,243,0,Cooling,0,0,69.8,50,440,P0,P0,71.6,Auto,Auto,Normal,1,Cooling,0,0,69.8,50,440,P0,P0,71.6,Auto,Auto,Normal,2,Cooling,0,9,71.6,68,810,P0,P0,69.8,Auto,Auto,Normal
9/19/2026 19:11,Cooling,OFF,0,140,255,255,255,255,84,0,0,1,79.7,91.4,114.8,51.8,51.8,64.4,58.1,60,53.6,108.5,2.5,241.6,ON,16,16,560,559,OFF,Cooling,0,0,243,0,Cooling,0,0,69.8,52.7,440,P0,P0,71.6,Auto,Auto,Normal,1,Cooling,0,0,69.8,54.5,440,P0,P0,71.6,Auto,Auto,Normal,2,Cooling,0,9,71.6,62.6,810,P0,P0,69.8,Auto,Auto,Normal
9/19/2026 19:12,Cooling,OFF,0,140,255,255,255,255,84,0,0,1,79.7,89.6,113.9,52.7,52.7,66.2,62.6,62.6,53.6,107.6,2.5,241.6,ON,16,16,560,558,OFF,Cooling,0,0,243,0,Cooling,0,0,69.8,54.5,440,P0,P0,71.6,Auto,Auto,Normal,1,Cooling,0,0,69.8,57.2,440,P0,P0,71.6,Auto,Auto,Normal,2,Cooling,0,9,71.6,53.6,810,P0,P0,69.8,Auto,Auto,Normal
9/19/2026 19:12,Cooling,OFF,0,140,255,255,255,255,84,0,0,1,79.7,90.5,113.9,53.6,53.6,63.5,65.3,64.4,53.6,107.6,3,241.7,ON,19,19,560,558,OFF,Cooling,0,0,253,0,Cooling,0,0,69.8,55.4,440,P0,P0,71.6,Auto,Auto,Normal,1,Cooling,0,0,69.8,59.9,440,P0,P0,71.6,Auto,Auto,Normal,2,Cooling,0,9,71.6,52.7,810,P0,P0,69.8,Auto,Auto,Normal
9/19/2026 19:13,Cooling,OFF,0,140,255,255,255,255,84,0,0,1,79.7,91.4,113.9,53.6,53.6,50,67.1,65.3,52.7,107.6,3,241.8,ON,19,19,560,559,OFF,Cooling,0,0,253,0,Cooling,0,0,69.8,57.2,440,P0,P0,71.6,Auto,Auto,Normal,1,Cooling,0,0,69.8,60,440,P0,P0,71.6,Auto,Auto,Normal,2,Cooling,0,9,71.6,51.8,810,P0,P0,69.8,Auto,Auto,Normal
9/19/2026 19:13,Cooling,OFF,0,140,255,255,255,255,84,0,0,1,79.7,91.4,113.9,54.5,53.6,49.1,68,66.2,52.7,107.6,3,241.8,ON,19,19,560,559,OFF,Cooling,0,0,253,0,Cooling,0,0,69.8,59,440,P0,P0,71.6,Auto,Auto,Normal,1,Cooling,0,0,70.7,62.6,440,P0,P0,71.6,Auto,Auto,Normal,2,Cooling,0,9,71.6,50.9,810,P0,P0,69.8,Auto,Auto,Normal
9/19/2026 19:14,Cooling,OFF,0,140,255,255,255,255,84,0,0,1,79.7,91.4,113.9,55.4,54.5,49.1,69.8,67.1,52.7,107.6,3,244,ON,19,19,560,559,OFF,Cooling,0,0,253,0,Cooling,0,0,69.8,60,440,P0,P0,71.6,Auto,Auto,Normal,1,Cooling,0,0,70.7,64.4,440,P0,P0,71.6,Auto,Auto,Normal,2,Cooling,0,9,71.6,50.9,810,P0,P0,69.8,Auto,Auto,Normal
9/19/2026 19:14,Cooling,OFF,0,140,255,255,255,255,84,0,0,1,79.7,91.4,113.9,57.2,55.4,49.1,70.7,68,52.7,107.6,3.25,241.9,ON,22,22,560,558,OFF,Cooling,0,0,264,0,Cooling,0,0,69.8,62.6,440,P0,P0,71.6,Auto,Auto,Normal,1,Cooling,0,0,70.7,65.3,440,P0,P0,71.6,Auto,Auto,Normal,2,Cooling,0,9,71.6,50.9,810,P0,P0,69.8,Auto,Auto,Normal
9/19/2026 19:15,Cooling,OFF,0,140,255,255,255,255,84,0,0,1,80.6,92.3,113.9,59,57.2,47.3,71.6,68.9,51.8,107.6,3.5,241.9,ON,22,22,560,558,OFF,Cooling,0,0,264,0,Cooling,0,0,69.8,64.4,440,P0,P0,71.6,Auto,Auto,Normal,1,Cooling,0,0,70.7,67.1,440,P0,P0,71.6,Auto,Auto,Normal,2,Cooling,0,9,71.6,50,810,P0,P0,69.8,Auto,Auto,Normal
9/19/2026 19:15,Cooling,OFF,0,140,255,255,255,255,84,0,0,1,80.6,93.2,113.9,60,58.1,47.3,72.5,69.8,51.8,108.5,3.25,241.9,ON,22,22,560,559,OFF,Cooling,0,0,264,0,Cooling,0,0,69.8,65.3,440,P0,P0,71.6,Auto,Auto,Normal,1,Cooling,0,0,70.7,68,440,P0,P0,71.6,Auto,Auto,Normal,2,Cooling,0,9,70.7,50,810,P0,P0,69.8,Auto,Auto,Normal
9/19/2026 19:16,Cooling,OFF,0,140,255,255,255,255,84,0,0,1,80.6,93.2,113.9,60,59,47.3,72.5,69.8,51.8,108.5,3.25,241.9,ON,22,22,560,559,OFF,Cooling,0,0,264,0,Cooling,0,0,69.8,67.1,440,P0,P0,71.6,Auto,Auto,Normal,1,Cooling,0,0,70.7,68.9,440,P0,P0,71.6,Auto,Auto,Normal,2,Cooling,0,9,70.7,50,810,P0,P0,69.8,Auto,Auto,Normal
9/19/2026 19:16,Cooling,OFF,0,140,255,255,255,255,84,0,0,1,80.6,92.3,113.9,62.6,59,46.4,72.5,70.7,51.8,108.5,3.75,242.1,ON,26,26,560,559,OFF,Cooling,0,0,276,0,Cooling,0,0,69.8,68,440,P0,P0,71.6,Auto,Auto,Normal,1,Cooling,0,0,70.7,69.8,440,P0,P0,71.6,Auto,Auto,Normal,2,Cooling,0,9,70.7,50,810,P0,P0,69.8,Auto,Auto,Normal
9/19/2026 19:17,Cooling,OFF,0,140,255,255,255,255,84,0,0,1,80.6,93.2,114.8,62.6,59,44.6,73.4,70.7,51.8,108.5,4,242.1,ON,26,26,560,559,OFF,Cooling,0,0,276,0,Cooling,0,0,69.8,68.9,440,P0,P0,71.6,Auto,Auto,Normal,1,Cooling,0,0,70.7,69.8,440,P0,P0,71.6,Auto,Auto,Normal,2,Cooling,0,9,70.7,48.2,810,P0,P0,69.8,Auto,Auto,Normal
9/19/2026 19:17,Cooling,OFF,0,140,255,255,255,255,84,0,0,1,79.7,93.2,115.7,62.6,59,44.6,73.4,71.6,51.8,108.5,4,242.1,ON,26,26,560,559,OFF,Cooling,0,63,276,0,Cooling,0,0,70.7,68.9,440,P0,P0,71.6,Auto,Auto,Normal,1,Cooling,0,4,70.7,69.8,770,P0,P0,71.6,Auto,Auto,Normal,2,Cooling,0,9,70.7,47.3,810,P0,P0,69.8,Auto,Auto,Normal
9/19/2026 19:18,Cooling,OFF,0,140,255,255,255,255,84,0,0,1,79.7,93.2,115.7,62.6,60,47.3,74.3,57.2,51.8,108.5,3.75,242,ON,26,26,560,559,OFF,Cooling,0,241,241,0,Cooling,0,0,70.7,69.8,440,P0,P0,71.6,Auto,Auto,Normal,1,Cooling,0,4,70.7,62.6,770,P0,P0,71.6,Auto,Auto,Normal,2,Cooling,0,9,70.7,50,810,P0,P0,69.8,Auto,Auto,Normal
9/19/2026 19:18,Cooling,OFF,0,140,255,255,255,255,84,0,0,1,78.8,93.2,115.7,64.4,59,50,74.3,59.9,52.7,108.5,4,242.1,ON,28,28,560,558,OFF,Cooling,0,248,248,0,Cooling,0,0,70.7,69.8,440,P0,P0,71.6,Auto,Auto,Normal,1,Cooling,0,4,70.7,52.7,770,P0,P0,71.6,Auto,Auto,Normal,2,Cooling,0,9,70.7,51.8,810,P0,P0,69.8,Auto,Auto,Normal
9/19/2026 19:19,Cooling,OFF,0,140,255,255,255,255,84,0,0,1,79.7,94.1,116.6,62.6,49.1,50.9,74.3,59,51.8,108.5,4.25,242.2,ON,28,28,560,558,OFF,Cooling,0,248,248,0,Cooling,0,0,70.7,69.8,440,P0,P0,71.6,Auto,Auto,Normal,1,Cooling,0,4,70.7,51.8,770,P0,P0,71.6,Auto,Auto,Normal,2,Cooling,0,9,70.7,53.6,810,P0,P0,69.8,Auto,Auto,Normal
9/19/2026 19:19,Cooling,OFF,0,140,255,255,255,255,84,0,0,1,79.7,94.1,116.6,60,47.3,52.7,74.3,59,50.9,108.5,4.25,244.5,ON,28,28,560,558,OFF,Cooling,0,248,248,0,Cooling,0,0,70.7,69.8,440,P0,P0,71.6,Auto,Auto,Normal,1,Cooling,0,4,70.7,50.9,770,P0,P0,71.6,Auto,Auto,Normal,2,Cooling,0,9,70.7,58.1,810,P0,P0,69.8,Auto,Auto,Normal
9/19/2026 19:20,Cooling,OFF,0,140,255,255,255,255,84,0,0,1,79.7,94.1,117.5,59.9,47.3,55.4,74.3,58.1,50,109.4,4.25,242.2,ON,28,28,560,559,OFF,Cooling,0,248,248,0,Cooling,0,0,70.7,69.8,440,P0,P0,71.6,Auto,Auto,Normal,1,Cooling,0,4,70.7,50,770,P0,P0,71.6,Auto,Auto,Normal,2,Cooling,0,9,70.7,59.9,810,P0,P0,69.8,Auto,Auto,Normal
9/19/2026 19:20,Cooling,OFF,0,140,255,255,255,255,84,0,0,1,79.7,94.1,117.5,59,46.4,57.2,74.3,57.2,49.1,109.4,4.5,242.3,ON,31,31,760,713,OFF,Cooling,0,255,255,0,Cooling,0,0,70.7,70.7,440,P0,P0,71.6,Auto,Auto,Normal,1,Cooling,0,2,69.8,50,770,P0,P0,71.6,Auto,Auto,Normal,2,Cooling,0,9,70.7,59.9,810,P0,P0,69.8,Auto,Auto,Normal
9/19/2026 19:21,Cooling,OFF,0,140,255,255,255,255,84,0,0,1,79.7,93.2,117.5,59,45.5,59,73.4,57.2,48.2,109.4,4.5,242.3,ON,31,31,760,759,OFF,Cooling,191,255,255,0,Cooling,0,4,70.7,70.7,770,P0,P0,71.6,Auto,Auto,Normal,1,Cooling,0,2,69.8,48.2,770,P0,P0,71.6,Auto,Auto,Normal,2,Cooling,0,9,70.7,60,810,P0,P0,69.8,Auto,Auto,Normal
9/19/2026 19:21,Cooling,OFF,0,140,255,255,255,255,84,0,0,1,79.7,92.3,117.5,59,47.3,59.9,53.6,54.5,50.9,108.5,3.75,242,ON,23,22,560,592,OFF,Cooling,231,0,231,0,Cooling,0,4,70.7,55.4,770,P0,P0,71.6,Auto,Auto,Normal,1,Cooling,0,0,69.8,50,440,P0,P0,71.6,Auto,Auto,Normal,2,Cooling,0,9,70.7,62.6,810,P0,P0,69.8,Auto,Auto,Normal
9/19/2026 19:22,Cooling,OFF,0,140,255,255,255,255,84,0,0,1,78.8,91.4,116.6,52.7,50.9,61.7,55.4,59,52.7,108.5,3.25,241.8,ON,22,22,560,558,OFF,Cooling,231,0,231,0,Cooling,0,4,70.7,52.7,770,P0,P0,71.6,Auto,Auto,Normal,1,Cooling,0,0,69.8,52.7,440,P0,P0,71.6,Auto,Auto,Normal,2,Cooling,0,9,70.7,64.4,810,P0,P0,69.8,Auto,Auto,Normal
9/19/2026 19:22,Cooling,OFF,0,140,255,255,255,255,84,0,0,1,78.8,91.4,115.7,50.9,51.8,62.6,54.5,62.6,51.8,108.5,3.75,242,ON,27,27,560,558,OFF,Cooling,246,0,246,0,Cooling,0,4,70.7,51.8,770,P0,P0,71.6,Auto,Auto,Normal,1,Cooling,0,0,69.8,56.3,440,P0,P0,71.6,Auto,Auto,Normal,2,Cooling,0,9,70.7,65.3,810,P0,P0,69.8,Auto,Auto,Normal
9/19/2026 19:23,Cooling,OFF,0,140,255,255,255,255,84,0,0,1,78.8,92.3,115.7,48.2,50.9,62.6,52.7,64.4,50.9,108.5,4,242.1,ON,27,27,560,559,OFF,Cooling,246,0,246,0,Cooling,0,4,70.7,50,770,P0,P0,71.6,Auto,Auto,Normal,1,Cooling,0,0,69.8,58.1,440,P0,P0,71.6,Auto,Auto,Normal,2,Cooling,0,9,70.7,65.3,810,P0,P0,69.8,Auto,Auto,Normal
9/19/2026 19:23,Cooling,OFF,0,140,255,255,255,255,84,0,0,1,78.8,93.2,115.7,47.3,50.9,62.6,51.8,66.2,50,108.5,4,242.1,ON,27,27,560,559,OFF,Cooling,246,0,246,0,Cooling,0,2,69.8,49.1,770,P0,P0,71.6,Auto,Auto,Normal,1,Cooling,0,0,69.8,59.9,440,P0,P0,71.6,Auto,Auto,Normal,2,Cooling,0,9,70.7,65.3,810,P0,P0,69.8,Auto,Auto,Normal
9/19/2026 19:24,Cooling,OFF,0,140,255,255,255,255,84,0,0,1,78.8,92.3,115.7,47.3,50.9,62.6,50.9,66.2,50,108.5,2.75,241.7,ON,16,16,560,559,OFF,Cooling,0,0,243,0,Cooling,0,0,69.8,48.2,440,P0,P0,71.6,Auto,Auto,Normal,1,Cooling,0,0,69.8,61.7,440,P0,P0,71.6,Auto,Auto,Normal,2,Cooling,0,9,70.7,65.3,810,P0,P0,69.8,Auto,Auto,Normal
9/19/2026 19:24,Cooling,OFF,0,140,255,255,255,255,84,0,0,1,78.8,90.5,113.9,49.1,51.8,64.4,57.2,67.1,51.8,107.6,2.75,241.7,ON,19,19,560,558,OFF,Cooling,0,0,253,0,Cooling,0,0,69.8,50.9,440,P0,P0,71.6,Auto,Auto,Normal,1,Cooling,0,0,69.8,62.6,440,P0,P0,71.6,Auto,Auto,Normal,2,Cooling,0,9,70.7,62.6,810,P0,P0,69.8,Auto,Auto,Normal
9/19/2026 19:25,Cooling,OFF,0,140,255,255,255,255,84,0,0,1,78.8,89.6,113.9,50.9,52.7,66.2,62.6,67.1,51.8,107.6,3,241.7,ON,19,19,560,558,OFF,Cooling,0,0,253,0,Cooling,0,0,69.8,54.5,440,P0,P0,71.6,Auto,Auto,Normal,1,Cooling,0,0,70.7,64.4,440,P0,P0,71.6,Auto,Auto,Normal,2,Cooling,0,9,70.7,50.9,810,P0,P0,69.8,Auto,Auto,Normal
9/19/2026 19:25,Cooling,OFF,0,140,255,255,255,255,84,0,0,1,78.8,89.6,113.9,51.8,55.4,65.3,64.4,68,51.8,107.6,2.75,241.7,ON,19,19,560,558,OFF,Cooling,0,0,253,0,Cooling,0,0,69.8,56.3,440,P0,P0,71.6,Auto,Auto,Normal,1,Cooling,0,0,70.7,66.2,440,P0,P0,71.6,Auto,Auto,Normal,2,Cooling,0,9,70.7,50,810,P0,P0,69.8,Auto,Auto,Normal
9/19/2026 19:26,Cooling,OFF,0,140,255,255,255,255,84,0,0,1,78.8,89.6,113.9,53.6,59,57.2,66.2,68,51.8,107.6,2.75,244,ON,19,19,560,559,OFF,Cooling,0,0,253,0,Cooling,0,0,69.8,58.1,440,P0,P0,71.6,Auto,Auto,Normal,1,Cooling,0,0,70.7,67.1,440,P0,P0,71.6,Auto,Auto,Normal,2,Cooling,0,9,70.7,50,810,P0,P0,69.8,Auto,Auto,Normal
9/19/2026 19:26,Cooling,OFF,0,140,255,255,255,255,84,0,0,1,78.8,89.6,113.9,54.5,59,49.1,68,68,51.8,107.6,3.25,241.8,ON,22,22,560,558,OFF,Cooling,0,0,264,0,Cooling,0,0,69.8,59,440,P0,P0,71.6,Auto,Auto,Normal,1,Cooling,0,0,70.7,68,440,P0,P0,71.6,Auto,Auto,Normal,2,Cooling,0,9,70.7,50,810,P0,P0,69.8,Auto,Auto,Normal
9/19/2026 19:27,Cooling,OFF,0,140,255,255,255,255,84,0,0,1,78.8,89.6,113.9,55.4,59,47.3,68.9,68.9,51.8,107.6,3.25,241.9,ON,22,22,560,559,OFF,Cooling,0,0,264,0,Cooling,0,0,69.8,60,440,P0,P0,71.6,Auto,Auto,Normal,1,Cooling,0,0,70.7,68.9,440,P0,P0,71.6,Auto,Auto,Normal,2,Cooling,0,9,70.7,50,810,P0,P0,69.8,Auto,Auto,Normal
9/19/2026 19:27,Cooling,OFF,0,140,255,255,255,255,84,0,0,1,78.8,90.5,113.9,57.2,59,47.3,69.8,69.8,51.8,107.6,3.25,241.9,ON,22,22,560,558,OFF,Cooling,0,0,264,0,Cooling,0,0,69.8,62.6,440,P0,P0,71.6,Auto,Auto,Normal,1,Cooling,0,0,70.7,69.8,440,P0,P0,71.6,Auto,Auto,Normal,2,Cooling,0,9,70.7,50,810,P0,P0,69.8,Auto,Auto,Normal
9/19/2026 19:28,Cooling,OFF,0,140,255,255,255,255,84,0,0,1,78.8,91.4,113.9,59,59,46.4,70.7,69.8,51.8,107.6,3.25,241.9,ON,22,22,560,558,OFF,Cooling,0,0,264,0,Cooling,0,0,69.8,63.5,440,P0,P0,71.6,Auto,Auto,Normal,1,Cooling,0,0,70.7,69.8,440,P0,P0,71.6,Auto,Auto,Normal,2,Cooling,0,9,70.7,50,810,P0,P0,69.8,Auto,Auto,Normal
9/19/2026 19:28,Cooling,OFF,0,140,255,255,255,255,84,0,0,1,78.8,91.4,113.9,60,59,46.4,71.6,69.8,51.8,107.6,3.75,244.3,ON,26,26,560,559,OFF,Cooling,0,0,277,0,Cooling,0,0,69.8,65.3,440,P0,P0,71.6,Auto,Auto,Normal,1,Cooling,0,0,70.7,69.8,440,P0,P0,71.6,Auto,Auto,Normal,2,Cooling,0,9,70.7,50,810,P0,P0,69.8,Auto,Auto,Normal
9/19/2026 19:29,Cooling,OFF,0,140,255,255,255,255,84,0,0,1,79.7,92.3,113.9,60,59,44.6,71.6,70.7,51.8,107.6,4,242.1,ON,26,26,560,558,OFF,Cooling,0,0,277,0,Cooling,0,0,69.8,67.1,440,P0,P0,71.6,Auto,Auto,Normal,1,Cooling,0,0,70.7,69.8,440,P0,P0,71.6,Auto,Auto,Normal,2,Cooling,0,9,70.7,48.2,810,P0,P0,69.8,Auto,Auto,Normal
9/19/2026 19:29,Cooling,OFF,0,140,255,255,255,255,84,0,0,1,79.7,93.2,113.9,61.7,59,44.6,72.5,57.2,50.9,107.6,3.75,242.1,ON,26,26,560,559,OFF,Cooling,0,243,243,0,Cooling,0,0,69.8,67.1,440,P0,P0,71.6,Auto,Auto,Normal,1,Cooling,0,4,70.7,69.8,770,P0,P0,71.6,Auto,Auto,Normal,2,Cooling,0,9,70.7,48.2,810,P0,P0,69.8,Auto,Auto,Normal
9/19/2026 19:30,Cooling,OFF,0,140,255,255,255,255,84,0,0,1,78.8,92.3,113.9,62.6,61.7,48.2,72.5,58.1,51.8,107.6,3.75,244.3,ON,26,26,560,559,OFF,Cooling,0,243,243,0,Cooling,0,0,69.8,68,440,P0,P0,71.6,Auto,Auto,Normal,1,Cooling,0,4,70.7,57.2,770,P0,P0,71.6,Auto,Auto,Normal,2,Cooling,0,9,70.7,50.9,810,P0,P0,69.8,Auto,Auto,Normal
9/19/2026 19:30,Cooling,OFF,0,140,255,255,255,255,84,0,0,1,78.8,93.2,114.8,63.5,54.5,50.9,72.5,59,51.8,107.6,4,244.4,ON,28,28,560,559,OFF,Cooling,0,249,249,0,Cooling,0,0,69.8,68.9,440,P0,P0,71.6,Auto,Auto,Normal,1,Cooling,0,4,70.7,52.7,770,P0,P0,71.6,Auto,Auto,Normal,2,Cooling,0,9,70.7,53.6,810,P0,P0,69.8,Auto,Auto,Normal
9/19/2026 19:31,Cooling,OFF,0,140,255,255,255,255,84,0,0,1,78.8,93.2,114.8,62.6,48.2,51.8,73.4,59,50.9,108.5,4,242.1,ON,28,28,560,558,OFF,Cooling,0,249,249,0,Cooling,0,0,70.7,69.8,440,P0,P0,71.6,Auto,Auto,Normal,1,Cooling,0,4,70.7,50.9,770,P0,P0,71.6,Auto,Auto,Normal,2,Cooling,0,9,70.7,57.2,810,P0,P0,69.8,Auto,Auto,Normal
9/19/2026 19:31,Cooling,OFF,0,140,255,255,255,255,84,0,0,1,78.8,93.2,114.8,60,47.3,54.5,73.4,58.1,50,108.5,4,244.4,ON,28,28,560,559,OFF,Cooling,0,249,249,0,Cooling,0,0,70.7,69.8,440,P0,P0,71.6,Auto,Auto,Normal,1,Cooling,0,4,70.7,50,770,P0,P0,71.6,Auto,Auto,Normal,2,Cooling,0,9,70.7,59,810,P0,P0,69.8,Auto,Auto,Normal
9/19/2026 19:32,Cooling,OFF,0,140,255,255,255,255,84,0,0,1,78.8,93.2,115.7,59,46.4,57.2,74.3,57.2,49.1,108.5,4,244.4,ON,28,28,560,558,OFF,Cooling,0,249,249,0,Cooling,0,0,70.7,69.8,440,P0,P0,71.6,Auto,Auto,Normal,1,Cooling,0,2,70.7,50,770,P0,P0,71.6,Auto,Auto,Normal,2,Cooling,0,9,70.7,59.9,810,P0,P0,69.8,Auto,Auto,Normal
9/19/2026 19:32,Cooling,OFF,0,140,255,255,255,255,84,0,0,1,78.8,93.2,115.7,59,46.4,59,74.3,57.2,49.1,108.5,4.5,244.6,ON,31,31,760,597,OFF,Cooling,0,257,257,0,Cooling,0,0,70.7,69.8,440,P0,P0,71.6,Auto,Auto,Normal,1,Cooling,0,2,69.8,50,770,P0,P0,71.6,Auto,Auto,Normal,2,Cooling,0,9,70.7,59.9,810,P0,P0,69.8,Auto,Auto,Normal
9/19/2026 19:33,Cooling,OFF,0,140,255,255,255,255,84,0,0,1,79.7,93.2,115.7,59,45.5,59.9,74.3,57.2,48.2,108.5,4.5,244.6,ON,31,31,760,759,OFF,Cooling,0,257,257,0,Cooling,0,0,70.7,69.8,440,P0,P0,71.6,Auto,Auto,Normal,1,Cooling,0,2,69.8,49.1,770,P0,P0,71.6,Auto,Auto,Normal,2,Cooling,0,9,70.7,62.6,810,P0,P0,69.8,Auto,Auto,Normal
9/19/2026 19:33,Cooling,OFF,0,140,255,255,255,255,84,0,0,1,79.7,93.2,116.6,58.1,44.6,60,74.3,57.2,48.2,108.5,4.5,242.3,ON,31,31,760,759,OFF,Cooling,0,257,257,0,Cooling,0,0,70.7,70.7,440,P0,P0,71.6,Auto,Auto,Normal,1,Cooling,0,2,69.8,48.2,770,P0,P0,71.6,Auto,Auto,Normal,2,Cooling,0,9,70.7,64.4,810,P0,P0,69.8,Auto,Auto,Normal
9/19/2026 19:34,Cooling,OFF,0,140,255,255,255,255,84,0,0,1,79.7,92.3,115.7,57.2,47.3,61.7,74.3,57.2,51.8,107.6,2.5,241.6,ON,16,16,560,559,OFF,Cooling,0,0,241,0,Cooling,0,0,70.7,70.7,440,P0,P0,71.6,Auto,Auto,Normal,1,Cooling,0,0,69.8,49.1,440,P0,P0,71.6,Auto,Auto,Normal,2,Cooling,0,9,70.7,64.4,810,P0,P0,69.8,Auto,Auto,Normal
9/19/2026 19:34,Cooling,OFF,0,140,255,255,255,255,84,0,0,1,79.7,89.6,114.8,59,50.9,63.5,74.3,62.6,52.7,107.6,2.75,241.6,ON,19,19,560,558,OFF,Cooling,0,0,252,0,Cooling,0,0,70.7,70.7,440,P0,P0,71.6,Auto,Auto,Normal,1,Cooling,0,0,69.8,53.6,440,P0,P0,71.6,Auto,Auto,Normal,2,Cooling,0,9,70.7,53.6,810,P0,P0,69.8,Auto,Auto,Normal
9/19/2026 19:35,Cooling,OFF,0,140,255,255,255,255,84,0,0,1,79.7,89.6,114.8,59.9,51.8,64.4,74.3,65.3,51.8,107.6,3,241.7,ON,21,26,560,558,OFF,Cooling,161,0,252,0,Cooling,0,4,70.7,70.7,440,P0,P0,71.6,Auto,Auto,Normal,1,Cooling,0,0,69.8,57.2,440,P0,P0,71.6,Auto,Auto,Normal,2,Cooling,0,9,70.7,50.9,810,P0,P0,69.8,Auto,Auto,Normal
9/19/2026 19:35,Cooling,OFF,0,140,255,255,255,255,84,0,0,1,78.8,90.5,113.9,60,53.6,55.4,55.4,66.2,51.8,107.6,3.75,242,ON,26,26,560,558,OFF,Cooling,241,0,241,0,Cooling,0,4,70.7,53.6,770,P0,P0,71.6,Auto,Auto,Normal,1,Cooling,0,0,69.8,58.1,440,P0,P0,71.6,Auto,Auto,Normal,2,Cooling,0,9,70.7,52.7,810,P0,P0,69.8,Auto,Auto,Normal
9/19/2026 19:36,Cooling,OFF,0,140,255,255,255,255,84,0,0,1,78.8,91.4,114.8,50.9,52.7,52.7,54.5,68,51.8,107.6,3.75,242,ON,26,26,560,559,OFF,Cooling,241,0,241,0,Cooling,0,4,70.7,50.9,770,P0,P0,71.6,Auto,Auto,Normal,1,Cooling,0,0,69.8,59,440,P0,P0,71.6,Auto,Auto,Normal,2,Cooling,0,9,70.7,57.2,810,P0,P0,69.8,Auto,Auto,Normal
9/19/2026 19:36,Cooling,OFF,0,140,255,255,255,255,84,0,0,1,78.8,92.3,114.8,49.1,51.8,54.5,53.6,68,50.9,107.6,4,239.7,ON,28,28,560,559,OFF,Cooling,249,0,249,0,Cooling,0,4,70.7,50,770,P0,P0,71.6,Auto,Auto,Normal,1,Cooling,0,0,69.8,60,440,P0,P0,71.6,Auto,Auto,Normal,2,Cooling,0,9,70.7,62.6,810,P0,P0,69.8,Auto,Auto,Normal
9/19/2026 19:37,Cooling,OFF,0,140,255,255,255,255,84,0,0,1,78.8,93.2,114.8,47.3,51.8,57.2,52.7,68,50.9,107.6,4,239.8,ON,28,28,560,558,OFF,Cooling,249,0,249,0,Cooling,0,4,70.7,49.1,770,P0,P0,71.6,Auto,Auto,Normal,1,Cooling,0,0,70.7,62.6,440,P0,P0,71.6,Auto,Auto,Normal,2,Cooling,0,9,70.7,64.4,810,P0,P0,69.8,Auto,Auto,Normal
9/19/2026 19:37,Cooling,OFF,0,140,255,255,255,255,84,0,0,1,78.8,92.3,114.8,47.3,50.9,59,51.8,68,50,107.6,4,244.4,ON,28,28,560,559,OFF,Cooling,249,0,249,0,Cooling,0,2,69.8,48.2,770,P0,P0,71.6,Auto,Auto,Normal,1,Cooling,0,0,70.7,64.4,440,P0,P0,71.6,Auto,Auto,Normal,2,Cooling,0,9,70.7,64.4,810,P0,P0,69.8,Auto,Auto,Normal
9/19/2026 19:38,Cooling,OFF,0,140,255,255,255,255,84,0,0,1,78.8,92.3,114.8,47.3,50.9,60,50.9,68,50.9,107.6,2.5,243.9,ON,16,16,560,558,OFF,Cooling,0,0,243,0,Cooling,0,0,69.8,48.2,440,P0,P0,71.6,Auto,Auto,Normal,1,Cooling,0,0,70.7,65.3,440,P0,P0,71.6,Auto,Auto,Normal,2,Cooling,0,9,70.7,64.4,810,P0,P0,69.8,Auto,Auto,Normal
9/19/2026 19:38,Cooling,OFF,0,140,255,255,255,255,84,0,0,1,78.8,89.6,113.9,49.1,51.8,62.6,59,68.9,51.8,107.6,2.75,243.9,ON,19,19,560,558,OFF,Cooling,0,0,253,0,Cooling,0,0,69.8,51.8,440,P0,P0,71.6,Auto,Auto,Normal,1,Cooling,0,0,70.7,67.1,440,P0,P0,71.6,Auto,Auto,Normal,2,Cooling,0,9,70.7,59.9,810,P0,P0,69.8,Auto,Auto,Normal
9/19/2026 19:39,Cooling,OFF,0,140,255,255,255,255,84,0,0,1,78.8,89.6,113.9,50.9,53.6,65.3,62.6,68.9,51.8,107.6,3,244,ON,19,19,560,559,OFF,Cooling,0,0,253,0,Cooling,0,0,69.8,53.6,440,P0,P0,71.6,Auto,Auto,Normal,1,Cooling,0,0,70.7,68,440,P0,P0,71.6,Auto,Auto,Normal,2,Cooling,0,9,70.7,50.9,810,P0,P0,69.8,Auto,Auto,Normal
9/19/2026 19:39,Cooling,OFF,0,140,255,255,255,255,84,0,0,1,78.8,90.5,113.9,51.8,55.4,63.5,65.3,68.9,51.8,107.6,3,241.7,ON,19,19,560,559,OFF,Cooling,0,0,253,0,Cooling,0,0,69.8,57.2,440,P0,P0,71.6,Auto,Auto,Normal,1,Cooling,0,0,70.7,68.9,440,P0,P0,71.6,Auto,Auto,Normal,2,Cooling,0,9,70.7,50,810,P0,P0,69.8,Auto,Auto,Normal
9/19/2026 19:40,Cooling,OFF,0,140,255,255,255,255,84,0,0,1,78.8,89.6,113.9,53.6,58.1,51.8,67.1,69.8,51.8,105.8,3,241.7,ON,19,19,560,558,OFF,Cooling,0,0,253,0,Cooling,0,0,69.8,58.1,440,P0,P0,71.6,Auto,Auto,Normal,1,Cooling,0,0,70.7,69.8,440,P0,P0,71.6,Auto,Auto,Normal,2,Cooling,0,9,70.7,50,810,P0,P0,69.8,Auto,Auto,Normal
9/19/2026 19:40,Cooling,OFF,0,140,255,255,255,255,84,0,0,1,78.8,89.6,113,53.6,59,48.2,68,69.8,51.8,105.8,3,241.7,ON,22,22,560,559,OFF,Cooling,0,0,264,0,Cooling,0,0,69.8,59.9,440,P0,P0,71.6,Auto,Auto,Normal,1,Cooling,0,0,70.7,69.8,440,P0,P0,71.6,Auto,Auto,Normal,2,Cooling,0,9,70.7,50,810,P0,P0,69.8,Auto,Auto,Normal
9/19/2026 19:41,Cooling,OFF,0,140,255,255,255,255,84,0,0,1,78.8,89.6,113,55.4,59,47.3,68.9,69.8,51.8,105.8,3.25,241.9,ON,22,22,560,558,OFF,Cooling,0,0,264,0,Cooling,0,0,69.8,60,440,P0,P0,71.6,Auto,Auto,Normal,1,Cooling,0,0,70.7,69.8,440,P0,P0,71.6,Auto,Auto,Normal,2,Cooling,0,9,70.7,50,810,P0,P0,69.8,Auto,Auto,Normal
9/19/2026 19:41,Cooling,OFF,0,140,255,255,255,255,84,0,0,1,78.8,89.6,113,57.2,59,47.3,69.8,59,51.8,105.8,3.25,241.8,ON,22,22,560,558,OFF,Cooling,0,231,231,0,Cooling,0,0,69.8,62.6,440,P0,P0,71.6,Auto,Auto,Normal,1,Cooling,0,4,70.7,69.8,770,P0,P0,71.6,Auto,Auto,Normal,2,Cooling,0,9,70.7,50,810,P0,P0,69.8,Auto,Auto,Normal
9/19/2026 19:42,Cooling,OFF,0,140,255,255,255,255,84,0,0,1,78.8,89.6,113,59,60,50,70.7,57.2,52.7,105.8,3.25,241.8,ON,22,22,560,558,OFF,Cooling,0,231,231,0,Cooling,0,0,69.8,64.4,440,P0,P0,71.6,Auto,Auto,Normal,1,Cooling,0,4,70.7,59.9,770,P0,P0,71.6,Auto,Auto,Normal,2,Cooling,0,9,70.7,51.8,810,P0,P0,69.8,Auto,Auto,Normal
9/19/2026 19:42,Cooling,OFF,0,140,255,255,255,255,84,0,0,1,77.9,89.6,112.1,60,58.1,51.8,71.6,59,53.6,105.8,3.25,244.1,ON,26,27,560,559,OFF,Cooling,0,247,247,0,Cooling,0,0,69.8,65.3,440,P0,P0,71.6,Auto,Auto,Normal,1,Cooling,0,4,70.7,53.6,770,P0,P0,71.6,Auto,Auto,Normal,2,Cooling,0,9,70.7,54.5,810,P0,P0,69.8,Auto,Auto,Normal
9/19/2026 19:43,Cooling,OFF,0,140,255,255,255,255,84,0,0,1,78.8,91.4,113,60,49.1,51.8,71.6,59,50.9,105.8,4,244.4,ON,27,27,560,559,OFF,Cooling,0,247,247,0,Cooling,0,0,69.8,67.1,440,P0,P0,71.6,Auto,Auto,Normal,1,Cooling,0,4,70.7,51.8,770,P0,P0,71.6,Auto,Auto,Normal,2,Cooling,0,9,70.7,58.1,810,P0,P0,69.8,Auto,Auto,Normal
9/19/2026 19:43,Cooling,OFF,0,140,255,255,255,255,84,0,0,1,78.8,92.3,113,59.9,48.2,53.6,72.5,58.1,50.9,107.6,4,242.1,ON,27,27,560,559,OFF,Cooling,0,247,247,0,Cooling,0,0,69.8,68,440,P0,P0,71.6,Auto,Auto,Normal,1,Cooling,0,4,70.7,50,770,P0,P0,71.6,Auto,Auto,Normal,2,Cooling,0,9,70.7,60,810,P0,P0,69.8,Auto,Auto,Normal
9/19/2026 19:44,Cooling,OFF,0,140,255,255,255,255,84,0,0,1,78.8,93.2,113.9,59,47.3,56.3,72.5,57.2,50,107.6,4,244.4,ON,27,27,560,558,OFF,Cooling,0,247,247,0,Cooling,0,0,69.8,68.9,440,P0,P0,71.6,Auto,Auto,Normal,1,Cooling,0,4,70.7,50,770,P0,P0,71.6,Auto,Auto,Normal,2,Cooling,0,9,70.7,64.4,810,P0,P0,69.8,Auto,Auto,Normal
9/19/2026 19:44,Cooling,OFF,0,140,255,255,255,255,84,0,0,1,78.8,92.3,113.9,58.1,47.3,59,72.5,57.2,49.1,107.6,4,242.1,ON,30,30,560,558,OFF,Cooling,0,254,254,0,Cooling,0,0,69.8,68.9,440,P0,P0,71.6,Auto,Auto,Normal,1,Cooling,0,2,69.8,50,770,P0,P0,71.6,Auto,Auto,Normal,2,Cooling,0,9,70.7,64.4,810,P0,P0,69.8,Auto,Auto,Normal
9/19/2026 19:45,Cooling,OFF,0,140,255,255,255,255,84,0,0,1,78.8,93.2,113.9,58.1,45.5,59.9,73.4,57.2,49.1,107.6,4.5,242.2,ON,30,30,560,558,OFF,Cooling,0,254,254,0,Cooling,0,0,69.8,69.8,440,P0,P0,71.6,Auto,Auto,Normal,1,Cooling,0,2,69.8,49.1,770,P0,P0,71.6,Auto,Auto,Normal,2,Cooling,0,9,70.7,65.3,810,P0,P0,69.8,Auto,Auto,Normal
9/19/2026 19:45,Cooling,OFF,0,140,255,255,255,255,84,0,0,1,78.8,93.2,113.9,57.2,45.5,60,73.4,57.2,48.2,107.6,4.25,242.2,ON,30,30,560,558,OFF,Cooling,0,254,254,0,Cooling,0,0,70.7,69.8,440,P0,P0,71.6,Auto,Auto,Normal,1,Cooling,0,2,69.8,49.1,770,P0,P0,71.6,Auto,Auto,Normal,2,Cooling,0,9,70.7,64.4,810,P0,P0,69.8,Auto,Auto,Normal
9/19/2026 19:46,Cooling,OFF,0,140,255,255,255,255,84,0,0,1,78.8,92.3,113.9,57.2,47.3,61.7,73.4,57.2,51.8,107.6,2.5,243.9,ON,16,16,560,559,OFF,Cooling,0,0,243,0,Cooling,0,0,70.7,69.8,440,P0,P0,71.6,Auto,Auto,Normal,1,Cooling,0,0,69.8,49.1,440,P0,P0,71.6,Auto,Auto,Normal,2,Cooling,0,9,70.7,64.4,810,P0,P0,69.8,Auto,Auto,Normal
9/19/2026 19:46,Cooling,OFF,0,140,255,255,255,255,84,0,0,1,78.8,88.7,113.9,58.1,50.9,63.5,74.3,62.6,51.8,105.8,2.5,243.9,ON,19,19,560,558,OFF,Cooling,0,0,253,0,Cooling,0,0,70.7,69.8,440,P0,P0,71.6,Auto,Auto,Normal,1,Cooling,0,0,69.8,53.6,440,P0,P0,71.6,Auto,Auto,Normal,2,Cooling,0,9,71.6,59,810,P0,P0,69.8,Auto,Auto,Normal
9/19/2026 19:47,Cooling,OFF,0,140,255,255,255,255,84,0,0,1,78.8,88.7,113,59.9,51.8,64.4,74.3,64.4,51.8,105.8,2.75,244,ON,19,19,560,558,OFF,Cooling,0,0,253,0,Cooling,0,0,70.7,69.8,440,P0,P0,71.6,Auto,Auto,Normal,1,Cooling,0,0,69.8,57.2,440,P0,P0,71.6,Auto,Auto,Normal,2,Cooling,0,9,71.6,50,810,P0,P0,69.8,Auto,Auto,Normal
9/19/2026 19:47,Cooling,OFF,0,140,255,255,255,255,84,0,0,1,77.9,87.8,112.1,60,52.7,51.8,74.3,66.2,51.8,105.8,2.75,246.3,ON,19,19,560,559,OFF,Cooling,0,0,253,0,Cooling,0,0,70.7,70.7,440,P0,P0,71.6,Auto,Auto,Normal,1,Cooling,0,0,69.8,59,440,P0,P0,71.6,Auto,Auto,Normal,2,Cooling,0,9,70.7,50,810,P0,P0,69.8,Auto,Auto,Normal
9/19/2026 19:48,Cooling,OFF,0,140,255,255,255,255,84,0,0,1,78.8,88.7,112.1,61.7,53.6,48.2,71.6,67.1,51.8,105.8,2.75,246.3,ON,19,19,560,558,OFF,Cooling,80,80,253,0,Cooling,0,0,70.7,70.7,440,P0,P0,71.6,Auto,Auto,Normal,1,Cooling,0,0,69.8,59.9,440,P0,P0,71.6,Auto,Auto,Normal,2,Cooling,0,9,70.7,50,810,P0,P0,69.8,Auto,Auto,Normal
9/19/2026 19:48,Cooling,OFF,0,140,255,255,255,255,84,0,0,1,78.8,88.7,112.1,57.2,54.5,49.1,57.2,55.4,52.7,105.8,2.75,244,ON,21,22,560,559,OFF,Cooling,0,0,264,0,Cooling,0,0,70.7,69.8,440,P0,P0,71.6,Auto,Auto,Normal,1,Cooling,0,0,69.8,62.6,440,P0,P0,71.6,Auto,Auto,Normal,2,Cooling,0,9,70.7,51.8,810,P0,P0,69.8,Auto,Auto,Normal
9/19/2026 19:49,Cooling,OFF,0,140,255,255,255,255,84,0,0,1,78.8,89.6,112.1,59,55.4,47.3,64.4,60,51.8,105.8,3.25,244.2,ON,22,22,560,558,OFF,Cooling,0,0,264,0,Cooling,0,0,70.7,68.9,440,P0,P0,71.6,Auto,Auto,Normal,1,Cooling,0,0,70.7,64.4,440,P0,P0,71.6,Auto,Auto,Normal,2,Cooling,0,9,70.7,50,810,P0,P0,69.8,Auto,Auto,Normal
9/19/2026 19:49,Cooling,OFF,0,140,255,255,255,255,84,0,0,1,78.8,90.5,112.1,60,57.2,46.4,67.1,63.5,50.9,105.8,3.25,244.1,ON,22,22,560,559,OFF,Cooling,0,0,264,0,Cooling,0,0,70.7,68,440,P0,P0,71.6,Auto,Auto,Normal,1,Cooling,0,0,70.7,65.3,440,P0,P0,71.6,Auto,Auto,Normal,2,Cooling,0,9,70.7,49.1,810,P0,P0,69.8,Auto,Auto,Normal
9/19/2026 19:50,Cooling,OFF,0,140,255,255,255,255,84,0,0,1,78.8,89.6,111.2,60,57.2,46.4,68,65.3,50.9,105.8,3.25,244.2,ON,22,22,560,559,OFF,Cooling,207,0,264,0,Cooling,0,4,70.7,68.9,770,P0,P0,71.6,Auto,Auto,Normal,1,Cooling,0,0,70.7,67.1,440,P0,P0,71.6,Auto,Auto,Normal,2,Cooling,0,9,70.7,49.1,810,P0,P0,69.8,Auto,Auto,Normal
9/19/2026 19:50,Cooling,OFF,0,140,255,255,255,255,84,0,0,1,78.8,89.6,112.1,61.7,59,50,55.4,66.2,52.7,105.8,3.25,244.1,ON,24,26,560,559,OFF,Cooling,243,0,243,0,Cooling,0,4,70.7,54.5,770,P0,P0,71.6,Auto,Auto,Normal,1,Cooling,0,0,70.7,67.1,440,P0,P0,71.6,Auto,Auto,Normal,2,Cooling,0,9,70.7,52.7,810,P0,P0,69.8,Auto,Auto,Normal
9/19/2026 19:51,Cooling,OFF,0,140,255,255,255,255,84,0,0,1,77.9,91.4,112.1,50.9,55.4,50,54.5,66.2,52.7,105.8,3.75,244.3,ON,26,26,560,558,OFF,Cooling,243,0,243,0,Cooling,0,4,70.7,51.8,770,P0,P0,71.6,Auto,Auto,Normal,1,Cooling,0,0,70.7,68.9,440,P0,P0,71.6,Auto,Auto,Normal,2,Cooling,0,9,70.7,51.8,810,P0,P0,69.8,Auto,Auto,Normal
9/19/2026 19:51,Cooling,OFF,0,140,255,255,255,255,84,0,0,1,78.8,92.3,113,49.1,53.6,50.9,53.6,67.1,51.8,105.8,3.75,244.3,ON,26,26,560,558,OFF,Cooling,243,0,243,0,Cooling,0,4,70.7,50.9,770,P0,P0,71.6,Auto,Auto,Normal,1,Cooling,0,0,70.7,68.9,440,P0,P0,71.6,Auto,Auto,Normal,2,Cooling,0,9,70.7,53.6,810,P0,P0,69.8,Auto,Auto,Normal
9/19/2026 19:52,Cooling,OFF,0,140,255,255,255,255,84,0,0,1,78.8,91.4,113,49.1,52.7,54.5,53.6,68,50.9,105.8,3.75,244.3,ON,26,26,560,559,OFF,Cooling,243,0,243,0,Cooling,0,4,70.7,50,770,P0,P0,71.6,Auto,Auto,Normal,1,Cooling,0,0,70.7,69.8,440,P0,P0,71.6,Auto,Auto,Normal,2,Cooling,0,9,70.7,59,810,P0,P0,69.8,Auto,Auto,Normal
9/19/2026 19:52,Cooling,OFF,0,140,255,255,255,255,84,0,0,1,78.8,91.4,113,48.2,51.8,57.2,51.8,68,50.9,105.8,3.75,244.3,ON,27,29,560,559,OFF,Cooling,251,0,251,0,Cooling,0,2,69.8,50,770,P0,P0,71.6,Auto,Auto,Normal,1,Cooling,0,0,70.7,69.8,440,P0,P0,71.6,Auto,Auto,Normal,2,Cooling,0,9,70.7,59.9,810,P0,P0,69.8,Auto,Auto,Normal
9/19/2026 19:53,Cooling,OFF,0,140,255,255,255,255,84,0,0,1,78.8,91.4,113,47.3,50.9,59,51.8,68,50.9,105.8,2.5,243.9,ON,16,16,560,559,OFF,Cooling,0,0,243,0,Cooling,0,0,69.8,48.2,440,P0,P0,71.6,Auto,Auto,Normal,1,Cooling,0,0,70.7,69.8,440,P0,P0,71.6,Auto,Auto,Normal,2,Cooling,0,9,70.7,62.6,810,P0,P0,69.8,Auto,Auto,Normal
9/19/2026 19:53,Cooling,OFF,0,140,255,255,255,255,84,0,0,1,78.8,88.7,111.2,50,52.7,61.7,59,68,51.8,104.9,2.5,243.9,ON,16,16,560,558,OFF,Cooling,0,0,243,0,Cooling,0,0,69.8,50.9,440,P0,P0,71.6,Auto,Auto,Normal,1,Cooling,0,0,70.7,69.8,440,P0,P0,71.6,Auto,Auto,Normal,2,Cooling,0,9,70.7,57.2,810,P0,P0,69.8,Auto,Auto,Normal
9/19/2026 19:54,Cooling,OFF,0,140,255,255,255,255,84,0,0,1,78.8,87.8,110.3,51.8,53.6,64.4,62.6,68,51.8,104.9,2.5,246.2,ON,16,16,560,559,OFF,Cooling,0,0,243,0,Cooling,0,0,69.8,54.5,440,P0,P0,71.6,Auto,Auto,Normal,1,Cooling,0,0,70.7,69.8,440,P0,P0,71.6,Auto,Auto,Normal,2,Cooling,0,9,70.7,52.7,810,P0,P0,69.8,Auto,Auto,Normal
9/19/2026 19:54,Cooling,OFF,0,140,255,255,255,255,84,0,0,1,78.8,87.8,110.3,53.6,55.4,62.6,64.4,59,51.8,104.9,3,244.1,ON,22,27,560,558,OFF,Cooling,0,246,246,0,Cooling,0,0,69.8,56.3,440,P0,P0,71.6,Auto,Auto,Normal,1,Cooling,0,4,70.7,69.8,770,P0,P0,71.6,Auto,Auto,Normal,2,Cooling,0,9,70.7,52.7,810,P0,P0,69.8,Auto,Auto,Normal
9/19/2026 19:55,Cooling,OFF,0,140,255,255,255,255,84,0,0,1,78.8,89.6,110.3,53.6,59,50.9,66.2,57.2,50.9,104.9,3.75,244.4,ON,27,27,560,559,OFF,Cooling,0,246,246,0,Cooling,0,0,69.8,58.1,440,P0,P0,71.6,Auto,Auto,Normal,1,Cooling,0,4,70.7,57.2,770,P0,P0,71.6,Auto,Auto,Normal,2,Cooling,0,9,70.7,53.6,810,P0,P0,69.8,Auto,Auto,Normal
9/19/2026 19:55,Cooling,OFF,0,140,255,255,255,255,84,0,0,1,78.8,91.4,111.2,54.5,56.3,53.6,68,58.1,50.9,105.8,4,242.1,ON,27,27,560,559,OFF,Cooling,0,246,246,0,Cooling,0,0,69.8,59.9,440,P0,P0,71.6,Auto,Auto,Normal,1,Cooling,0,4,70.7,50.9,770,P0,P0,71.6,Auto,Auto,Normal,2,Cooling,0,9,70.7,61.7,810,P0,P0,69.8,Auto,Auto,Normal
9/19/2026 19:56,Cooling,OFF,0,140,255,255,255,255,84,0,0,1,78.8,92.3,112.1,55.4,48.2,55.4,68,57.2,50.9,105.8,4,244.4,ON,27,27,560,559,OFF,Cooling,0,246,246,0,Cooling,0,0,69.8,61.7,440,P0,P0,71.6,Auto,Auto,Normal,1,Cooling,0,4,70.7,50.9,770,P0,P0,71.6,Auto,Auto,Normal,2,Cooling,0,9,70.7,63.5,810,P0,P0,69.8,Auto,Auto,Normal
9/19/2026 19:56,Cooling,OFF,0,140,255,255,255,255,84,0,0,1,78.8,92.3,113,56.3,47.3,58.1,69.8,57.2,50,105.8,4,242.1,ON,27,30,560,559,OFF,Cooling,0,255,255,0,Cooling,0,0,69.8,63.5,440,P0,P0,71.6,Auto,Auto,Normal,1,Cooling,0,4,70.7,50,770,P0,P0,71.6,Auto,Auto,Normal,2,Cooling,0,9,70.7,64.4,810,P0,P0,69.8,Auto,Auto,Normal
9/19/2026 19:57,Cooling,OFF,0,140,255,255,255,255,84,0,0,1,77.9,92.3,113,56.3,45.5,59.9,69.8,57.2,49.1,105.8,4.25,242.2,ON,30,30,560,559,OFF,Cooling,0,255,255,0,Cooling,0,0,69.8,64.4,440,P0,P0,71.6,Auto,Auto,Normal,1,Cooling,0,2,69.8,49.1,770,P0,P0,71.6,Auto,Auto,Normal,2,Cooling,0,9,70.7,64.4,810,P0,P0,69.8,Auto,Auto,Normal
9/19/2026 19:57,Cooling,OFF,0,140,255,255,255,255,84,0,0,1,78.8,93.2,113.9,56.3,45.5,60,70.7,57.2,48.2,105.8,4.5,242.2,ON,30,30,560,559,OFF,Cooling,0,255,255,0,Cooling,0,0,69.8,66.2,440,P0,P0,71.6,Auto,Auto,Normal,1,Cooling,0,2,69.8,49.1,770,P0,P0,71.6,Auto,Auto,Normal,2,Cooling,0,9,70.7,64.4,810,P0,P0,69.8,Auto,Auto,Normal
9/19/2026 19:58,Cooling,OFF,0,140,255,255,255,255,84,0,0,1,78.8,92.3,113.9,55.4,45.5,60,71.6,57.2,48.2,105.8,4.25,244.5,ON,30,30,560,558,OFF,Cooling,0,255,255,0,Cooling,0,0,69.8,67.1,440,P0,P0,71.6,Auto,Auto,Normal,1,Cooling,0,2,69.8,48.2,770,P0,P0,71.6,Auto,Auto,Normal,2,Cooling,0,9,70.7,64.4,810,P0,P0,69.8,Auto,Auto,Normal
9/19/2026 19:58,Cooling,OFF,0,140,255,255,255,255,84,0,0,1,78.8,92.3,113.9,55.4,47.3,61.7,71.6,55.4,50.9,105.8,2.5,243.9,ON,16,19,560,559,OFF,Cooling,0,0,253,0,Cooling,0,0,69.8,68,440,P0,P0,71.6,Auto,Auto,Normal,1,Cooling,0,0,69.8,49.1,440,P0,P0,71.6,Auto,Auto,Normal,2,Cooling,0,9,70.7,64.4,810,P0,P0,69.8,Auto,Auto,Normal
9/19/2026 19:59,Cooling,OFF,0,140,255,255,255,255,84,0,0,1,78.8,89.6,113,57.2,50,63.5,72.5,61.7,51.8,105.8,2.75,244,ON,19,19,560,558,OFF,Cooling,0,0,253,0,Cooling,0,0,69.8,68.9,440,P0,P0,71.6,Auto,Auto,Normal,1,Cooling,0,0,69.8,53.6,440,P0,P0,71.6,Auto,Auto,Normal,2,Cooling,0,9,70.7,51.8,810,P0,P0,69.8,Auto,Auto,Normal
9/19/2026 19:59,Cooling,OFF,0,140,255,255,255,255,84,0,0,1,77.9,87.8,113,59,50.9,64.4,72.5,64.4,51.8,104.9,2.75,244,ON,19,19,560,558,OFF,Cooling,0,0,253,0,Cooling,0,0,69.8,69.8,440,P0,P0,71.6,Auto,Auto,Normal,1,Cooling,0,0,69.8,57.2,440,P0,P0,71.6,Auto,Auto,Normal,2,Cooling,0,9,70.7,50,810,P0,P0,69.8,Auto,Auto,Normal
9/19/2026 20:00,Cooling,OFF,0,140,255,255,255,255,84,0,0,1,77.9,87.8,112.1,60,52.7,48.2,72.5,67.1,51.8,104.9,2.75,244,ON,19,19,560,559,OFF,Cooling,0,0,265,0,Cooling,0,0,70.7,69.8,440,P0,P0,71.6,Auto,Auto,Normal,1,Cooling,0,0,69.8,59.9,440,P0,P0,71.6,Auto,Auto,Normal,2,Cooling,0,9,70.7,50,810,P0,P0,69.8,Auto,Auto,Normal
9/19/2026 20:01,Cooling,OFF,0,140,255,255,255,255,84,0,0,1,77.9,88.7,112.1,61.7,53.6,47.3,72.5,68,51.8,104.9,3.25,244.1,ON,22,22,560,558,OFF,Cooling,0,0,265,0,Cooling,0,0,70.7,69.8,440,P0,P0,71.6,Auto,Auto,Normal,1,Cooling,0,0,69.8,60,440,P0,P0,71.6,Auto,Auto,Normal,2,Cooling,0,9,70.7,50,810,P0,P0,69.8,Auto,Auto,Normal
9/19/2026 20:01,Cooling,OFF,0,140,255,255,255,255,84,0,0,1,77.9,89.6,112.1,61.7,54.5,46.4,73.4,68.9,51.8,104.9,3.25,241.9,ON,22,22,560,559,OFF,Cooling,0,0,265,0,Cooling,0,0,70.7,69.8,440,P0,P0,71.6,Auto,Auto,Normal,1,Cooling,0,0,69.8,62.6,440,P0,P0,71.6,Auto,Auto,Normal,2,Cooling,0,9,70.7,49.1,810,P0,P0,69.8,Auto,Auto,Normal
9/19/2026 20:02,Cooling,OFF,0,140,255,255,255,255,84,0,0,1,77.9,89.6,112.1,61.7,56.3,46.4,73.4,69.8,51.8,104.9,3.25,244.1,ON,22,22,560,558,OFF,Cooling,0,0,265,0,Cooling,0,0,70.7,69.8,440,P0,P0,71.6,Auto,Auto,Normal,1,Cooling,0,0,69.8,64.4,440,P0,P0,71.6,Auto,Auto,Normal,2,Cooling,0,9,70.7,49.1,810,P0,P0,69.8,Auto,Auto,Normal
9/19/2026 20:02,Cooling,OFF,0,140,255,255,255,255,84,0,0,1,77.9,89.6,112.1,62.6,57.2,45.5,73.4,69.8,51.8,104.9,3.25,241.9,ON,22,22,560,559,OFF,Cooling,0,0,268,0,Cooling,0,0,70.7,70.7,440,P0,P0,71.6,Auto,Auto,Normal,1,Cooling,0,0,70.7,65.3,440,P0,P0,71.6,Auto,Auto,Normal,2,Cooling,0,9,70.7,49.1,810,P0,P0,69.8,Auto,Auto,Normal
9/19/2026 20:03,Cooling,OFF,0,140,255,255,255,255,84,0,0,1,77.9,90.5,112.1,62.6,57.2,44.6,74.3,69.8,50.9,104.9,3.75,242,ON,26,26,560,558,OFF,Cooling,0,0,279,0,Cooling,0,0,70.7,70.7,440,P0,P0,71.6,Auto,Auto,Normal,1,Cooling,0,0,70.7,67.1,440,P0,P0,71.6,Auto,Auto,Normal,2,Cooling,0,9,70.7,47.3,810,P0,P0,69.8,Auto,Auto,Normal
9/19/2026 20:03,Cooling,OFF,0,140,255,255,255,255,84,0,0,1,77.9,91.4,113,62.6,57.2,44.6,74.3,70.7,50.9,105.8,3.75,242,ON,26,26,560,559,OFF,Cooling,0,0,279,0,Cooling,0,0,70.7,70.7,440,P0,P0,71.6,Auto,Auto,Normal,1,Cooling,0,0,70.7,68,440,P0,P0,71.6,Auto,Auto,Normal,2,Cooling,0,9,70.7,47.3,810,P0,P0,69.8,Auto,Auto,Normal
9/19/2026 20:04,Cooling,OFF,0,140,255,255,255,255,84,0,0,1,77.9,91.4,113,62.6,57.2,43.7,74.3,70.7,50.9,105.8,3.75,242,ON,26,26,560,558,OFF,Cooling,0,0,279,0,Cooling,0,0,70.7,70.7,440,P0,P0,71.6,Auto,Auto,Normal,1,Cooling,0,0,70.7,68.9,440,P0,P0,71.6,Auto,Auto,Normal,2,Cooling,0,9,70.7,47.3,810,P0,P0,69.8,Auto,Auto,Normal
9/19/2026 20:04,Cooling,OFF,0,140,255,255,255,255,84,0,0,1,77.9,90.5,113,62.6,57.2,43.7,74.3,71.6,50.9,105.8,3.75,244.3,ON,26,26,560,559,OFF,Cooling,0,0,279,0,Cooling,0,0,70.7,70.7,440,P0,P0,71.6,Auto,Auto,Normal,1,Cooling,0,0,70.7,69.8,440,P0,P0,71.6,Auto,Auto,Normal,2,Cooling,0,9,70.7,46.4,810,P0,P0,69.8,Auto,Auto,Normal
9/19/2026 20:05,Cooling,OFF,0,140,255,255,255,255,84,0,0,1,77.9,91.4,113.9,62.6,57.2,42.8,74.3,71.6,50.9,105.8,4,244.4,ON,28,28,560,559,OFF,Cooling,0,0,285,0,Cooling,0,0,70.7,70.7,440,P0,P0,71.6,Auto,Auto,Normal,1,Cooling,0,0,70.7,69.8,440,P0,P0,71.6,Auto,Auto,Normal,2,Cooling,0,9,70.7,46.4,810,P0,P0,69.8,Auto,Auto,Normal
9/19/2026 20:05,Cooling,OFF,0,140,255,255,255,255,84,0,0,1,77,91.4,113.9,62.6,57.2,42.8,57.2,71.6,50.9,105.8,4,244.4,ON,28,28,560,558,OFF,Cooling,252,0,252,0,Cooling,0,4,70.7,70.7,770,P0,P0,71.6,Auto,Auto,Normal,1,Cooling,0,0,70.7,69.8,440,P0,P0,71.6,Auto,Auto,Normal,2,Cooling,0,7,69.8,46.4,810,P0,P0,69.8,Auto,Auto,Normal
9/19/2026 20:06,Cooling,OFF,0,140,255,255,255,255,84,0,0,1,77,91.4,113.9,54.5,59,48.2,55.4,71.6,51.8,105.8,3.75,246.6,ON,27,27,560,559,OFF,Cooling,247,0,247,0,Cooling,0,4,70.7,50.9,770,P0,P0,71.6,Auto,Auto,Normal,1,Cooling,0,0,70.7,69.8,440,P0,P0,71.6,Auto,Auto,Normal,2,Cooling,0,7,69.8,50.9,810,P0,P0,69.8,Auto,Auto,Normal
9/19/2026 20:06,Cooling,OFF,0,140,255,255,255,255,84,0,0,1,77,91.4,113.9,49.1,53.6,49.1,53.6,71.6,51.8,105.8,3.75,248.9,ON,27,27,560,558,OFF,Cooling,247,0,247,0,Cooling,0,4,70.7,50,770,P0,P0,71.6,Auto,Auto,Normal,1,Cooling,0,0,70.7,69.8,440,P0,P0,71.6,Auto,Auto,Normal,2,Cooling,0,7,69.8,50,810,P0,P0,69.8,Auto,Auto,Normal
9/19/2026 20:07,Cooling,OFF,0,140,255,255,255,255,84,0,0,1,77,91.4,113.9,48.2,51.8,50.9,52.7,70.7,50.9,105.8,3.75,244.4,ON,27,27,560,558,OFF,Cooling,247,0,247,0,Cooling,0,4,70.7,50,770,P0,P0,71.6,Auto,Auto,Normal,1,Cooling,0,0,70.7,69.8,440,P0,P0,71.6,Auto,Auto,Normal,2,Cooling,0,7,69.8,56.3,810,P0,P0,69.8,Auto,Auto,Normal
9/19/2026 20:07,Cooling,OFF,0,140,255,255,255,255,84,0,0,1,77,91.4,113.9,47.3,51.8,52.7,51.8,70.7,50,105.8,4,244.4,ON,27,27,560,558,OFF,Cooling,247,0,247,0,Cooling,0,2,69.8,49.1,770,P0,P0,71.6,Auto,Auto,Normal,1,Cooling,0,0,70.7,69.8,440,P0,P0,71.6,Auto,Auto,Normal,2,Cooling,0,7,69.8,58.1,810,P0,P0,69.8,Auto,Auto,Normal
9/19/2026 20:08,Cooling,OFF,0,140,255,255,255,255,84,0,0,1,77,90.5,113,46.4,50.9,55.4,50.9,70.7,50,105.8,2.75,244.1,ON,16,15,560,558,OFF,Cooling,0,0,240,0,Cooling,0,0,69.8,48.2,440,P0,P0,71.6,Auto,Auto,Normal,1,Cooling,0,4,70.7,69.8,440,P0,P0,71.6,Auto,Auto,Normal,2,Cooling,0,7,69.8,59,810,P0,P0,69.8,Auto,Auto,Normal
9/19/2026 20:08,Cooling,OFF,0,140,255,255,255,255,84,0,0,1,77,88.7,112.1,49.1,53.6,57.2,57.2,54.5,50.9,104.9,3.25,244.1,ON,22,22,560,559,OFF,Cooling,0,233,233,0,Cooling,0,0,69.8,50,440,P0,P0,71.6,Auto,Auto,Normal,1,Cooling,0,4,70.7,69.8,770,P0,P0,71.6,Auto,Auto,Normal,2,Cooling,0,7,69.8,57.2,810,P0,P0,69.8,Auto,Auto,Normal
9/19/2026 20:09,Cooling,OFF,0,140,255,255,255,255,84,0,0,1,77,88.7,112.1,50.9,59.9,60,60,55.4,50.9,104.9,3,244.1,ON,22,22,560,559,OFF,Cooling,0,233,233,0,Cooling,0,0,69.8,53.6,440,P0,P0,71.6,Auto,Auto,Normal,1,Cooling,0,4,70.7,51.8,770,P0,P0,71.6,Auto,Auto,Normal,2,Cooling,0,7,69.8,59.9,810,P0,P0,69.8,Auto,Auto,Normal
9/19/2026 20:09,Cooling,OFF,0,140,255,255,255,255,84,0,0,1,77,88.7,111.2,52.7,61.7,62.6,63.5,55.4,50.9,104.9,3,244.1,ON,22,22,560,558,OFF,Cooling,0,233,233,0,Cooling,0,0,69.8,56.3,440,P0,P0,71.6,Auto,Auto,Normal,1,Cooling,0,4,70.7,50,770,P0,P0,71.6,Auto,Auto,Normal,2,Cooling,0,7,69.8,59.9,810,P0,P0,69.8,Auto,Auto,Normal
9/19/2026 20:10,Cooling,OFF,0,140,255,255,255,255,84,0,0,1,77,88.7,111.2,53.6,50,61.7,66.2,55.4,50.9,104.9,3.25,244.1,ON,22,22,560,558,OFF,Cooling,0,233,233,0,Cooling,0,0,69.8,58.1,440,P0,P0,71.6,Auto,Auto,Normal,1,Cooling,0,4,70.7,50.9,770,P0,P0,71.6,Auto,Auto,Normal,2,Cooling,0,7,69.8,60,810,P0,P0,69.8,Auto,Auto,Normal
9/19/2026 20:10,Cooling,OFF,0,140,255,255,255,255,84,0,0,1,77,88.7,110.3,53.6,49.1,61.7,67.1,55.4,50.9,104.9,3,244.1,ON,22,22,560,559,OFF,Cooling,0,233,233,0,Cooling,0,0,69.8,59,440,P0,P0,71.6,Auto,Auto,Normal,1,Cooling,0,2,69.8,50.9,770,P0,P0,71.6,Auto,Auto,Normal,2,Cooling,0,7,69.8,62.6,810,P0,P0,69.8,Auto,Auto,Normal
9/19/2026 20:11,Cooling,OFF,0,140,255,255,255,255,84,0,0,1,77,87.8,110.3,53.6,49.1,61.7,68,55.4,50.9,104.9,3.25,241.8,ON,22,22,560,559,OFF,Cooling,0,233,233,0,Cooling,0,0,69.8,60,440,P0,P0,71.6,Auto,Auto,Normal,1,Cooling,0,2,69.8,50.9,770,P0,P0,71.6,Auto,Auto,Normal,2,Cooling,0,7,70.7,64.4,810,P0,P0,69.8,Auto,Auto,Normal
9/19/2026 20:11,Cooling,OFF,0,140,255,255,255,255,84,0,0,1,77,88.7,109.4,54.5,49.1,62.6,68.9,55.4,50.9,104.9,3.25,241.8,ON,22,22,560,559,OFF,Cooling,0,233,233,0,Cooling,0,0,69.8,62.6,440,P0,P0,71.6,Auto,Auto,Normal,1,Cooling,0,2,69.8,50.9,770,P0,P0,71.6,Auto,Auto,Normal,2,Cooling,0,7,70.7,64.4,810,P0,P0,69.8,Auto,Auto,Normal
9/19/2026 20:12,Cooling,OFF,0,140,255,255,255,255,84,0,0,1,77,88.7,109.4,55.4,49.1,62.6,69.8,54.5,51.8,104.9,2.25,243.9,ON,15,15,560,559,OFF,Cooling,0,0,242,0,Cooling,0,0,69.8,64.4,440,P0,P0,71.6,Auto,Auto,Normal,1,Cooling,0,0,69.8,50,440,P0,P0,71.6,Auto,Auto,Normal,2,Cooling,0,7,69.8,65.3,810,P0,P0,69.8,Auto,Auto,Normal
9/19/2026 20:12,Cooling,OFF,0,140,255,255,255,255,84,0,0,1,77,87.8,109.4,57.2,50.9,62.6,69.8,59.9,53.6,103.1,2.25,241.5,ON,15,15,560,559,OFF,Cooling,0,0,242,0,Cooling,0,0,69.8,65.3,440,P0,P0,71.6,Auto,Auto,Normal,1,Cooling,0,0,69.8,52.7,440,P0,P0,71.6,Auto,Auto,Normal,2,Cooling,0,7,70.7,57.2,810,P0,P0,69.8,Auto,Auto,Normal
9/19/2026 20:13,Cooling,OFF,0,140,255,255,255,255,84,0,0,1,77,86,108.5,58.1,51.8,64.4,69.8,62.6,52.7,103.1,2.25,243.8,ON,15,15,560,559,OFF,Cooling,0,0,242,0,Cooling,0,0,69.8,67.1,440,P0,P0,71.6,Auto,Auto,Normal,1,Cooling,0,0,69.8,57.2,440,P0,P0,71.6,Auto,Auto,Normal,2,Cooling,0,7,70.7,52.7,810,P0,P0,69.8,Auto,Auto,Normal
9/19/2026 20:13,Cooling,OFF,0,140,255,255,255,255,84,0,0,1,77,86,107.6,59.9,53.6,62.6,70.7,64.4,52.7,103.1,2.25,243.8,ON,15,15,560,559,OFF,Cooling,0,0,242,0,Cooling,0,0,69.8,68,440,P0,P0,71.6,Auto,Auto,Normal,1,Cooling,0,0,69.8,59,440,P0,P0,71.6,Auto,Auto,Normal,2,Cooling,0,7,70.7,52.7,810,P0,P0,69.8,Auto,Auto,Normal
9/19/2026 20:14,Cooling,OFF,0,140,255,255,255,255,84,0,0,1,77,86,107.6,60,54.5,51.8,71.6,66.2,52.7,102.2,2.25,243.8,ON,15,15,560,559,OFF,Cooling,0,0,242,0,Cooling,0,0,69.8,68,440,P0,P0,71.6,Auto,Auto,Normal,1,Cooling,0,0,69.8,61.7,440,P0,P0,71.6,Auto,Auto,Normal,2,Cooling,0,7,70.7,52.7,810,P0,P0,69.8,Auto,Auto,Normal
9/19/2026 20:14,Cooling,OFF,0,140,255,255,255,255,84,0,0,1,76.1,86,106.7,61.7,54.5,50.9,71.6,67.1,53.6,102.2,2.25,243.8,ON,15,15,560,558,OFF,Cooling,0,0,242,0,Cooling,0,0,69.8,68.9,440,P0,P0,71.6,Auto,Auto,Normal,1,Cooling,0,0,69.8,63.5,440,P0,P0,71.6,Auto,Auto,Normal,2,Cooling,0,7,70.7,52.7,810,P0,P0,69.8,Auto,Auto,Normal
9/19/2026 20:15,Cooling,OFF,0,140,255,255,255,255,84,0,0,1,77,86,106.7,61.7,55.4,50.9,72.5,68,53.6,102.2,2.25,243.8,ON,15,15,560,559,OFF,Cooling,0,0,242,0,Cooling,0,0,69.8,69.8,440,P0,P0,71.6,Auto,Auto,Normal,1,Cooling,0,0,69.8,64.4,440,P0,P0,71.6,Auto,Auto,Normal,2,Cooling,0,7,70.7,52.7,810,P0,P0,69.8,Auto,Auto,Normal
9/19/2026 20:15,Cooling,OFF,0,140,255,255,255,255,84,0,0,1,76.1,85.1,105.8,62.6,57.2,50.9,72.5,68,53.6,102.2,2.25,243.8,ON,15,15,560,558,OFF,Cooling,0,0,242,0,Cooling,0,0,69.8,69.8,440,P0,P0,71.6,Auto,Auto,Normal,1,Cooling,0,0,69.8,67.1,440,P0,P0,71.6,Auto,Auto,Normal,2,Cooling,0,7,70.7,52.7,810,P0,P0,69.8,Auto,Auto,Normal
9/19/2026 20:16,Cooling,OFF,0,140,255,255,255,255,84,0,0,1,76.1,85.1,104.9,62.6,58.1,50.9,72.5,68.9,53.6,102.2,2.25,243.8,ON,15,15,560,558,OFF,Cooling,0,0,242,0,Cooling,0,0,69.8,69.8,440,P0,P0,71.6,Auto,Auto,Normal,1,Cooling,0,0,69.8,67.1,440,P0,P0,71.6,Auto,Auto,Normal,2,Cooling,0,7,70.7,52.7,810,P0,P0,69.8,Auto,Auto,Normal
9/19/2026 20:16,Cooling,OFF,0,140,255,255,255,255,84,0,0,1,76.1,85.1,104.9,62.6,59,50.9,72.5,69.8,53.6,102.2,2.25,243.8,ON,15,15,560,559,OFF,Cooling,0,0,242,0,Cooling,0,0,70.7,69.8,440,P0,P0,71.6,Auto,Auto,Normal,1,Cooling,0,0,69.8,68,440,P0,P0,71.6,Auto,Auto,Normal,2,Cooling,0,7,70.7,52.7,810,P0,P0,69.8,Auto,Auto,Normal
9/19/2026 20:17,Cooling,OFF,0,140,255,255,255,255,84,0,0,1,76.1,85.1,104,63.5,60,50.9,72.5,69.8,53.6,101.3,2.25,243.8,ON,15,15,560,559,OFF,Cooling,0,0,242,0,Cooling,0,0,70.7,69.8,440,P0,P0,71.6,Auto,Auto,Normal,1,Cooling,0,0,70.7,68.9,440,P0,P0,71.6,Auto,Auto,Normal,2,Cooling,0,7,70.7,52.7,810,P0,P0,69.8,Auto,Auto,Normal
9/19/2026 20:17,Cooling,OFF,0,140,255,255,255,255,84,0,0,1,76.1,84.2,104,63.5,60,50.9,72.5,69.8,53.6,101.3,2.25,243.8,ON,15,15,560,559,OFF,Cooling,0,0,242,0,Cooling,0,0,70.7,69.8,440,P0,P0,71.6,Auto,Auto,Normal,1,Cooling,0,0,70.7,69.8,440,P0,P0,71.6,Auto,Auto,Normal,2,Cooling,0,7,70.7,52.7,810,P0,P0,69.8,Auto,Auto,Normal
9/19/2026 20:18,Cooling,OFF,0,140,255,255,255,255,84,0,0,1,76.1,85.1,104,64.4,60,50.9,72.5,70.7,53.6,101.3,2.25,243.8,ON,15,15,560,558,OFF,Cooling,0,0,242,0,Cooling,0,0,70.7,70.7,440,P0,P0,71.6,Auto,Auto,Normal,1,Cooling,0,0,70.7,69.8,440,P0,P0,71.6,Auto,Auto,Normal,2,Cooling,0,7,70.7,52.7,810,P0,P0,69.8,Auto,Auto,Normal
9/19/2026 20:18,Cooling,OFF,0,140,255,255,255,255,84,0,0,1,76.1,85.1,104,64.4,61.7,50.9,72.5,70.7,53.6,101.3,2.25,243.8,ON,15,15,560,559,OFF,Cooling,0,0,242,0,Cooling,0,0,70.7,70.7,440,P0,P0,71.6,Auto,Auto,Normal,1,Cooling,0,0,70.7,69.8,440,P0,P0,71.6,Auto,Auto,Normal,2,Cooling,0,7,70.7,52.7,810,P0,P0,69.8,Auto,Auto,Normal
9/19/2026 20:19,Cooling,OFF,0,140,255,255,255,255,84,0,0,1,76.1,85.1,104,64.4,61.7,50.9,73.4,71.6,53.6,101.3,2.25,243.8,ON,15,15,560,559,OFF,Cooling,0,0,242,0,Cooling,0,0,70.7,70.7,440,P0,P0,71.6,Auto,Auto,Normal,1,Cooling,0,0,70.7,69.8,440,P0,P0,71.6,Auto,Auto,Normal,2,Cooling,0,7,70.7,52.7,810,P0,P0,69.8,Auto,Auto,Normal
9/19/2026 20:19,Cooling,OFF,0,140,255,255,255,255,84,0,0,1,76.1,85.1,103.1,64.4,62.6,50.9,73.4,71.6,53.6,101.3,2.25,243.8,ON,15,15,560,558,OFF,Cooling,0,0,242,0,Cooling,0,0,70.7,70.7,440,P0,P0,71.6,Auto,Auto,Normal,1,Cooling,0,0,70.7,69.8,440,P0,P0,71.6,Auto,Auto,Normal,2,Cooling,0,7,70.7,52.7,810,P0,P0,69.8,Auto,Auto,Normal
9/19/2026 20:20,Cooling,OFF,0,140,255,255,255,255,84,0,0,1,76.1,85.1,103.1,64.4,62.6,50.9,73.4,71.6,53.6,101.3,2.25,243.8,ON,15,15,560,559,OFF,Cooling,0,0,242,0,Cooling,0,0,70.7,70.7,440,P0,P0,71.6,Auto,Auto,Normal,1,Cooling,0,0,70.7,69.8,440,P0,P0,71.6,Auto,Auto,Normal,2,Cooling,0,7,70.7,52.7,810,P0,P0,69.8,Auto,Auto,Normal
9/19/2026 20:20,Cooling,OFF,0,140,255,255,255,255,84,0,0,1,76.1,85.1,103.1,65.3,62.6,50.9,73.4,72.5,53.6,99.5,2.25,243.8,ON,15,15,560,558,OFF,Cooling,0,0,242,0,Cooling,0,0,70.7,70.7,440,P0,P0,71.6,Auto,Auto,Normal,1,Cooling,0,0,70.7,69.8,440,P0,P0,71.6,Auto,Auto,Normal,2,Cooling,0,7,70.7,52.7,810,P0,P0,69.8,Auto,Auto,Normal
9/19/2026 20:21,Cooling,OFF,0,140,255,255,255,255,84,0,0,1,76.1,86,103.1,65.3,62.6,50.9,73.4,72.5,53.6,99.5,2.25,243.8,ON,15,15,560,558,OFF,Cooling,0,0,242,0,Cooling,0,4,70.7,71.6,440,P0,P0,71.6,Auto,Auto,Normal,1,Cooling,0,0,70.7,69.8,440,P0,P0,71.6,Auto,Auto,Normal,2,Cooling,0,7,70.7,52.7,810,P0,P0,69.8,Auto,Auto,Normal
9/19/2026 20:21,Cooling,OFF,0,140,255,255,255,255,84,0,0,1,76.1,86,103.1,62.6,62.6,50.9,55.4,72.5,53.6,99.5,3,241.8,ON,22,22,560,559,OFF,Cooling,236,0,236,0,Cooling,0,4,70.7,62.6,770,P0,P0,71.6,Auto,Auto,Normal,1,Cooling,0,0,70.7,69.8,440,P0,P0,71.6,Auto,Auto,Normal,2,Cooling,0,7,70.7,52.7,810,P0,P0,69.8,Auto,Auto,Normal
9/19/2026 20:22,Cooling,OFF,0,140,255,255,255,255,84,0,0,1,76.1,87.8,103.1,53.6,60,51.8,55.4,71.6,53.6,99.5,3,244.1,ON,26,26,560,559,OFF,Cooling,213,166,236,0,Cooling,0,4,70.7,52.7,770,P0,P0,71.6,Auto,Auto,Normal,1,Cooling,0,4,70.7,69.8,770,P0,P0,71.6,Auto,Auto,Normal,2,Cooling,0,7,70.7,53.6,810,P0,P0,69.8,Auto,Auto,Normal
9/19/2026 20:22,Cooling,OFF,0,140,255,255,255,255,84,0,0,1,76.1,88.7,104,51.8,59.9,51.8,54.5,56.3,52.7,101.3,3.5,244.3,ON,26,26,560,559,OFF,Cooling,213,213,213,0,Cooling,0,4,70.7,51.8,770,P0,P0,71.6,Auto,Auto,Normal,1,Cooling,0,4,70.7,69.8,770,P0,P0,71.6,Auto,Auto,Normal,2,Cooling,0,7,70.7,55.4,810,P0,P0,69.8,Auto,Auto,Normal
9/19/2026 20:23,Cooling,OFF,0,140,255,255,255,255,84,0,0,1,76.1,89.6,104,51.8,60,53.6,54.5,56.3,53.6,101.3,3.5,244.3,ON,26,26,560,559,OFF,Cooling,213,213,213,0,Cooling,0,4,70.7,52.7,770,P0,P0,71.6,Auto,Auto,Normal,1,Cooling,0,4,70.7,53.6,770,P0,P0,71.6,Auto,Auto,Normal,2,Cooling,0,7,70.7,62.6,810,P0,P0,69.8,Auto,Auto,Normal
9/19/2026 20:23,Cooling,OFF,0,140,255,255,255,255,84,0,0,1,77,89.6,104.9,51.8,60,55.4,54.5,56.3,53.6,101.3,3.5,244.3,ON,26,26,560,559,OFF,Cooling,213,213,213,0,Cooling,0,2,69.8,52.7,770,P0,P0,71.6,Auto,Auto,Normal,1,Cooling,0,4,70.7,52.7,770,P0,P0,71.6,Auto,Auto,Normal,2,Cooling,0,7,70.7,65.3,810,P0,P0,69.8,Auto,Auto,Normal
9/19/2026 20:24,Cooling,OFF,0,140,255,255,255,255,84,0,0,1,77,90.5,104.9,51.8,57.2,57.2,53.6,55.4,52.7,101.3,3.5,244.3,ON,23,22,560,559,OFF,Cooling,0,227,213,0,Cooling,0,0,69.8,51.8,440,P0,P0,71.6,Auto,Auto,Normal,1,Cooling,0,4,70.7,52.7,770,P0,P0,71.6,Auto,Auto,Normal,2,Cooling,0,7,70.7,67.1,810,P0,P0,69.8,Auto,Auto,Normal
9/19/2026 20:24,Cooling,OFF,0,140,255,255,255,255,84,0,0,1,77,89.6,104.9,51.8,50.9,59,57.2,56.3,52.7,101.3,3,244.1,ON,22,22,560,559,OFF,Cooling,0,234,234,0,Cooling,0,0,69.8,52.7,440,P0,P0,71.6,Auto,Auto,Normal,1,Cooling,0,4,70.7,52.7,770,P0,P0,71.6,Auto,Auto,Normal,2,Cooling,0,7,70.7,66.2,810,P0,P0,69.8,Auto,Auto,Normal
9/19/2026 20:25,Cooling,OFF,0,140,255,255,255,255,84,0,0,1,77,88.7,104,51.8,50,60,62.6,56.3,51.8,101.3,3,244.1,ON,22,22,560,559,OFF,Cooling,0,234,234,0,Cooling,0,0,69.8,54.5,440,P0,P0,71.6,Auto,Auto,Normal,1,Cooling,0,2,69.8,51.8,770,P0,P0,71.6,Auto,Auto,Normal,2,Cooling,0,7,70.7,64.4,810,P0,P0,69.8,Auto,Auto,Normal
9/19/2026 20:25,Cooling,OFF,0,140,255,255,255,255,84,0,0,1,76.1,87.8,104,52.7,50,61.7,64.4,56.3,51.8,101.3,3,244.1,ON,22,22,560,558,OFF,Cooling,0,234,234,0,Cooling,0,0,69.8,57.2,440,P0,P0,71.6,Auto,Auto,Normal,1,Cooling,0,2,69.8,51.8,770,P0,P0,71.6,Auto,Auto,Normal,2,Cooling,0,7,70.7,64.4,810,P0,P0,69.8,Auto,Auto,Normal
9/19/2026 20:26,Cooling,OFF,0,140,255,255,255,255,84,0,0,1,76.1,87.8,104,52.7,50,62.6,66.2,56.3,51.8,101.3,3,244.1,ON,22,22,560,558,OFF,Cooling,0,234,234,0,Cooling,0,0,69.8,59.9,440,P0,P0,71.6,Auto,Auto,Normal,1,Cooling,0,2,69.8,51.8,770,P0,P0,71.6,Auto,Auto,Normal,2,Cooling,0,7,70.7,64.4,810,P0,P0,69.8,Auto,Auto,Normal
9/19/2026 20:26,Cooling,OFF,0,140,255,255,255,255,84,0,0,1,76.1,87.8,104,53.6,49.1,62.6,68,55.4,51.8,101.3,2.5,243.9,ON,14,14,560,558,OFF,Cooling,0,0,240,0,Cooling,0,0,69.8,62.6,440,P0,P0,71.6,Auto,Auto,Normal,1,Cooling,0,0,69.8,50.9,440,P0,P0,71.6,Auto,Auto,Normal,2,Cooling,0,7,70.7,65.3,810,P0,P0,69.8,Auto,Auto,Normal
9/19/2026 20:27,Cooling,OFF,0,140,255,255,255,255,84,0,0,1,76.1,86.9,104,54.5,51.8,62.6,68,59,53.6,99.5,2.25,243.8,ON,14,14,560,559,OFF,Cooling,0,0,240,0,Cooling,0,0,69.8,64.4,440,P0,P0,71.6,Auto,Auto,Normal,1,Cooling,0,0,69.8,52.7,440,P0,P0,71.6,Auto,Auto,Normal,2,Cooling,0,7,70.7,62.6,810,P0,P0,69.8,Auto,Auto,Normal
9/19/2026 20:27,Cooling,OFF,0,140,255,255,255,255,84,0,0,1,76.1,84.2,104,55.4,52.7,64.4,69.8,62.6,53.6,99.5,2,243.8,ON,14,14,560,559,OFF,Cooling,0,0,240,0,Cooling,0,0,69.8,66.2,440,P0,P0,71.6,Auto,Auto,Normal,1,Cooling,0,0,69.8,57.2,440,P0,P0,71.6,Auto,Auto,Normal,2,Cooling,0,7,70.7,55.4,810,P0,P0,69.8,Auto,Auto,Normal
9/19/2026 20:28,Cooling,OFF,0,140,255,255,255,255,84,0,0,1,76.1,84.2,103.1,57.2,53.6,61.7,69.8,64.4,53.6,99.5,2,246.1,ON,14,14,560,559,OFF,Cooling,0,0,240,0,Cooling,0,0,69.8,67.1,440,P0,P0,71.6,Auto,Auto,Normal,1,Cooling,0,0,69.8,59,440,P0,P0,71.6,Auto,Auto,Normal,2,Cooling,0,7,70.7,53.6,810,P0,P0,69.8,Auto,Auto,Normal
9/19/2026 20:28,Cooling,OFF,0,140,255,255,255,255,84,0,0,1,76.1,84.2,103.1,59,54.5,51.8,69.8,66.2,53.6,99.5,2,246.1,ON,14,14,560,558,OFF,Cooling,0,0,240,0,Cooling,0,0,69.8,68,440,P0,P0,71.6,Auto,Auto,Normal,1,Cooling,0,0,69.8,62.6,440,P0,P0,71.6,Auto,Auto,Normal,2,Cooling,0,7,70.7,53.6,810,P0,P0,69.8,Auto,Auto,Normal
9/19/2026 20:29,Cooling,OFF,0,140,255,255,255,255,84,0,0,1,76.1,84.2,102.2,60,55.4,51.8,70.7,66.2,53.6,99.5,2,246.1,ON,14,14,560,558,OFF,Cooling,0,0,240,0,Cooling,0,0,69.8,68.9,440,P0,P0,71.6,Auto,Auto,Normal,1,Cooling,0,0,69.8,64.4,440,P0,P0,71.6,Auto,Auto,Normal,2,Cooling,0,7,70.7,53.6,810,P0,P0,69.8,Auto,Auto,Normal
9/19/2026 20:29,Cooling,OFF,0,140,255,255,255,255,84,0,0,1,76.1,84.2,102.2,60,55.4,51.8,71.6,67.1,53.6,99.5,2,246.1,ON,14,14,560,559,OFF,Cooling,0,0,240,0,Cooling,0,0,69.8,69.8,440,P0,P0,71.6,Auto,Auto,Normal,1,Cooling,0,0,69.8,66.2,440,P0,P0,71.6,Auto,Auto,Normal,2,Cooling,0,7,70.7,53.6,810,P0,P0,69.8,Auto,Auto,Normal
9/19/2026 20:30,Cooling,OFF,0,140,255,255,255,255,84,0,0,1,76.1,83.3,101.3,61.7,57.2,51.8,71.6,68,53.6,99.5,2,246.1,ON,14,14,560,559,OFF,Cooling,0,0,240,0,Cooling,0,0,69.8,69.8,440,P0,P0,71.6,Auto,Auto,Normal,1,Cooling,0,0,69.8,67.1,440,P0,P0,71.6,Auto,Auto,Normal,2,Cooling,0,7,70.7,53.6,810,P0,P0,69.8,Auto,Auto,Normal
9/19/2026 20:30,Cooling,OFF,0,140,255,255,255,255,84,0,0,1,75.2,83.3,101.3,62.6,58.1,51.8,72.5,68,53.6,99.5,2,243.8,ON,14,14,560,559,OFF,Cooling,0,0,240,0,Cooling,0,0,70.7,69.8,440,P0,P0,71.6,Auto,Auto,Normal,1,Cooling,0,0,70.7,68,440,P0,P0,71.6,Auto,Auto,Normal,2,Cooling,0,7,70.7,53.6,810,P0,P0,69.8,Auto,Auto,Normal
9/19/2026 20:31,Cooling,OFF,0,140,255,255,255,255,84,0,0,1,75.2,83.3,101.3,62.6,59.9,51.8,72.5,68.9,53.6,98.6,2,246.1,ON,14,14,560,559,OFF,Cooling,0,0,240,0,Cooling,0,0,70.7,69.8,440,P0,P0,71.6,Auto,Auto,Normal,1,Cooling,0,0,70.7,68.9,440,P0,P0,71.6,Auto,Auto,Normal,2,Cooling,0,7,70.7,53.6,810,P0,P0,69.8,Auto,Auto,Normal
9/19/2026 20:31,Cooling,OFF,0,140,255,255,255,255,84,0,0,1,75.2,83.3,100.4,62.6,60,50.9,72.5,69.8,53.6,98.6,2,246.1,ON,14,14,560,559,OFF,Cooling,0,0,240,0,Cooling,0,0,70.7,69.8,440,P0,P0,71.6,Auto,Auto,Normal,1,Cooling,0,0,70.7,68.9,440,P0,P0,71.6,Auto,Auto,Normal,2,Cooling,0,7,70.7,53.6,810,P0,P0,69.8,Auto,Auto,Normal
9/19/2026 20:32,Cooling,OFF,0,140,255,255,255,255,84,0,0,1,76.1,84.2,100.4,63.5,60,50.9,72.5,69.8,53.6,98.6,2,246.1,ON,14,14,560,559,OFF,Cooling,0,0,240,0,Cooling,0,0,70.7,69.8,440,P0,P0,71.6,Auto,Auto,Normal,1,Cooling,0,0,70.7,69.8,440,P0,P0,71.6,Auto,Auto,Normal,2,Cooling,0,7,70.7,53.6,810,P0,P0,69.8,Auto,Auto,Normal
9/19/2026 20:32,Cooling,OFF,0,140,255,255,255,255,84,0,0,1,75.2,83.3,100.4,64.4,61.7,50.9,72.5,69.8,53.6,98.6,2,243.8,ON,14,14,560,559,OFF,Cooling,0,0,240,0,Cooling,0,0,70.7,70.7,440,P0,P0,71.6,Auto,Auto,Normal,1,Cooling,0,0,70.7,69.8,440,P0,P0,71.6,Auto,Auto,Normal,2,Cooling,0,7,70.7,53.6,810,P0,P0,69.8,Auto,Auto,Normal
9/19/2026 20:33,Cooling,OFF,0,140,255,255,255,255,84,0,0,1,76.1,83.3,99.5,64.4,61.7,50.9,72.5,70.7,53.6,98.6,2,246.1,ON,14,14,560,559,OFF,Cooling,0,0,240,0,Cooling,0,0,70.7,70.7,440,P0,P0,71.6,Auto,Auto,Normal,1,Cooling,0,0,70.7,69.8,440,P0,P0,71.6,Auto,Auto,Normal,2,Cooling,0,7,70.7,53.6,810,P0,P0,69.8,Auto,Auto,Normal
9/19/2026 20:33,Cooling,OFF,0,140,255,255,255,255,84,0,0,1,75.2,83.3,99.5,64.4,62.6,50.9,72.5,70.7,53.6,98.6,2,243.8,ON,14,14,560,559,OFF,Cooling,0,0,240,0,Cooling,0,0,70.7,70.7,440,P0,P0,71.6,Auto,Auto,Normal,1,Cooling,0,0,70.7,69.8,440,P0,P0,71.6,Auto,Auto,Normal,2,Cooling,0,7,70.7,53.6,810,P0,P0,69.8,Auto,Auto,Normal
9/19/2026 20:34,Cooling,OFF,0,140,255,255,255,255,84,0,0,1,75.2,83.3,99.5,64.4,62.6,50.9,72.5,70.7,53.6,98.6,2,246.1,ON,14,14,560,558,OFF,Cooling,0,0,240,0,Cooling,0,0,70.7,70.7,440,P0,P0,71.6,Auto,Auto,Normal,1,Cooling,0,0,70.7,69.8,440,P0,P0,71.6,Auto,Auto,Normal,2,Cooling,0,7,70.7,53.6,810,P0,P0,69.8,Auto,Auto,Normal
9/19/2026 20:34,Cooling,OFF,0,140,255,255,255,255,84,0,0,1,75.2,83.3,99.5,64.4,62.6,50.9,73.4,71.6,53.6,98.6,2,243.8,ON,14,14,560,558,OFF,Cooling,0,0,240,0,Cooling,0,0,70.7,70.7,440,P0,P0,71.6,Auto,Auto,Normal,1,Cooling,0,0,70.7,69.8,440,P0,P0,71.6,Auto,Auto,Normal,2,Cooling,0,7,70.7,53.6,810,P0,P0,69.8,Auto,Auto,Normal
9/19/2026 20:35,Cooling,OFF,0,140,255,255,255,255,84,0,0,1,76.1,83.3,99.5,65.3,62.6,50.9,73.4,71.6,53.6,98.6,2,243.8,ON,14,14,560,559,OFF,Cooling,0,0,240,0,Cooling,0,0,70.7,70.7,440,P0,P0,71.6,Auto,Auto,Normal,1,Cooling,0,0,70.7,69.8,440,P0,P0,71.6,Auto,Auto,Normal,2,Cooling,0,7,70.7,53.6,810,P0,P0,69.8,Auto,Auto,Normal
9/19/2026 20:35,Cooling,OFF,0,140,255,255,255,255,84,0,0,1,76.1,85.1,99.5,60,62.6,50.9,55.4,66.2,53.6,98.6,3.5,244.1,ON,26,26,560,559,OFF,Cooling,213,213,213,0,Cooling,0,4,70.7,63.5,770,P0,P0,71.6,Auto,Auto,Normal,1,Cooling,0,4,70.7,69.8,770,P0,P0,71.6,Auto,Auto,Normal,2,Cooling,0,7,70.7,53.6,810,P0,P0,69.8,Auto,Auto,Normal
9/19/2026 20:36,Cooling,OFF,0,140,255,255,255,255,84,0,0,1,76.1,87.8,101.3,53.6,62.6,51.8,55.4,57.2,53.6,98.6,3.5,244.2,ON,26,26,560,558,OFF,Cooling,213,213,213,0,Cooling,0,4,70.7,53.6,770,P0,P0,71.6,Auto,Auto,Normal,1,Cooling,0,4,70.7,69.8,770,P0,P0,71.6,Auto,Auto,Normal,2,Cooling,0,7,70.7,54.5,810,P0,P0,69.8,Auto,Auto,Normal
9/19/2026 20:36,Cooling,OFF,0,140,255,255,255,255,84,0,0,1,76.1,88.7,102.2,52.7,60,52.7,55.4,57.2,53.6,98.6,3.5,246.5,ON,26,26,560,559,OFF,Cooling,213,213,213,0,Cooling,0,4,70.7,53.6,770,P0,P0,71.6,Auto,Auto,Normal,1,Cooling,0,4,70.7,53.6,770,P0,P0,71.6,Auto,Auto,Normal,2,Cooling,0,7,70.7,62.6,810,P0,P0,69.8,Auto,Auto,Normal
9/19/2026 20:37,Cooling,OFF,0,140,255,255,255,255,84,0,0,1,76.1,88.7,103.1,51.8,57.2,55.4,54.5,56.3,53.6,98.6,3.5,244.2,ON,26,26,560,559,OFF,Cooling,213,213,213,0,Cooling,0,4,70.7,52.7,770,P0,P0,71.6,Auto,Auto,Normal,1,Cooling,0,4,70.7,53.6,770,P0,P0,71.6,Auto,Auto,Normal,2,Cooling,0,7,70.7,66.2,810,P0,P0,69.8,Auto,Auto,Normal
9/19/2026 20:37,Cooling,OFF,0,140,255,255,255,255,84,0,0,1,76.1,89.6,104,51.8,51.8,57.2,53.6,56.3,53.6,98.6,3.5,244.2,ON,26,26,560,559,OFF,Cooling,213,213,213,0,Cooling,0,2,69.8,52.7,770,P0,P0,71.6,Auto,Auto,Normal,1,Cooling,0,4,70.7,52.7,770,P0,P0,71.6,Auto,Auto,Normal,2,Cooling,0,7,70.7,66.2,810,P0,P0,69.8,Auto,Auto,Normal
9/19/2026 20:38,Cooling,OFF,0,140,255,255,255,255,84,0,0,1,76.1,88.7,104,50.9,50.9,59,52.7,55.4,51.8,99.5,3.5,244.3,ON,26,26,560,559,OFF,Cooling,213,213,213,0,Cooling,0,2,69.8,51.8,770,P0,P0,71.6,Auto,Auto,Normal,1,Cooling,0,4,70.7,52.7,770,P0,P0,71.6,Auto,Auto,Normal,2,Cooling,0,7,70.7,66.2,810,P0,P0,69.8,Auto,Auto,Normal
9/19/2026 20:38,Cooling,OFF,0,140,255,255,255,255,84,0,0,1,76.1,88.7,104,50.9,50.9,60,54.5,56.3,51.8,98.6,3,246.4,ON,22,22,560,558,OFF,Cooling,0,236,236,0,Cooling,0,0,69.8,50.9,440,P0,P0,71.6,Auto,Auto,Normal,1,Cooling,0,4,70.7,52.7,770,P0,P0,71.6,Auto,Auto,Normal,2,Cooling,0,7,70.7,66.2,810,P0,P0,69.8,Auto,Auto,Normal
9/19/2026 20:39,Cooling,OFF,0,140,255,255,255,255,84,0,0,1,76.1,87.8,103.1,51.8,50.9,62.6,59.9,56.3,51.8,98.6,3,246.4,ON,22,22,560,559,OFF,Cooling,0,236,236,0,Cooling,0,0,69.8,54.5,440,P0,P0,71.6,Auto,Auto,Normal,1,Cooling,0,2,69.8,52.7,770,P0,P0,71.6,Auto,Auto,Normal,2,Cooling,0,7,70.7,64.4,810,P0,P0,69.8,Auto,Auto,Normal
9/19/2026 20:39,Cooling,OFF,0,140,255,255,255,255,84,0,0,1,76.1,86.9,103.1,51.8,50,62.6,62.6,56.3,51.8,98.6,3,246.4,ON,22,22,560,558,OFF,Cooling,0,236,236,0,Cooling,0,0,69.8,57.2,440,P0,P0,71.6,Auto,Auto,Normal,1,Cooling,0,2,69.8,51.8,770,P0,P0,71.6,Auto,Auto,Normal,2,Cooling,0,7,70.7,65.3,810,P0,P0,69.8,Auto,Auto,Normal
9/19/2026 20:40,Cooling,OFF,0,140,255,255,255,255,84,0,0,1,76.1,86.9,103.1,52.7,49.1,62.6,63.5,55.4,50.9,98.6,3,246.4,ON,22,22,560,558,OFF,Cooling,0,236,236,0,Cooling,0,0,69.8,59.9,440,P0,P0,71.6,Auto,Auto,Normal,1,Cooling,0,2,69.8,50.9,770,P0,P0,71.6,Auto,Auto,Normal,2,Cooling,0,9,71.6,65.3,810,P0,P0,69.8,Auto,Auto,Normal
9/19/2026 20:40,Cooling,OFF,0,140,255,255,255,255,84,0,0,1,76.1,86.9,103.1,53.6,50,62.6,64.4,55.4,52.7,98.6,2.5,246.2,ON,17,17,560,558,OFF,Cooling,0,0,252,0,Cooling,0,0,69.8,62.6,440,P0,P0,71.6,Auto,Auto,Normal,1,Cooling,0,0,69.8,50.9,440,P0,P0,71.6,Auto,Auto,Normal,2,Cooling,0,9,71.6,64.4,810,P0,P0,69.8,Auto,Auto,Normal
9/19/2026 20:41,Cooling,OFF,0,140,255,255,255,255,84,0,0,1,76.1,86,103.1,54.5,50.9,64.4,66.2,59,52.7,98.6,2.5,246.2,ON,17,17,560,559,OFF,Cooling,0,0,252,0,Cooling,0,0,69.8,64.4,440,P0,P0,71.6,Auto,Auto,Normal,1,Cooling,0,0,69.8,53.6,440,P0,P0,71.6,Auto,Auto,Normal,2,Cooling,0,9,71.6,53.6,810,P0,P0,69.8,Auto,Auto,Normal
9/19/2026 20:41,Cooling,OFF,0,140,255,255,255,255,84,0,0,1,76.1,85.1,102.2,56.3,51.8,62.6,67.1,61.7,51.8,98.6,2.5,246.2,ON,17,17,560,558,OFF,Cooling,0,0,252,0,Cooling,0,0,69.8,66.2,440,P0,P0,71.6,Auto,Auto,Normal,1,Cooling,0,0,69.8,57.2,440,P0,P0,71.6,Auto,Auto,Normal,2,Cooling,0,9,71.6,52.7,810,P0,P0,69.8,Auto,Auto,Normal
9/19/2026 20:42,Cooling,OFF,0,140,255,255,255,255,84,0,0,1,76.1,85.1,102.2,58.1,52.7,50.9,68,63.5,51.8,98.6,2.5,246.2,ON,17,17,560,558,OFF,Cooling,0,0,252,0,Cooling,0,0,69.8,67.1,440,P0,P0,71.6,Auto,Auto,Normal,1,Cooling,0,0,69.8,60,440,P0,P0,71.6,Auto,Auto,Normal,2,Cooling,0,9,71.6,51.8,810,P0,P0,69.8,Auto,Auto,Normal
9/19/2026 20:42,Cooling,OFF,0,140,255,255,255,255,84,0,0,1,76.1,85.1,102.2,59,53.6,49.1,68,64.4,51.8,98.6,2.75,246.3,ON,20,20,560,558,OFF,Cooling,0,0,263,0,Cooling,0,0,69.8,68,440,P0,P0,71.6,Auto,Auto,Normal,1,Cooling,0,0,69.8,63.5,440,P0,P0,71.6,Auto,Auto,Normal,2,Cooling,0,9,70.7,50.9,810,P0,P0,69.8,Auto,Auto,Normal
9/19/2026 20:43,Cooling,OFF,0,140,255,255,255,255,84,0,0,1,76.1,86,103.1,59.9,53.6,48.2,68,65.3,51.8,98.6,2.75,246.3,ON,20,20,560,558,OFF,Cooling,0,0,263,0,Cooling,0,0,69.8,68.9,440,P0,P0,71.6,Auto,Auto,Normal,1,Cooling,0,0,69.8,66.2,440,P0,P0,71.6,Auto,Auto,Normal,2,Cooling,0,9,70.7,50,810,P0,P0,69.8,Auto,Auto,Normal
9/19/2026 20:43,Cooling,OFF,0,140,255,255,255,255,84,0,0,1,76.1,86,103.1,60,53.6,47.3,68.9,66.2,51.8,98.6,2.75,246.3,ON,20,20,560,558,OFF,Cooling,0,0,263,0,Cooling,0,0,69.8,69.8,440,P0,P0,71.6,Auto,Auto,Normal,1,Cooling,0,0,70.7,67.1,440,P0,P0,71.6,Auto,Auto,Normal,2,Cooling,0,9,70.7,50,810,P0,P0,69.8,Auto,Auto,Normal
9/19/2026 20:44,Cooling,OFF,0,140,255,255,255,255,84,0,0,1,76.1,86.9,103.1,60,55.4,47.3,69.8,66.2,51.8,98.6,2.75,246.3,ON,20,20,560,559,OFF,Cooling,0,0,263,0,Cooling,0,0,69.8,69.8,440,P0,P0,71.6,Auto,Auto,Normal,1,Cooling,0,0,70.7,68,440,P0,P0,71.6,Auto,Auto,Normal,2,Cooling,0,9,70.7,50,810,P0,P0,69.8,Auto,Auto,Normal
9/19/2026 20:44,Cooling,OFF,0,140,255,255,255,255,84,0,0,1,76.1,86.9,104,60,57.2,47.3,69.8,66.2,51.8,98.6,3,246.4,ON,22,22,560,558,OFF,Cooling,0,0,269,0,Cooling,0,0,70.7,69.8,440,P0,P0,71.6,Auto,Auto,Normal,1,Cooling,0,0,70.7,68.9,440,P0,P0,71.6,Auto,Auto,Normal,2,Cooling,0,9,70.7,50,810,P0,P0,69.8,Auto,Auto,Normal
9/19/2026 20:45,Cooling,OFF,0,140,255,255,255,255,84,0,0,1,76.1,87.8,104,61.7,57.2,46.4,69.8,67.1,50.9,98.6,3,246.4,ON,22,22,560,559,OFF,Cooling,0,0,269,0,Cooling,0,0,70.7,69.8,440,P0,P0,71.6,Auto,Auto,Normal,1,Cooling,0,0,70.7,68.9,440,P0,P0,71.6,Auto,Auto,Normal,2,Cooling,0,9,70.7,49.1,810,P0,P0,69.8,Auto,Auto,Normal
9/19/2026 20:45,Cooling,OFF,0,140,255,255,255,255,84,0,0,1,76.1,87.8,104,61.7,58.1,45.5,69.8,68,50.9,98.6,3,246.4,ON,22,22,560,558,OFF,Cooling,0,0,269,0,Cooling,0,0,70.7,69.8,440,P0,P0,71.6,Auto,Auto,Normal,1,Cooling,0,0,70.7,69.8,440,P0,P0,71.6,Auto,Auto,Normal,2,Cooling,0,7,69.8,49.1,810,P0,P0,69.8,Auto,Auto,Normal
9/19/2026 20:46,Cooling,OFF,0,140,255,255,255,255,84,0,0,1,76.1,87.8,104,61.7,58.1,46.4,70.7,68,50.9,98.6,3,246.4,ON,21,21,560,558,OFF,Cooling,0,0,263,0,Cooling,0,0,70.7,69.8,440,P0,P0,71.6,Auto,Auto,Normal,1,Cooling,0,0,70.7,69.8,440,P0,P0,71.6,Auto,Auto,Normal,2,Cooling,0,7,69.8,49.1,810,P0,P0,69.8,Auto,Auto,Normal
9/19/2026 20:46,Cooling,OFF,0,140,255,255,255,255,84,0,0,1,76.1,86.9,104,62.6,59,46.4,70.7,68,50.9,98.6,3,246.4,ON,21,21,560,559,OFF,Cooling,0,0,263,0,Cooling,0,0,70.7,70.7,440,P0,P0,71.6,Auto,Auto,Normal,1,Cooling,0,0,70.7,69.8,440,P0,P0,71.6,Auto,Auto,Normal,2,Cooling,0,7,70.7,49.1,810,P0,P0,69.8,Auto,Auto,Normal
9/19/2026 20:47,Cooling,OFF,0,140,255,255,255,255,84,0,0,1,76.1,86.9,104,62.6,59,46.4,70.7,68,50.9,98.6,3,246.4,ON,21,21,560,558,OFF,Cooling,0,0,263,0,Cooling,0,0,70.7,70.7,440,P0,P0,71.6,Auto,Auto,Normal,1,Cooling,0,0,70.7,69.8,440,P0,P0,71.6,Auto,Auto,Normal,2,Cooling,0,7,70.7,50,810,P0,P0,69.8,Auto,Auto,Normal
9/19/2026 20:47,Cooling,OFF,0,140,255,255,255,255,84,0,0,1,76.1,86.9,104,62.6,59,46.4,71.6,68.9,50.9,98.6,3,246.4,ON,21,21,560,559,OFF,Cooling,0,0,263,0,Cooling,0,0,70.7,70.7,440,P0,P0,71.6,Auto,Auto,Normal,1,Cooling,0,0,70.7,69.8,440,P0,P0,71.6,Auto,Auto,Normal,2,Cooling,0,7,70.7,49.1,810,P0,P0,69.8,Auto,Auto,Normal
